{
  "type": "FeatureCollection",
  "features": [
    {
      "type": "Feature",
      "id": "way/141970362",
      "geometry": {
        "type": "Polygon",
        "coordinates": [
          [
            [
              142.3569,
              43.764056
            ],
            [
              142.356863,
              43.763988
            ],
            [
              142.356651,
              43.763601
            ],
            [
              142.356877,
              43.763536
            ],
            [
              142.356857,
              43.763499
            ],
            [
              142.35711,
              43.763426
            ],
            [
              142.356857,
              43.762966
            ],
            [
              142.357132,
              43.762887
            ],
            [
              142.357514,
              43.762777
            ],
            [
              142.357773,
              43.763247
            ],
            [
              142.357671,
              43.763276
            ],
            [
              142.357754,
              43.763426
            ],
            [
              142.358233,
              43.764297
            ],
            [
              142.358117,
              43.76433
            ],
            [
              142.357204,
              43.764592
            ],
            [
              142.357075,
              43.764357
            ],
            [
              142.357015,
              43.764374
            ],
            [
              142.356849,
              43.764071
            ],
            [
              142.3569,
              43.764056
            ]
          ]
        ]
      },
      "properties": {
        "id": "way/141970362",
        "osm_id": 141970362,
        "osm_type": "way",
        "name": "イオンモール旭川駅前",
        "name_en": "AEON Mall Asahikawa Station",
        "lat": 43.763684,
        "lon": 142.357442,
        "brand": "イオン",
        "brand_wikidata": "Q305335",
        "mall_type": "イオンモール",
        "prefecture": "北海道",
        "city": "旭川市",
        "address": "北海道旭川市宮下通",
        "website": "https://asahikawaekimae-aeonmall.com/",
        "opening_hours": "Mo-Su,PH 09:00-22:00 \"店舗により異なる\"",
        "phone": "",
        "opening_year": "2015年3月27日（イオンモール旭川駅前の核店舗として開業）",
        "area": "商業施設面積: 約28,800㎡",
        "former_building": "新規開発（旭川エスタ・旭川ターミナルホテル跡地）",
        "demand_and_features": "JR旭川駅北口直結という超一等地に誕生した「イオンモール旭川駅前」の核店舗であるイオンスタイル。駅周辺再開発計画「北彩都あさひかわ」の目玉として開業。旭川市内だけでなく周辺町村からの鉄道・バス利用者や、国内外の観光客をターゲットとし、高品質な地元食材や惣菜、化粧品、アパレルを豊富にラインナップ。都市利便性と広域観光需要が交差する。",
        "source": "OpenStreetMap",
        "priority": 2,
        "building_height_est_m": 22.0,
        "site_area_m2": 46080.0,
        "floor_area_m2": 28800.0,
        "polygon_coordinates": [
          [
            142.3569,
            43.764056
          ],
          [
            142.356863,
            43.763988
          ],
          [
            142.356651,
            43.763601
          ],
          [
            142.356877,
            43.763536
          ],
          [
            142.356857,
            43.763499
          ],
          [
            142.35711,
            43.763426
          ],
          [
            142.356857,
            43.762966
          ],
          [
            142.357132,
            43.762887
          ],
          [
            142.357514,
            43.762777
          ],
          [
            142.357773,
            43.763247
          ],
          [
            142.357671,
            43.763276
          ],
          [
            142.357754,
            43.763426
          ],
          [
            142.358233,
            43.764297
          ],
          [
            142.358117,
            43.76433
          ],
          [
            142.357204,
            43.764592
          ],
          [
            142.357075,
            43.764357
          ],
          [
            142.357015,
            43.764374
          ],
          [
            142.356849,
            43.764071
          ],
          [
            142.3569,
            43.764056
          ]
        ],
        "calculated_area_m2": 14169.6,
        "perimeter_m": 560.5,
        "bbox": [
          142.356651,
          43.762777,
          142.358233,
          43.764592
        ],
        "polygon_source": "OSM_exact_footprint"
      }
    },
    {
      "type": "Feature",
      "id": "way/160440217",
      "geometry": {
        "type": "Polygon",
        "coordinates": [
          [
            [
              141.456772,
              42.996279
            ],
            [
              141.456824,
              42.996327
            ],
            [
              141.45771,
              42.997146
            ],
            [
              141.45787,
              42.997053
            ],
            [
              141.458115,
              42.99728
            ],
            [
              141.45805,
              42.997318
            ],
            [
              141.458559,
              42.997786
            ],
            [
              141.458663,
              42.997812
            ],
            [
              141.45874,
              42.997853
            ],
            [
              141.458807,
              42.997919
            ],
            [
              141.458849,
              42.997985
            ],
            [
              141.458967,
              42.998081
            ],
            [
              141.458933,
              42.998238
            ],
            [
              141.459188,
              42.998474
            ],
            [
              141.459332,
              42.998391
            ],
            [
              141.459315,
              42.998375
            ],
            [
              141.459366,
              42.998346
            ],
            [
              141.459482,
              42.998278
            ],
            [
              141.459593,
              42.998381
            ],
            [
              141.459684,
              42.998328
            ],
            [
              141.45957,
              42.998223
            ],
            [
              141.459725,
              42.998133
            ],
            [
              141.459885,
              42.99828
            ],
            [
              141.460317,
              42.998031
            ],
            [
              141.459797,
              42.99755
            ],
            [
              141.459625,
              42.99765
            ],
            [
              141.459449,
              42.997481
            ],
            [
              141.459596,
              42.997403
            ],
            [
              141.459522,
              42.997335
            ],
            [
              141.459374,
              42.997408
            ],
            [
              141.459203,
              42.997251
            ],
            [
              141.459314,
              42.997196
            ],
            [
              141.458628,
              42.996572
            ],
            [
              141.458725,
              42.996516
            ],
            [
              141.457899,
              42.995752
            ],
            [
              141.45753,
              42.995966
            ],
            [
              141.457487,
              42.995927
            ],
            [
              141.457447,
              42.995889
            ],
            [
              141.456772,
              42.996279
            ]
          ]
        ]
      },
      "properties": {
        "id": "way/160440217",
        "osm_id": 160440217,
        "osm_type": "way",
        "name": "イオンモール札幌平岡",
        "name_en": "AEON MALL Sapporo Hiraoka",
        "lat": 42.997113,
        "lon": 141.458545,
        "brand": "イオンモール",
        "brand_wikidata": "Q11286068",
        "mall_type": "イオンモール",
        "prefecture": "北海道",
        "city": "",
        "address": "北海道",
        "website": "https://www.aeon.jp/sc/sapporohiraoka/",
        "opening_hours": "",
        "phone": "+81 11 889 5001",
        "opening_year": "2000年11月15日（ジャスコ札幌平岡店として開業）",
        "area": "商業施設面積: 約36,738㎡（敷地面積: 約139,475㎡）",
        "former_building": "新規開発（旧北海道拓殖銀行野球場・総合運動場跡地）",
        "demand_and_features": "清田区平岡の広大な旧拓銀グラウンド跡地に建設された「イオンモール札幌平岡」の核店舗。鉄道駅のない清田区において、自家用車を利用したニュータウン住民の生活インフラとして絶対的な存在。特に平日の主婦層や、土日に家族連れで訪れる郊外型ファミリーのワンストップ買い出し需要を支え、モール全体の豊富な物販と飲食サービスが好評。",
        "source": "OpenStreetMap",
        "priority": 2,
        "building_height_est_m": 22.0,
        "site_area_m2": 139475.0,
        "floor_area_m2": 36738.0,
        "polygon_coordinates": [
          [
            141.456772,
            42.996279
          ],
          [
            141.456824,
            42.996327
          ],
          [
            141.45771,
            42.997146
          ],
          [
            141.45787,
            42.997053
          ],
          [
            141.458115,
            42.99728
          ],
          [
            141.45805,
            42.997318
          ],
          [
            141.458559,
            42.997786
          ],
          [
            141.458663,
            42.997812
          ],
          [
            141.45874,
            42.997853
          ],
          [
            141.458807,
            42.997919
          ],
          [
            141.458849,
            42.997985
          ],
          [
            141.458967,
            42.998081
          ],
          [
            141.458933,
            42.998238
          ],
          [
            141.459188,
            42.998474
          ],
          [
            141.459332,
            42.998391
          ],
          [
            141.459315,
            42.998375
          ],
          [
            141.459366,
            42.998346
          ],
          [
            141.459482,
            42.998278
          ],
          [
            141.459593,
            42.998381
          ],
          [
            141.459684,
            42.998328
          ],
          [
            141.45957,
            42.998223
          ],
          [
            141.459725,
            42.998133
          ],
          [
            141.459885,
            42.99828
          ],
          [
            141.460317,
            42.998031
          ],
          [
            141.459797,
            42.99755
          ],
          [
            141.459625,
            42.99765
          ],
          [
            141.459449,
            42.997481
          ],
          [
            141.459596,
            42.997403
          ],
          [
            141.459522,
            42.997335
          ],
          [
            141.459374,
            42.997408
          ],
          [
            141.459203,
            42.997251
          ],
          [
            141.459314,
            42.997196
          ],
          [
            141.458628,
            42.996572
          ],
          [
            141.458725,
            42.996516
          ],
          [
            141.457899,
            42.995752
          ],
          [
            141.45753,
            42.995966
          ],
          [
            141.457487,
            42.995927
          ],
          [
            141.457447,
            42.995889
          ],
          [
            141.456772,
            42.996279
          ]
        ],
        "calculated_area_m2": 30107.3,
        "perimeter_m": 1005.4,
        "bbox": [
          141.456772,
          42.995752,
          141.460317,
          42.998474
        ],
        "polygon_source": "OSM_exact_footprint"
      }
    },
    {
      "type": "Feature",
      "id": "way/168967991",
      "geometry": {
        "type": "Polygon",
        "coordinates": [
          [
            [
              141.275517,
              43.096525
            ],
            [
              141.276248,
              43.096078
            ],
            [
              141.276207,
              43.096042
            ],
            [
              141.276283,
              43.095996
            ],
            [
              141.276323,
              43.09603
            ],
            [
              141.276485,
              43.095931
            ],
            [
              141.276538,
              43.095978
            ],
            [
              141.276702,
              43.095877
            ],
            [
              141.276631,
              43.095815
            ],
            [
              141.276807,
              43.095708
            ],
            [
              141.276874,
              43.095766
            ],
            [
              141.276964,
              43.095711
            ],
            [
              141.276902,
              43.095656
            ],
            [
              141.277077,
              43.095549
            ],
            [
              141.27714,
              43.095605
            ],
            [
              141.277822,
              43.095187
            ],
            [
              141.277802,
              43.09517
            ],
            [
              141.277835,
              43.09515
            ],
            [
              141.277988,
              43.095155
            ],
            [
              141.278018,
              43.095181
            ],
            [
              141.278047,
              43.095163
            ],
            [
              141.278513,
              43.095568
            ],
            [
              141.278456,
              43.095603
            ],
            [
              141.278486,
              43.09563
            ],
            [
              141.278552,
              43.095589
            ],
            [
              141.278985,
              43.095966
            ],
            [
              141.278946,
              43.09599
            ],
            [
              141.279064,
              43.096102
            ],
            [
              141.278445,
              43.096496
            ],
            [
              141.278177,
              43.096266
            ],
            [
              141.278129,
              43.096295
            ],
            [
              141.278015,
              43.096196
            ],
            [
              141.278066,
              43.096165
            ],
            [
              141.277885,
              43.096008
            ],
            [
              141.277488,
              43.096295
            ],
            [
              141.277339,
              43.096392
            ],
            [
              141.277396,
              43.096441
            ],
            [
              141.277284,
              43.096509
            ],
            [
              141.277326,
              43.096545
            ],
            [
              141.277037,
              43.096722
            ],
            [
              141.277052,
              43.096735
            ],
            [
              141.276894,
              43.096832
            ],
            [
              141.276883,
              43.096822
            ],
            [
              141.276541,
              43.097032
            ],
            [
              141.276588,
              43.097073
            ],
            [
              141.276573,
              43.097083
            ],
            [
              141.276638,
              43.097139
            ],
            [
              141.276352,
              43.097315
            ],
            [
              141.275507,
              43.096595
            ],
            [
              141.275517,
              43.096525
            ]
          ]
        ]
      },
      "properties": {
        "id": "way/168967991",
        "osm_id": 168967991,
        "osm_type": "way",
        "name": "イオンモール札幌発寒",
        "name_en": "AEON MALL Sapporo Hassamu",
        "lat": 43.096232,
        "lon": 141.277286,
        "brand": "イオンモール",
        "brand_wikidata": "Q11286068",
        "mall_type": "イオンモール",
        "prefecture": "北海道",
        "city": "札幌市",
        "address": "北海道札幌市西区",
        "website": "https://www.aeon.jp/sc/sapporohassamu/",
        "opening_hours": "Mo-Su 09:00-21:00",
        "phone": "",
        "opening_year": "2006年10月26日（イオン札幌発寒ショッピングセンターの核店舗として開業）",
        "area": "商業施設面積: 約59,675㎡",
        "former_building": "新規開発（鉄工団地・木工団地跡地）",
        "demand_and_features": "JR発寒駅近く、宮の沢エリアにも隣接する超大型ショッピングモール「イオンモール札幌発寒」の核店舗。広大な無料駐車場と多彩な専門店街を備え、道内屈指の集客力を誇る。札幌西部の広域から流入するファミリー層や若者、3世代世帯の週末レジャーを兼ねたワンストップショッピング需要に応え、食品から衣料・家電まで圧倒的な品揃えを展開。",
        "source": "OpenStreetMap",
        "priority": 2,
        "building_height_est_m": 22.0,
        "site_area_m2": 95480.0,
        "floor_area_m2": 59675.0,
        "polygon_coordinates": [
          [
            141.275517,
            43.096525
          ],
          [
            141.276248,
            43.096078
          ],
          [
            141.276207,
            43.096042
          ],
          [
            141.276283,
            43.095996
          ],
          [
            141.276323,
            43.09603
          ],
          [
            141.276485,
            43.095931
          ],
          [
            141.276538,
            43.095978
          ],
          [
            141.276702,
            43.095877
          ],
          [
            141.276631,
            43.095815
          ],
          [
            141.276807,
            43.095708
          ],
          [
            141.276874,
            43.095766
          ],
          [
            141.276964,
            43.095711
          ],
          [
            141.276902,
            43.095656
          ],
          [
            141.277077,
            43.095549
          ],
          [
            141.27714,
            43.095605
          ],
          [
            141.277822,
            43.095187
          ],
          [
            141.277802,
            43.09517
          ],
          [
            141.277835,
            43.09515
          ],
          [
            141.277988,
            43.095155
          ],
          [
            141.278018,
            43.095181
          ],
          [
            141.278047,
            43.095163
          ],
          [
            141.278513,
            43.095568
          ],
          [
            141.278456,
            43.095603
          ],
          [
            141.278486,
            43.09563
          ],
          [
            141.278552,
            43.095589
          ],
          [
            141.278985,
            43.095966
          ],
          [
            141.278946,
            43.09599
          ],
          [
            141.279064,
            43.096102
          ],
          [
            141.278445,
            43.096496
          ],
          [
            141.278177,
            43.096266
          ],
          [
            141.278129,
            43.096295
          ],
          [
            141.278015,
            43.096196
          ],
          [
            141.278066,
            43.096165
          ],
          [
            141.277885,
            43.096008
          ],
          [
            141.277488,
            43.096295
          ],
          [
            141.277339,
            43.096392
          ],
          [
            141.277396,
            43.096441
          ],
          [
            141.277284,
            43.096509
          ],
          [
            141.277326,
            43.096545
          ],
          [
            141.277037,
            43.096722
          ],
          [
            141.277052,
            43.096735
          ],
          [
            141.276894,
            43.096832
          ],
          [
            141.276883,
            43.096822
          ],
          [
            141.276541,
            43.097032
          ],
          [
            141.276588,
            43.097073
          ],
          [
            141.276573,
            43.097083
          ],
          [
            141.276638,
            43.097139
          ],
          [
            141.276352,
            43.097315
          ],
          [
            141.275507,
            43.096595
          ],
          [
            141.275517,
            43.096525
          ]
        ],
        "calculated_area_m2": 27595.5,
        "perimeter_m": 943.0,
        "bbox": [
          141.275507,
          43.09515,
          141.279064,
          43.097315
        ],
        "polygon_source": "OSM_exact_footprint"
      }
    },
    {
      "type": "Feature",
      "id": "way/155801645",
      "geometry": {
        "type": "Polygon",
        "coordinates": [
          [
            [
              141.405023,
              43.079142
            ],
            [
              141.405094,
              43.079222
            ],
            [
              141.405461,
              43.079631
            ],
            [
              141.405616,
              43.079804
            ],
            [
              141.405476,
              43.079867
            ],
            [
              141.405381,
              43.080015
            ],
            [
              141.405159,
              43.080119
            ],
            [
              141.405187,
              43.08015
            ],
            [
              141.405222,
              43.080189
            ],
            [
              141.404611,
              43.08048
            ],
            [
              141.404547,
              43.080406
            ],
            [
              141.404445,
              43.080454
            ],
            [
              141.404124,
              43.080086
            ],
            [
              141.403921,
              43.08018
            ],
            [
              141.403864,
              43.080114
            ],
            [
              141.402486,
              43.080766
            ],
            [
              141.402031,
              43.080262
            ],
            [
              141.402803,
              43.079905
            ],
            [
              141.402779,
              43.079881
            ],
            [
              141.403396,
              43.079597
            ],
            [
              141.403411,
              43.079614
            ],
            [
              141.403436,
              43.079644
            ],
            [
              141.404628,
              43.079077
            ],
            [
              141.40466,
              43.079099
            ],
            [
              141.404705,
              43.079079
            ],
            [
              141.404744,
              43.079074
            ],
            [
              141.404809,
              43.079072
            ],
            [
              141.404873,
              43.079079
            ],
            [
              141.404996,
              43.079157
            ],
            [
              141.405023,
              43.079142
            ]
          ]
        ]
      },
      "properties": {
        "id": "way/155801645",
        "osm_id": 155801645,
        "osm_type": "way",
        "name": "イオンモール札幌苗穂",
        "name_en": "AEON MALL Sapporo Naebo",
        "lat": 43.079919,
        "lon": 141.403823,
        "brand": "イオンモール",
        "brand_wikidata": "Q11286068",
        "mall_type": "イオンモール",
        "prefecture": "北海道",
        "city": "札幌市",
        "address": "北海道札幌市東区1",
        "website": "https://www.aeon.jp/sc/sapporonaebo/",
        "opening_hours": "08:00-23:00",
        "phone": "",
        "opening_year": "2003年6月25日（イオン札幌苗穂ショッピングセンターの核店舗として開業）",
        "area": "店舗面積: 32,300㎡（イオン直営売場面積: 約14,700㎡）",
        "former_building": "新規開発（近隣にあったポスフール東苗穂＝旧東苗穂サティの機能を実質移転・統合）",
        "demand_and_features": "札幌市東区の環状通や三角点通などの幹線道路沿いに位置する大型ショッピングモール。近隣にあった旧東苗穂サティ（ポスフール東苗穂）を統合する形で新規開発された。広大な駐車場を備え、車社会に適応したファミリー層や子育て世代の週末のまとめ買い需要を支える。地域最大級の食品売場と多彩な専門店が強み。",
        "source": "OpenStreetMap",
        "priority": 2,
        "building_height_est_m": 22.0,
        "site_area_m2": 51680.0,
        "floor_area_m2": 32300.0,
        "polygon_coordinates": [
          [
            141.405023,
            43.079142
          ],
          [
            141.405094,
            43.079222
          ],
          [
            141.405461,
            43.079631
          ],
          [
            141.405616,
            43.079804
          ],
          [
            141.405476,
            43.079867
          ],
          [
            141.405381,
            43.080015
          ],
          [
            141.405159,
            43.080119
          ],
          [
            141.405187,
            43.08015
          ],
          [
            141.405222,
            43.080189
          ],
          [
            141.404611,
            43.08048
          ],
          [
            141.404547,
            43.080406
          ],
          [
            141.404445,
            43.080454
          ],
          [
            141.404124,
            43.080086
          ],
          [
            141.403921,
            43.08018
          ],
          [
            141.403864,
            43.080114
          ],
          [
            141.402486,
            43.080766
          ],
          [
            141.402031,
            43.080262
          ],
          [
            141.402803,
            43.079905
          ],
          [
            141.402779,
            43.079881
          ],
          [
            141.403396,
            43.079597
          ],
          [
            141.403411,
            43.079614
          ],
          [
            141.403436,
            43.079644
          ],
          [
            141.404628,
            43.079077
          ],
          [
            141.40466,
            43.079099
          ],
          [
            141.404705,
            43.079079
          ],
          [
            141.404744,
            43.079074
          ],
          [
            141.404809,
            43.079072
          ],
          [
            141.404873,
            43.079079
          ],
          [
            141.404996,
            43.079157
          ],
          [
            141.405023,
            43.079142
          ]
        ],
        "calculated_area_m2": 24780.4,
        "perimeter_m": 800.9,
        "bbox": [
          141.402031,
          43.079072,
          141.405616,
          43.080766
        ],
        "polygon_source": "OSM_exact_footprint"
      }
    },
    {
      "type": "Feature",
      "id": "way/432577509",
      "geometry": {
        "type": "Polygon",
        "coordinates": [
          [
            [
              141.640773,
              42.655144
            ],
            [
              141.640787,
              42.655122
            ],
            [
              141.6412,
              42.655259
            ],
            [
              141.641185,
              42.655284
            ],
            [
              141.641224,
              42.655297
            ],
            [
              141.641244,
              42.655266
            ],
            [
              141.641349,
              42.655301
            ],
            [
              141.641334,
              42.655326
            ],
            [
              141.641742,
              42.655462
            ],
            [
              141.641602,
              42.65569
            ],
            [
              141.641893,
              42.655787
            ],
            [
              141.641876,
              42.655814
            ],
            [
              141.642474,
              42.656013
            ],
            [
              141.642494,
              42.655981
            ],
            [
              141.642809,
              42.656086
            ],
            [
              141.642782,
              42.656129
            ],
            [
              141.643368,
              42.656325
            ],
            [
              141.643557,
              42.656017
            ],
            [
              141.643668,
              42.655999
            ],
            [
              141.645265,
              42.656532
            ],
            [
              141.645233,
              42.656585
            ],
            [
              141.64521,
              42.656623
            ],
            [
              141.644746,
              42.656468
            ],
            [
              141.644436,
              42.65697
            ],
            [
              141.644509,
              42.656994
            ],
            [
              141.644376,
              42.657208
            ],
            [
              141.644299,
              42.657183
            ],
            [
              141.644228,
              42.657298
            ],
            [
              141.643632,
              42.657098
            ],
            [
              141.643612,
              42.657131
            ],
            [
              141.643505,
              42.657095
            ],
            [
              141.643526,
              42.657062
            ],
            [
              141.643378,
              42.657012
            ],
            [
              141.643425,
              42.656934
            ],
            [
              141.64289,
              42.656756
            ],
            [
              141.642815,
              42.656877
            ],
            [
              141.642638,
              42.656922
            ],
            [
              141.642607,
              42.656973
            ],
            [
              141.642412,
              42.656908
            ],
            [
              141.642394,
              42.656937
            ],
            [
              141.642277,
              42.656898
            ],
            [
              141.642297,
              42.656866
            ],
            [
              141.641618,
              42.65664
            ],
            [
              141.6416,
              42.656668
            ],
            [
              141.641486,
              42.65663
            ],
            [
              141.641504,
              42.656599
            ],
            [
              141.640974,
              42.656422
            ],
            [
              141.640939,
              42.656481
            ],
            [
              141.640539,
              42.656347
            ],
            [
              141.640583,
              42.656275
            ],
            [
              141.639759,
              42.656001
            ],
            [
              141.63998,
              42.655643
            ],
            [
              141.640025,
              42.655658
            ],
            [
              141.64025,
              42.655292
            ],
            [
              141.640347,
              42.655213
            ],
            [
              141.640397,
              42.655233
            ],
            [
              141.640448,
              42.65515
            ],
            [
              141.640506,
              42.655055
            ],
            [
              141.640773,
              42.655144
            ]
          ]
        ]
      },
      "properties": {
        "id": "way/432577509",
        "osm_id": 432577509,
        "osm_type": "way",
        "name": "イオンモール苫小牧",
        "name_en": "Aeon Mall Tomakomai",
        "lat": 42.656177,
        "lon": 141.642512,
        "brand": "イオン",
        "brand_wikidata": "Q305335",
        "mall_type": "イオンモール",
        "prefecture": "北海道",
        "city": "苫小牧市",
        "address": "北海道苫小牧市柳町三丁目20",
        "website": "https://tomakomai.aeonmallhokkaido.com/",
        "opening_hours": "",
        "phone": "+81-144-51-3300",
        "opening_year": "2005年4月28日（ジャスコ苫小牧店として開業）",
        "area": "商業施設面積: 約48,194㎡（敷地面積: 約139,751㎡）",
        "former_building": "ジャスコ苫小牧店",
        "demand_and_features": "太平洋に面した工業都市・苫小牧市の東部にある「イオンモール苫小牧」の核店舗。道央自動車道からのアクセスも良く、日高・胆振・千歳エリアなど広域から車で人々が訪れる。テナントの充実度、直営食品売場の広さ、アミューズメント施設（GiGO等）の人気が高く、港湾・工業地帯で働く世帯や、周辺ニュータウンのファミリー層のライフライン。",
        "source": "OpenStreetMap",
        "priority": 2,
        "building_height_est_m": 22.0,
        "site_area_m2": 139751.0,
        "floor_area_m2": 48194.0,
        "polygon_coordinates": [
          [
            141.640773,
            42.655144
          ],
          [
            141.640787,
            42.655122
          ],
          [
            141.6412,
            42.655259
          ],
          [
            141.641185,
            42.655284
          ],
          [
            141.641224,
            42.655297
          ],
          [
            141.641244,
            42.655266
          ],
          [
            141.641349,
            42.655301
          ],
          [
            141.641334,
            42.655326
          ],
          [
            141.641742,
            42.655462
          ],
          [
            141.641602,
            42.65569
          ],
          [
            141.641893,
            42.655787
          ],
          [
            141.641876,
            42.655814
          ],
          [
            141.642474,
            42.656013
          ],
          [
            141.642494,
            42.655981
          ],
          [
            141.642809,
            42.656086
          ],
          [
            141.642782,
            42.656129
          ],
          [
            141.643368,
            42.656325
          ],
          [
            141.643557,
            42.656017
          ],
          [
            141.643668,
            42.655999
          ],
          [
            141.645265,
            42.656532
          ],
          [
            141.645233,
            42.656585
          ],
          [
            141.64521,
            42.656623
          ],
          [
            141.644746,
            42.656468
          ],
          [
            141.644436,
            42.65697
          ],
          [
            141.644509,
            42.656994
          ],
          [
            141.644376,
            42.657208
          ],
          [
            141.644299,
            42.657183
          ],
          [
            141.644228,
            42.657298
          ],
          [
            141.643632,
            42.657098
          ],
          [
            141.643612,
            42.657131
          ],
          [
            141.643505,
            42.657095
          ],
          [
            141.643526,
            42.657062
          ],
          [
            141.643378,
            42.657012
          ],
          [
            141.643425,
            42.656934
          ],
          [
            141.64289,
            42.656756
          ],
          [
            141.642815,
            42.656877
          ],
          [
            141.642638,
            42.656922
          ],
          [
            141.642607,
            42.656973
          ],
          [
            141.642412,
            42.656908
          ],
          [
            141.642394,
            42.656937
          ],
          [
            141.642277,
            42.656898
          ],
          [
            141.642297,
            42.656866
          ],
          [
            141.641618,
            42.65664
          ],
          [
            141.6416,
            42.656668
          ],
          [
            141.641486,
            42.65663
          ],
          [
            141.641504,
            42.656599
          ],
          [
            141.640974,
            42.656422
          ],
          [
            141.640939,
            42.656481
          ],
          [
            141.640539,
            42.656347
          ],
          [
            141.640583,
            42.656275
          ],
          [
            141.639759,
            42.656001
          ],
          [
            141.63998,
            42.655643
          ],
          [
            141.640025,
            42.655658
          ],
          [
            141.64025,
            42.655292
          ],
          [
            141.640347,
            42.655213
          ],
          [
            141.640397,
            42.655233
          ],
          [
            141.640448,
            42.65515
          ],
          [
            141.640506,
            42.655055
          ],
          [
            141.640773,
            42.655144
          ]
        ],
        "calculated_area_m2": 41713.9,
        "perimeter_m": 1276.8,
        "bbox": [
          141.639759,
          42.655055,
          141.645265,
          42.657298
        ],
        "polygon_source": "OSM_exact_footprint"
      }
    },
    {
      "type": "Feature",
      "id": "way/105716317",
      "geometry": {
        "type": "Polygon",
        "coordinates": [
          [
            [
              144.359134,
              43.026556
            ],
            [
              144.358978,
              43.026644
            ],
            [
              144.358244,
              43.025945
            ],
            [
              144.358641,
              43.025722
            ],
            [
              144.358584,
              43.025668
            ],
            [
              144.358885,
              43.025499
            ],
            [
              144.358943,
              43.025554
            ],
            [
              144.35939,
              43.025303
            ],
            [
              144.359752,
              43.025648
            ],
            [
              144.359799,
              43.025621
            ],
            [
              144.360017,
              43.025829
            ],
            [
              144.359995,
              43.025842
            ],
            [
              144.360051,
              43.025895
            ],
            [
              144.360017,
              43.025914
            ],
            [
              144.3601,
              43.025993
            ],
            [
              144.359878,
              43.026117
            ],
            [
              144.360196,
              43.02642
            ],
            [
              144.360223,
              43.026405
            ],
            [
              144.360437,
              43.026608
            ],
            [
              144.36041,
              43.026624
            ],
            [
              144.360623,
              43.026827
            ],
            [
              144.360861,
              43.026693
            ],
            [
              144.360975,
              43.026801
            ],
            [
              144.361052,
              43.026758
            ],
            [
              144.361232,
              43.02693
            ],
            [
              144.36128,
              43.026903
            ],
            [
              144.361467,
              43.027081
            ],
            [
              144.36142,
              43.027108
            ],
            [
              144.361711,
              43.027386
            ],
            [
              144.360725,
              43.027939
            ],
            [
              144.360425,
              43.027653
            ],
            [
              144.360395,
              43.02767
            ],
            [
              144.360211,
              43.027495
            ],
            [
              144.360241,
              43.027478
            ],
            [
              144.359956,
              43.027207
            ],
            [
              144.359872,
              43.027254
            ],
            [
              144.359723,
              43.027112
            ],
            [
              144.359679,
              43.027137
            ],
            [
              144.359488,
              43.026955
            ],
            [
              144.359398,
              43.027005
            ],
            [
              144.359307,
              43.026918
            ],
            [
              144.359438,
              43.026845
            ],
            [
              144.359134,
              43.026556
            ]
          ]
        ]
      },
      "properties": {
        "id": "way/105716317",
        "osm_id": 105716317,
        "osm_type": "way",
        "name": "イオンモール釧路昭和",
        "name_en": "ÆON MALL KUSHIRO SHŌWA",
        "lat": 43.026621,
        "lon": 144.359978,
        "brand": "イオンモール",
        "brand_wikidata": "Q11286068",
        "mall_type": "イオンモール",
        "prefecture": "北海道",
        "city": "",
        "address": "北海道",
        "website": "",
        "opening_hours": "",
        "phone": "",
        "opening_year": "2000年9月23日（ジャスコ釧路店として開業）",
        "area": "商業施設面積: 43,546㎡（敷地面積: 150,908㎡）",
        "former_building": "ジャスコ釧路店",
        "demand_and_features": "釧路市の昭和中央地区に立地する「イオンモール釧路昭和」の核店舗。広大な湿原や港湾エリアからも車でアクセスしやすく、釧路市西部および白糠町などの広域から来店する顧客の週末レジャーを支える。充実した大型フードコートや子供向け専門店、生鮮食品のメガサイズ販売などが特徴で、自家用車で来店するまとめ買いファミリー層に大人気。",
        "source": "OpenStreetMap",
        "priority": 2,
        "building_height_est_m": 22.0,
        "site_area_m2": 150908.0,
        "floor_area_m2": 43546.0,
        "polygon_coordinates": [
          [
            144.359134,
            43.026556
          ],
          [
            144.358978,
            43.026644
          ],
          [
            144.358244,
            43.025945
          ],
          [
            144.358641,
            43.025722
          ],
          [
            144.358584,
            43.025668
          ],
          [
            144.358885,
            43.025499
          ],
          [
            144.358943,
            43.025554
          ],
          [
            144.35939,
            43.025303
          ],
          [
            144.359752,
            43.025648
          ],
          [
            144.359799,
            43.025621
          ],
          [
            144.360017,
            43.025829
          ],
          [
            144.359995,
            43.025842
          ],
          [
            144.360051,
            43.025895
          ],
          [
            144.360017,
            43.025914
          ],
          [
            144.3601,
            43.025993
          ],
          [
            144.359878,
            43.026117
          ],
          [
            144.360196,
            43.02642
          ],
          [
            144.360223,
            43.026405
          ],
          [
            144.360437,
            43.026608
          ],
          [
            144.36041,
            43.026624
          ],
          [
            144.360623,
            43.026827
          ],
          [
            144.360861,
            43.026693
          ],
          [
            144.360975,
            43.026801
          ],
          [
            144.361052,
            43.026758
          ],
          [
            144.361232,
            43.02693
          ],
          [
            144.36128,
            43.026903
          ],
          [
            144.361467,
            43.027081
          ],
          [
            144.36142,
            43.027108
          ],
          [
            144.361711,
            43.027386
          ],
          [
            144.360725,
            43.027939
          ],
          [
            144.360425,
            43.027653
          ],
          [
            144.360395,
            43.02767
          ],
          [
            144.360211,
            43.027495
          ],
          [
            144.360241,
            43.027478
          ],
          [
            144.359956,
            43.027207
          ],
          [
            144.359872,
            43.027254
          ],
          [
            144.359723,
            43.027112
          ],
          [
            144.359679,
            43.027137
          ],
          [
            144.359488,
            43.026955
          ],
          [
            144.359398,
            43.027005
          ],
          [
            144.359307,
            43.026918
          ],
          [
            144.359438,
            43.026845
          ],
          [
            144.359134,
            43.026556
          ]
        ],
        "calculated_area_m2": 30124.4,
        "perimeter_m": 967.5,
        "bbox": [
          144.358244,
          43.025303,
          144.361711,
          43.027939
        ],
        "polygon_source": "OSM_exact_footprint"
      }
    },
    {
      "type": "Feature",
      "id": "duckdb/7",
      "geometry": {
        "type": "Polygon",
        "coordinates": [
          [
            [
              141.4232052,
              43.052808
            ],
            [
              141.4229974,
              43.0525447
            ],
            [
              141.4233305,
              43.0524283
            ],
            [
              141.4232007,
              43.0522871
            ],
            [
              141.4233258,
              43.0522225
            ],
            [
              141.4237206,
              43.0525698
            ],
            [
              141.4232052,
              43.052808
            ]
          ]
        ]
      },
      "properties": {
        "id": "duckdb/7",
        "osm_id": "db_7",
        "osm_type": "duckdb",
        "name": "イオン北郷店",
        "name_en": "",
        "lat": 43.052524,
        "lon": 141.423284,
        "brand": "イオン",
        "brand_wikidata": "Q305335",
        "mall_type": "一般イオン",
        "prefecture": "北海道",
        "city": "札幌市",
        "address": "北海道札幌市白石区北郷2条7-6-25",
        "website": "",
        "opening_hours": "",
        "phone": "",
        "opening_year": "2024年5月31日（旧マックスバリュ北郷店＝ジョイ白石店を建て替えて開業）",
        "area": "店舗面積: 約2,650㎡",
        "former_building": "マックスバリュ北郷店（旧ジョイ白石店 / NBSショッピングセンター）",
        "demand_and_features": "NBSショッピングセンター内の「ジョイ白石店」からマックスバリュを経て、2024年に老朽化した建物を解体・新築しオープンした都市型スーパー。敷地面積をコンパクトにしつつ、地域住民の「毎日のお買い物」に特化した品揃えを実現。特に高齢者世帯やファミリー層向けの簡便食品や健康志向商品、冷凍食品を強化し、密着型の店舗として強い需要を持つ。",
        "source": "aeon_stores.duckdb",
        "priority": 1,
        "building_height_est_m": 12.0,
        "site_area_m2": 4240.0,
        "floor_area_m2": 2650.0,
        "polygon_coordinates": [
          [
            141.4232052,
            43.052808
          ],
          [
            141.4229974,
            43.0525447
          ],
          [
            141.4233305,
            43.0524283
          ],
          [
            141.4232007,
            43.0522871
          ],
          [
            141.4233258,
            43.0522225
          ],
          [
            141.4237206,
            43.0525698
          ],
          [
            141.4232052,
            43.052808
          ]
        ],
        "calculated_area_m2": 4232.7,
        "perimeter_m": 263.2,
        "bbox": [
          141.4229974,
          43.0522225,
          141.4237206,
          43.052808
        ],
        "polygon_source": "OSM_exact_footprint"
      }
    },
    {
      "type": "Feature",
      "id": "duckdb/9",
      "geometry": {
        "type": "Polygon",
        "coordinates": [
          [
            [
              141.370406,
              43.026888
            ],
            [
              141.370719,
              43.026867
            ],
            [
              141.37072,
              43.026881
            ],
            [
              141.370939,
              43.026867
            ],
            [
              141.370937,
              43.026853
            ],
            [
              141.371082,
              43.026844
            ],
            [
              141.371062,
              43.026657
            ],
            [
              141.371047,
              43.026534
            ],
            [
              141.371004,
              43.026476
            ],
            [
              141.370935,
              43.026482
            ],
            [
              141.370664,
              43.026527
            ],
            [
              141.370666,
              43.02655
            ],
            [
              141.370367,
              43.026579
            ],
            [
              141.370406,
              43.026888
            ]
          ]
        ]
      },
      "properties": {
        "id": "duckdb/9",
        "osm_id": "db_9",
        "osm_type": "duckdb",
        "name": "イオン南平岸店",
        "name_en": "",
        "lat": 43.026707,
        "lon": 141.370782,
        "brand": "イオン",
        "brand_wikidata": "Q305335",
        "mall_type": "一般イオン",
        "prefecture": "北海道",
        "city": "札幌市",
        "address": "北海道札幌市豊平区平岸3条13-6-1",
        "website": "",
        "opening_hours": "",
        "phone": "",
        "opening_year": "2023年11月22日（旧マックスバリュ平岸店を建て替えて開業）",
        "area": "店舗面積: 約2,600㎡",
        "former_building": "マックスバリュ平岸店（旧札幌フードセンター平岸店）",
        "demand_and_features": "1976年開業の札幌フードセンター平岸店からマックスバリュを経て、2023年に最新設備を備えて新築開業した都市型スーパー。地下鉄南北線南平岸駅に近く、都市部で働く単身者や共働きファミリーの利便性を最優先に設計。即食惣菜、ヘルスフード、冷凍食品などのラインナップが豊富で、タイパ（時間対効果）を重視する現代の地域需要に適合している。",
        "source": "aeon_stores.duckdb",
        "priority": 1,
        "building_height_est_m": 12.0,
        "site_area_m2": 4160.0,
        "floor_area_m2": 2600.0,
        "polygon_coordinates": [
          [
            141.370406,
            43.026888
          ],
          [
            141.370719,
            43.026867
          ],
          [
            141.37072,
            43.026881
          ],
          [
            141.370939,
            43.026867
          ],
          [
            141.370937,
            43.026853
          ],
          [
            141.371082,
            43.026844
          ],
          [
            141.371062,
            43.026657
          ],
          [
            141.371047,
            43.026534
          ],
          [
            141.371004,
            43.026476
          ],
          [
            141.370935,
            43.026482
          ],
          [
            141.370664,
            43.026527
          ],
          [
            141.370666,
            43.02655
          ],
          [
            141.370367,
            43.026579
          ],
          [
            141.370406,
            43.026888
          ]
        ],
        "calculated_area_m2": 4155.8,
        "perimeter_m": 260.8,
        "bbox": [
          141.370367,
          43.026476,
          141.371082,
          43.026888
        ],
        "polygon_source": "OSM_exact_footprint"
      }
    },
    {
      "type": "Feature",
      "id": "duckdb/5",
      "geometry": {
        "type": "Polygon",
        "coordinates": [
          [
            [
              141.368824,
              43.101363
            ],
            [
              141.368855,
              43.101231
            ],
            [
              141.36898,
              43.101247
            ],
            [
              141.36899,
              43.101208
            ],
            [
              141.368862,
              43.101191
            ],
            [
              141.368901,
              43.101025
            ],
            [
              141.367827,
              43.100888
            ],
            [
              141.367518,
              43.102184
            ],
            [
              141.368596,
              43.102321
            ],
            [
              141.368811,
              43.101416
            ],
            [
              141.368945,
              43.101391
            ],
            [
              141.368958,
              43.101338
            ],
            [
              141.368824,
              43.101363
            ]
          ]
        ]
      },
      "properties": {
        "id": "duckdb/5",
        "osm_id": "db_5",
        "osm_type": "duckdb",
        "name": "イオン札幌元町店",
        "name_en": "",
        "lat": 43.101397,
        "lon": 141.368684,
        "brand": "イオン",
        "brand_wikidata": "Q305335",
        "mall_type": "一般イオン",
        "prefecture": "北海道",
        "city": "札幌市",
        "address": "北海道札幌市東区北31条東15-1-1",
        "website": "",
        "opening_hours": "",
        "phone": "",
        "opening_year": "2002年6月22日（イオン札幌元町ショッピングセンターの核店舗として開業）",
        "area": "商業施設面積: 25,700㎡",
        "former_building": "新規開発（HBCゴルフセンター・ラジオ送信所跡地）",
        "demand_and_features": "地下鉄東豊線元町駅から徒歩圏内にある都市型モール。HBCラジオ送信所跡地の広大な敷地に建設された。札幌市東区の住宅密集地において、子育て世帯から高齢者まで幅広い層の生活基盤となっており、充実した衣料品や日用品、食品売場が強み。地域医療モールや地域交流スペースとしての役割も果たす。",
        "source": "aeon_stores.duckdb",
        "priority": 1,
        "building_height_est_m": 12.0,
        "site_area_m2": 41120.0,
        "floor_area_m2": 25700.0,
        "polygon_coordinates": [
          [
            141.368824,
            43.101363
          ],
          [
            141.368855,
            43.101231
          ],
          [
            141.36898,
            43.101247
          ],
          [
            141.36899,
            43.101208
          ],
          [
            141.368862,
            43.101191
          ],
          [
            141.368901,
            43.101025
          ],
          [
            141.367827,
            43.100888
          ],
          [
            141.367518,
            43.102184
          ],
          [
            141.368596,
            43.102321
          ],
          [
            141.368811,
            43.101416
          ],
          [
            141.368945,
            43.101391
          ],
          [
            141.368958,
            43.101338
          ],
          [
            141.368824,
            43.101363
          ]
        ],
        "calculated_area_m2": 41100.0,
        "perimeter_m": 820.1,
        "bbox": [
          141.367518,
          43.100888,
          141.36899,
          43.102321
        ],
        "polygon_source": "OSM_exact_footprint"
      }
    },
    {
      "type": "Feature",
      "id": "duckdb/560",
      "geometry": {
        "type": "Polygon",
        "coordinates": [
          [
            [
              141.469649,
              43.052701
            ],
            [
              141.470353,
              43.053144
            ],
            [
              141.469694,
              43.053703
            ],
            [
              141.469765,
              43.053747
            ],
            [
              141.469623,
              43.053867
            ],
            [
              141.469548,
              43.05382
            ],
            [
              141.468716,
              43.054526
            ],
            [
              141.468378,
              43.054313
            ],
            [
              141.468533,
              43.054181
            ],
            [
              141.468313,
              43.054042
            ],
            [
              141.468181,
              43.054154
            ],
            [
              141.468222,
              43.05418
            ],
            [
              141.468152,
              43.054239
            ],
            [
              141.468111,
              43.054213
            ],
            [
              141.468044,
              43.05427
            ],
            [
              141.467969,
              43.054223
            ],
            [
              141.467612,
              43.054526
            ],
            [
              141.467545,
              43.054484
            ],
            [
              141.469649,
              43.052701
            ]
          ]
        ]
      },
      "properties": {
        "id": "duckdb/560",
        "osm_id": "db_560",
        "osm_type": "duckdb",
        "name": "イオン札幌厚別店",
        "name_en": "",
        "lat": 43.053949,
        "lon": 141.46874,
        "brand": "イオン",
        "brand_wikidata": "Q305335",
        "mall_type": "一般イオン",
        "prefecture": "北海道",
        "city": "札幌市",
        "address": "北海道札幌市厚別区厚別西4条6-700-126",
        "website": "",
        "opening_hours": "",
        "phone": "",
        "opening_year": "2000年12月15日（「西友厚別店」として開業、2024年11月30日に「イオン札幌厚別店」としてリブランド）",
        "area": "店舗面積：約15,407㎡（施設全体）",
        "former_building": "西友厚別店（西友の北海道事業撤退に伴い、イオン北海道が事業承継）",
        "demand_and_features": "札幌市厚別区厚別西地区を代表する大型店舗。元々はセゾングループの旗艦店「西友厚別店」であり、道内初の都市型ホームセンター等を併設する複合大型店として誕生した。2024年秋の西友の道内事業撤退によりイオン北海道へ引き継がれ、同年11月に新生オープン。西友時代のテナント（ドン・キホーテやSeriaなど）を継承しつつ、イオンならではの「トップバリュ」や「地場産食材」を強力に展開。周辺に広がるニュータウン地域の多世代ファミリーやシニア層の日常・週末の買い出し需要を一手に引き受けるメガインフラとなっている。",
        "source": "aeon_stores.duckdb",
        "priority": 1,
        "building_height_est_m": 12.0,
        "site_area_m2": 24651.2,
        "floor_area_m2": 15407.0,
        "polygon_coordinates": [
          [
            141.469649,
            43.052701
          ],
          [
            141.470353,
            43.053144
          ],
          [
            141.469694,
            43.053703
          ],
          [
            141.469765,
            43.053747
          ],
          [
            141.469623,
            43.053867
          ],
          [
            141.469548,
            43.05382
          ],
          [
            141.468716,
            43.054526
          ],
          [
            141.468378,
            43.054313
          ],
          [
            141.468533,
            43.054181
          ],
          [
            141.468313,
            43.054042
          ],
          [
            141.468181,
            43.054154
          ],
          [
            141.468222,
            43.05418
          ],
          [
            141.468152,
            43.054239
          ],
          [
            141.468111,
            43.054213
          ],
          [
            141.468044,
            43.05427
          ],
          [
            141.467969,
            43.054223
          ],
          [
            141.467612,
            43.054526
          ],
          [
            141.467545,
            43.054484
          ],
          [
            141.469649,
            43.052701
          ]
        ],
        "calculated_area_m2": 24642.2,
        "perimeter_m": 635.0,
        "bbox": [
          141.467545,
          43.052701,
          141.470353,
          43.054526
        ],
        "polygon_source": "OSM_exact_footprint"
      }
    },
    {
      "type": "Feature",
      "id": "duckdb/466",
      "geometry": {
        "type": "Polygon",
        "coordinates": [
          [
            [
              141.244302,
              43.120169
            ],
            [
              141.245287,
              43.119582
            ],
            [
              141.245349,
              43.119638
            ],
            [
              141.245337,
              43.119645
            ],
            [
              141.24559,
              43.119872
            ],
            [
              141.245567,
              43.119886
            ],
            [
              141.246218,
              43.120469
            ],
            [
              141.246175,
              43.120494
            ],
            [
              141.246208,
              43.120523
            ],
            [
              141.24599,
              43.120653
            ],
            [
              141.24608,
              43.120733
            ],
            [
              141.246044,
              43.120754
            ],
            [
              141.246073,
              43.120779
            ],
            [
              141.245914,
              43.120874
            ],
            [
              141.245808,
              43.120778
            ],
            [
              141.24533,
              43.121062
            ],
            [
              141.245313,
              43.121073
            ],
            [
              141.244302,
              43.120169
            ]
          ]
        ]
      },
      "properties": {
        "id": "duckdb/466",
        "osm_id": "db_466",
        "osm_type": "duckdb",
        "name": "イオン札幌手稲駅前店",
        "name_en": "",
        "lat": 43.120397,
        "lon": 141.245605,
        "brand": "イオン",
        "brand_wikidata": "Q305335",
        "mall_type": "一般イオン",
        "prefecture": "北海道",
        "city": "札幌市",
        "address": "北海道札幌市手稲区前田1条11-1-1",
        "website": "",
        "opening_hours": "",
        "phone": "",
        "opening_year": "1996年（平成8年）4月29日（「西友手稲店」として開業）、イオンとしては2024年12月14日オープン",
        "area": "敷地面積：約41,000㎡、延床面積：約36,800㎡",
        "former_building": "西友手稲店（メルシャン・プラース内に入居、2024年10月にイオン北海道が承継）",
        "demand_and_features": "JR手稲駅と連絡通路で直結された非常に高いアクセス性を持つ駅前拠点です。2024年秋にイオン北海道が西友の道内全9店舗を承継したことに伴い、同年12月にブランド転換・リニューアルオープンしました。「みんなのターミナル」をコンセプトに、手稲山をモチーフにした屋内遊具広場などのコミュニティスペースを設置し、西友時代の地域シンボル「からくり時計」を引き継ぐなど、地域住民の愛着に配慮しています。近隣の大型モール「イオンモール札幌発寒」などの混雑を分散させつつ、駅直結の利便性を活かした即食・簡便需要（惣菜や冷凍食品等）に強みを発揮しており、地域交流・生活インフラとして新たな役割を確立しています。",
        "source": "aeon_stores.duckdb",
        "priority": 1,
        "building_height_est_m": 12.0,
        "site_area_m2": 41000.0,
        "floor_area_m2": 36800.0,
        "polygon_coordinates": [
          [
            141.244302,
            43.120169
          ],
          [
            141.245287,
            43.119582
          ],
          [
            141.245349,
            43.119638
          ],
          [
            141.245337,
            43.119645
          ],
          [
            141.24559,
            43.119872
          ],
          [
            141.245567,
            43.119886
          ],
          [
            141.246218,
            43.120469
          ],
          [
            141.246175,
            43.120494
          ],
          [
            141.246208,
            43.120523
          ],
          [
            141.24599,
            43.120653
          ],
          [
            141.24608,
            43.120733
          ],
          [
            141.246044,
            43.120754
          ],
          [
            141.246073,
            43.120779
          ],
          [
            141.245914,
            43.120874
          ],
          [
            141.245808,
            43.120778
          ],
          [
            141.24533,
            43.121062
          ],
          [
            141.245313,
            43.121073
          ],
          [
            141.244302,
            43.120169
          ]
        ],
        "calculated_area_m2": 41006.1,
        "perimeter_m": 819.1,
        "bbox": [
          141.244302,
          43.119582,
          141.246218,
          43.121073
        ],
        "polygon_source": "OSM_exact_footprint"
      }
    },
    {
      "type": "Feature",
      "id": "duckdb/2",
      "geometry": {
        "type": "Polygon",
        "coordinates": [
          [
            [
              141.32271,
              43.046319
            ],
            [
              141.322778,
              43.046241
            ],
            [
              141.322831,
              43.046265
            ],
            [
              141.322961,
              43.046118
            ],
            [
              141.322915,
              43.046096
            ],
            [
              141.322996,
              43.046004
            ],
            [
              141.322331,
              43.045691
            ],
            [
              141.321955,
              43.046117
            ],
            [
              141.322369,
              43.046313
            ],
            [
              141.322465,
              43.046203
            ],
            [
              141.32271,
              43.046319
            ]
          ]
        ]
      },
      "properties": {
        "id": "duckdb/2",
        "osm_id": "db_2",
        "osm_type": "duckdb",
        "name": "イオン札幌旭ヶ丘店",
        "name_en": "",
        "lat": 43.046153,
        "lon": 141.322638,
        "brand": "イオン",
        "brand_wikidata": "Q305335",
        "mall_type": "一般イオン",
        "prefecture": "北海道",
        "city": "札幌市",
        "address": "北海道札幌市中央区南八条西25-2-1",
        "website": "",
        "opening_hours": "",
        "phone": "",
        "opening_year": "2024年12月7日（旧西友旭ヶ丘店を継承・リニューアルオープン）",
        "area": "店舗面積: 5,085㎡（直営売場面積: 約2,800㎡）",
        "former_building": "西友旭ヶ丘店",
        "demand_and_features": "札幌市中央区の高級住宅街に近い旭ヶ丘地区に位置し、西友の北海道撤退に伴う継承を経て2024年12月にオープン。スーパーマーケットとドラッグストアを融合した「フード＆ドラッグ」の都市型新フォーマット。近隣住民の日常の食料品や日用品需要に応え、オーガニック食材や高鮮度な生鮮食品、簡便惣菜などの品揃えを強みとする。",
        "source": "aeon_stores.duckdb",
        "priority": 1,
        "building_height_est_m": 12.0,
        "site_area_m2": 8136.0,
        "floor_area_m2": 5085.0,
        "polygon_coordinates": [
          [
            141.32271,
            43.046319
          ],
          [
            141.322778,
            43.046241
          ],
          [
            141.322831,
            43.046265
          ],
          [
            141.322961,
            43.046118
          ],
          [
            141.322915,
            43.046096
          ],
          [
            141.322996,
            43.046004
          ],
          [
            141.322331,
            43.045691
          ],
          [
            141.321955,
            43.046117
          ],
          [
            141.322369,
            43.046313
          ],
          [
            141.322465,
            43.046203
          ],
          [
            141.32271,
            43.046319
          ]
        ],
        "calculated_area_m2": 8133.5,
        "perimeter_m": 364.8,
        "bbox": [
          141.321955,
          43.045691,
          141.322996,
          43.046319
        ],
        "polygon_source": "OSM_exact_footprint"
      }
    },
    {
      "type": "Feature",
      "id": "duckdb/556",
      "geometry": {
        "type": "Polygon",
        "coordinates": [
          [
            [
              141.3670087,
              43.1144285
            ],
            [
              141.3672359,
              43.1135377
            ],
            [
              141.3676268,
              43.1135909
            ],
            [
              141.3677285,
              43.1131922
            ],
            [
              141.3681827,
              43.113254
            ],
            [
              141.3682037,
              43.1132648
            ],
            [
              141.3681482,
              43.1135049
            ],
            [
              141.3681815,
              43.1135283
            ],
            [
              141.3681039,
              43.1138223
            ],
            [
              141.3680398,
              43.1138718
            ],
            [
              141.3678721,
              43.1145715
            ],
            [
              141.3673099,
              43.1144867
            ],
            [
              141.3671397,
              43.1144651
            ],
            [
              141.3671421,
              43.1144547
            ],
            [
              141.3670272,
              43.1144401
            ],
            [
              141.3670087,
              43.1144285
            ]
          ]
        ]
      },
      "properties": {
        "id": "duckdb/556",
        "osm_id": "db_556",
        "osm_type": "duckdb",
        "name": "イオン札幌栄町店",
        "name_en": "",
        "lat": 43.113928,
        "lon": 141.367622,
        "brand": "イオン",
        "brand_wikidata": "Q305335",
        "mall_type": "一般イオン",
        "prefecture": "北海道",
        "city": "札幌市",
        "address": "北海道札幌市東区北42条東16-1-5",
        "website": "",
        "opening_hours": "",
        "phone": "",
        "opening_year": "1991年6月13日（開業時は「ダイエー栄町店」。2015年9月1日にイオンへ承継・転換）",
        "area": "延床面積：約36,246㎡ / 店舗面積：約10,910㎡",
        "former_building": "ダイエー栄町店",
        "demand_and_features": "札幌市営地下鉄東豊線「栄町駅」に直結し、抜群の交通アクセスを誇る駅直結型GMS。かつて「ダイエー栄町店」としてバブル期に誕生し、2015年のダイエー再編に伴いイオン北海道へと引き継がれた。地下や1階の食品フロアは通勤・通学客のデイリー購買を強力にカバーし、2階は衣料品、クリニック、カルチャー教室等を備え、冬期積雪の厳しい札幌東区北部においてインドアの超重要インフラとして機能している。",
        "source": "aeon_stores.duckdb",
        "priority": 1,
        "building_height_est_m": 12.0,
        "site_area_m2": 57993.6,
        "floor_area_m2": 36246.0,
        "polygon_coordinates": [
          [
            141.3670087,
            43.1144285
          ],
          [
            141.3672359,
            43.1135377
          ],
          [
            141.3676268,
            43.1135909
          ],
          [
            141.3677285,
            43.1131922
          ],
          [
            141.3681827,
            43.113254
          ],
          [
            141.3682037,
            43.1132648
          ],
          [
            141.3681482,
            43.1135049
          ],
          [
            141.3681815,
            43.1135283
          ],
          [
            141.3681039,
            43.1138223
          ],
          [
            141.3680398,
            43.1138718
          ],
          [
            141.3678721,
            43.1145715
          ],
          [
            141.3673099,
            43.1144867
          ],
          [
            141.3671397,
            43.1144651
          ],
          [
            141.3671421,
            43.1144547
          ],
          [
            141.3670272,
            43.1144401
          ],
          [
            141.3670087,
            43.1144285
          ]
        ],
        "calculated_area_m2": 57993.9,
        "perimeter_m": 974.2,
        "bbox": [
          141.3670087,
          43.1131922,
          141.3682037,
          43.1145715
        ],
        "polygon_source": "OSM_exact_footprint"
      }
    },
    {
      "type": "Feature",
      "id": "duckdb/1",
      "geometry": {
        "type": "Polygon",
        "coordinates": [
          [
            [
              141.332521,
              43.070222
            ],
            [
              141.332143,
              43.06973
            ],
            [
              141.332282,
              43.069178
            ],
            [
              141.333514,
              43.068692
            ],
            [
              141.333935,
              43.068747
            ],
            [
              141.334345,
              43.069299
            ],
            [
              141.334128,
              43.069575
            ],
            [
              141.332521,
              43.070222
            ]
          ]
        ]
      },
      "properties": {
        "id": "duckdb/1",
        "osm_id": "db_1",
        "osm_type": "duckdb",
        "name": "イオン札幌桑園店",
        "name_en": "",
        "lat": 43.069458,
        "lon": 141.333174,
        "brand": "イオン",
        "brand_wikidata": "Q305335",
        "mall_type": "一般イオン",
        "prefecture": "北海道",
        "city": "札幌市",
        "address": "北海道札幌市中央区北8条西14-28",
        "website": "",
        "opening_hours": "",
        "phone": "",
        "opening_year": "2002年10月25日（ジャスコ札幌桑園店として開業）",
        "area": "商業施設面積: 21,581㎡",
        "former_building": "ジャスコ札幌桑園店",
        "demand_and_features": "桑園駅近くに位置する都市型ショッピングセンター。駅近という好立地から徒歩や自転車での来店客が多く、マンション開発が進む同エリアの単身世帯やファミリー層、医療従事者などの日常的な買い物需要に応える。直営の食品売場は深夜まで営業しており、都市型の利便性と広域からの集客力を兼ね備えている。",
        "source": "aeon_stores.duckdb",
        "priority": 1,
        "building_height_est_m": 12.0,
        "site_area_m2": 34529.6,
        "floor_area_m2": 21581.0,
        "polygon_coordinates": [
          [
            141.332521,
            43.070222
          ],
          [
            141.332143,
            43.06973
          ],
          [
            141.332282,
            43.069178
          ],
          [
            141.333514,
            43.068692
          ],
          [
            141.333935,
            43.068747
          ],
          [
            141.334345,
            43.069299
          ],
          [
            141.334128,
            43.069575
          ],
          [
            141.332521,
            43.070222
          ]
        ],
        "calculated_area_m2": 34509.6,
        "perimeter_m": 751.4,
        "bbox": [
          141.332143,
          43.068692,
          141.334345,
          43.070222
        ],
        "polygon_source": "OSM_exact_footprint"
      }
    },
    {
      "type": "Feature",
      "id": "duckdb/11",
      "geometry": {
        "type": "Polygon",
        "coordinates": [
          [
            [
              141.3027328,
              43.0771361
            ],
            [
              141.3023711,
              43.076805
            ],
            [
              141.3031247,
              43.0763623
            ],
            [
              141.3032263,
              43.0763687
            ],
            [
              141.3034531,
              43.0765744
            ],
            [
              141.3032335,
              43.0767039
            ],
            [
              141.3033434,
              43.0768048
            ],
            [
              141.3027923,
              43.0771291
            ],
            [
              141.3027731,
              43.0771121
            ],
            [
              141.3027328,
              43.0771361
            ]
          ]
        ]
      },
      "properties": {
        "id": "duckdb/11",
        "osm_id": "db_11",
        "osm_type": "duckdb",
        "name": "イオン札幌琴似店",
        "name_en": "",
        "lat": 43.076813,
        "lon": 141.302978,
        "brand": "イオン",
        "brand_wikidata": "Q305335",
        "mall_type": "一般イオン",
        "prefecture": "北海道",
        "city": "札幌市",
        "address": "北海道札幌市西区琴似2条4-2-2",
        "website": "",
        "opening_hours": "",
        "phone": "",
        "opening_year": "1977年4月7日（ダイエー琴似店として開業、2015年9月1日にイオン北海道へ承継）",
        "area": "商業施設面積: 10,378㎡",
        "former_building": "ダイエー琴似店",
        "demand_and_features": "地下鉄東西線琴似駅に直結する都市型総合スーパー。1977年にダイエーとして開業して以来、駅直結の利便性を活かして琴似エリアの象徴的な商業施設として君臨。通勤・通学客による惣菜やお弁当の需要が極めて高く、周辺のシニア層向けの衣料品やヘルスケア商品も充実。駅近マンション住民の日常的な買い物ニーズをがっちり支えている。",
        "source": "aeon_stores.duckdb",
        "priority": 1,
        "building_height_est_m": 12.0,
        "site_area_m2": 16604.8,
        "floor_area_m2": 10378.0,
        "polygon_coordinates": [
          [
            141.3027328,
            43.0771361
          ],
          [
            141.3023711,
            43.076805
          ],
          [
            141.3031247,
            43.0763623
          ],
          [
            141.3032263,
            43.0763687
          ],
          [
            141.3034531,
            43.0765744
          ],
          [
            141.3032335,
            43.0767039
          ],
          [
            141.3033434,
            43.0768048
          ],
          [
            141.3027923,
            43.0771291
          ],
          [
            141.3027731,
            43.0771121
          ],
          [
            141.3027328,
            43.0771361
          ]
        ],
        "calculated_area_m2": 16594.7,
        "perimeter_m": 521.1,
        "bbox": [
          141.3023711,
          43.0763623,
          141.3034531,
          43.0771361
        ],
        "polygon_source": "OSM_exact_footprint"
      }
    },
    {
      "type": "Feature",
      "id": "duckdb/10",
      "geometry": {
        "type": "Polygon",
        "coordinates": [
          [
            [
              141.3373468,
              42.9998111
            ],
            [
              141.3369393,
              42.9987598
            ],
            [
              141.3355016,
              42.9990579
            ],
            [
              141.3357477,
              42.9996308
            ],
            [
              141.3363051,
              42.9998673
            ],
            [
              141.3364951,
              42.9998253
            ],
            [
              141.3365087,
              42.9998629
            ],
            [
              141.3366495,
              42.9998287
            ],
            [
              141.33672,
              42.9998563
            ],
            [
              141.3370846,
              42.9997778
            ],
            [
              141.337123,
              42.9998551
            ],
            [
              141.3373468,
              42.9998111
            ]
          ]
        ]
      },
      "properties": {
        "id": "duckdb/10",
        "osm_id": "db_10",
        "osm_type": "duckdb",
        "name": "イオン札幌藻岩店",
        "name_en": "",
        "lat": 42.999662,
        "lon": 141.336647,
        "brand": "イオン",
        "brand_wikidata": "Q305335",
        "mall_type": "一般イオン",
        "prefecture": "北海道",
        "city": "札幌市",
        "address": "北海道札幌市南区川沿2条2-1-1",
        "website": "",
        "opening_hours": "",
        "phone": "",
        "opening_year": "1979年7月20日（ニチイ藻岩店として開業、サティ、ポスフールを経てイオンへ）",
        "area": "商業施設面積: 8,777㎡",
        "former_building": "ニチイ藻岩店 ➔ 藻岩サティ ➔ ポスフール藻岩店",
        "demand_and_features": "札幌市南区川沿の国道230号線沿いに位置する歴史ある総合スーパー。ニチイからサティ、ポスフールを経てイオンへと受け継がれてきた。南区の緑豊かな住宅街におけるシニア層や長年の常連客が多く、車でのアクセスが主流。日常生活に不可欠な食品・日用消耗品を中心に、高齢者の健康や買いやすさに配慮したサービス・品揃えを提供している。",
        "source": "aeon_stores.duckdb",
        "priority": 1,
        "building_height_est_m": 12.0,
        "site_area_m2": 14043.2,
        "floor_area_m2": 8777.0,
        "polygon_coordinates": [
          [
            141.3373468,
            42.9998111
          ],
          [
            141.3369393,
            42.9987598
          ],
          [
            141.3355016,
            42.9990579
          ],
          [
            141.3357477,
            42.9996308
          ],
          [
            141.3363051,
            42.9998673
          ],
          [
            141.3364951,
            42.9998253
          ],
          [
            141.3365087,
            42.9998629
          ],
          [
            141.3366495,
            42.9998287
          ],
          [
            141.33672,
            42.9998563
          ],
          [
            141.3370846,
            42.9997778
          ],
          [
            141.337123,
            42.9998551
          ],
          [
            141.3373468,
            42.9998111
          ]
        ],
        "calculated_area_m2": 14043.9,
        "perimeter_m": 479.4,
        "bbox": [
          141.3355016,
          42.9987598,
          141.3373468,
          42.9998673
        ],
        "polygon_source": "OSM_exact_footprint"
      }
    },
    {
      "type": "Feature",
      "id": "duckdb/8",
      "geometry": {
        "type": "Polygon",
        "coordinates": [
          [
            [
              141.387547,
              43.01829
            ],
            [
              141.387466,
              43.018311
            ],
            [
              141.387436,
              43.018247
            ],
            [
              141.387336,
              43.018282
            ],
            [
              141.387218,
              43.018291
            ],
            [
              141.387115,
              43.018312
            ],
            [
              141.387011,
              43.018346
            ],
            [
              141.38695,
              43.018375
            ],
            [
              141.386966,
              43.018416
            ],
            [
              141.386901,
              43.018434
            ],
            [
              141.386615,
              43.018677
            ],
            [
              141.386593,
              43.018728
            ],
            [
              141.386605,
              43.018794
            ],
            [
              141.386696,
              43.019015
            ],
            [
              141.386746,
              43.019004
            ],
            [
              141.3868,
              43.019123
            ],
            [
              141.386728,
              43.019147
            ],
            [
              141.386696,
              43.019158
            ],
            [
              141.38695,
              43.019587
            ],
            [
              141.386994,
              43.019586
            ],
            [
              141.387593,
              43.019439
            ],
            [
              141.387519,
              43.019275
            ],
            [
              141.387933,
              43.019169
            ],
            [
              141.387825,
              43.018913
            ],
            [
              141.387865,
              43.018904
            ],
            [
              141.387838,
              43.018847
            ],
            [
              141.387806,
              43.018778
            ],
            [
              141.387768,
              43.018788
            ],
            [
              141.387603,
              43.018418
            ],
            [
              141.387583,
              43.018373
            ],
            [
              141.387547,
              43.01829
            ]
          ]
        ]
      },
      "properties": {
        "id": "duckdb/8",
        "osm_id": "db_8",
        "osm_type": "duckdb",
        "name": "イオン札幌西岡店",
        "name_en": "",
        "lat": 43.018752,
        "lon": 141.387234,
        "brand": "イオン",
        "brand_wikidata": "Q305335",
        "mall_type": "一般イオン",
        "prefecture": "北海道",
        "city": "札幌市",
        "address": "北海道札幌市豊平区西岡3条3-4-1",
        "website": "",
        "opening_hours": "",
        "phone": "",
        "opening_year": "2010年5月28日（ポスフール西岡店閉鎖後、建物を改修してイオンモールとして開業）",
        "area": "商業施設面積: 12,965㎡（延床面積: 29,146㎡）",
        "former_building": "ポスフール西岡店（さらに前身はダイエー西岡店 / ハイパーマート西岡店）",
        "demand_and_features": "豊平区西岡の丘陵地・住宅街に位置するショッピングセンター。ハイパーマートからダイエー、ポスフールへと変遷した歴史を持ち、2010年に新規リニューアル開業。周辺にある学校の学生やヤングファミリー層が多く、デイリーな食品需要に加え、日用品、衣料品、書籍など生活に必要なテナントが集う。車でのアクセスが容易で、地域コミュニティの場となっている。",
        "source": "aeon_stores.duckdb",
        "priority": 1,
        "building_height_est_m": 12.0,
        "site_area_m2": 20744.0,
        "floor_area_m2": 12965.0,
        "polygon_coordinates": [
          [
            141.387547,
            43.01829
          ],
          [
            141.387466,
            43.018311
          ],
          [
            141.387436,
            43.018247
          ],
          [
            141.387336,
            43.018282
          ],
          [
            141.387218,
            43.018291
          ],
          [
            141.387115,
            43.018312
          ],
          [
            141.387011,
            43.018346
          ],
          [
            141.38695,
            43.018375
          ],
          [
            141.386966,
            43.018416
          ],
          [
            141.386901,
            43.018434
          ],
          [
            141.386615,
            43.018677
          ],
          [
            141.386593,
            43.018728
          ],
          [
            141.386605,
            43.018794
          ],
          [
            141.386696,
            43.019015
          ],
          [
            141.386746,
            43.019004
          ],
          [
            141.3868,
            43.019123
          ],
          [
            141.386728,
            43.019147
          ],
          [
            141.386696,
            43.019158
          ],
          [
            141.38695,
            43.019587
          ],
          [
            141.386994,
            43.019586
          ],
          [
            141.387593,
            43.019439
          ],
          [
            141.387519,
            43.019275
          ],
          [
            141.387933,
            43.019169
          ],
          [
            141.387825,
            43.018913
          ],
          [
            141.387865,
            43.018904
          ],
          [
            141.387838,
            43.018847
          ],
          [
            141.387806,
            43.018778
          ],
          [
            141.387768,
            43.018788
          ],
          [
            141.387603,
            43.018418
          ],
          [
            141.387583,
            43.018373
          ],
          [
            141.387547,
            43.01829
          ]
        ],
        "calculated_area_m2": 20760.4,
        "perimeter_m": 582.8,
        "bbox": [
          141.386593,
          43.018247,
          141.387933,
          43.019587
        ],
        "polygon_source": "OSM_exact_footprint"
      }
    },
    {
      "type": "Feature",
      "id": "duckdb/13",
      "geometry": {
        "type": "Polygon",
        "coordinates": [
          [
            [
              141.288988,
              43.078786
            ],
            [
              141.287999,
              43.077888
            ],
            [
              141.288473,
              43.077607
            ],
            [
              141.288533,
              43.077661
            ],
            [
              141.288561,
              43.077645
            ],
            [
              141.288617,
              43.077696
            ],
            [
              141.288642,
              43.077705
            ],
            [
              141.288682,
              43.07774
            ],
            [
              141.288699,
              43.077731
            ],
            [
              141.288689,
              43.077723
            ],
            [
              141.288778,
              43.077678
            ],
            [
              141.28879,
              43.077688
            ],
            [
              141.288848,
              43.077652
            ],
            [
              141.288833,
              43.077636
            ],
            [
              141.288921,
              43.07759
            ],
            [
              141.288931,
              43.0776
            ],
            [
              141.28895,
              43.07759
            ],
            [
              141.289003,
              43.077644
            ],
            [
              141.288999,
              43.077664
            ],
            [
              141.289746,
              43.078337
            ],
            [
              141.288988,
              43.078786
            ]
          ]
        ]
      },
      "properties": {
        "id": "duckdb/13",
        "osm_id": "db_13",
        "osm_type": "duckdb",
        "name": "イオン札幌西町店",
        "name_en": "",
        "lat": 43.077812,
        "lon": 141.288794,
        "brand": "イオン",
        "brand_wikidata": "Q305335",
        "mall_type": "一般イオン",
        "prefecture": "北海道",
        "city": "札幌市",
        "address": "北海道札幌市西区西町南6-1-1",
        "website": "",
        "opening_hours": "",
        "phone": "",
        "opening_year": "2024年11月2日（旧西友西町店を継承・リニューアルオープン）",
        "area": "商業施設面積: 13,541㎡",
        "former_building": "西友西町店",
        "demand_and_features": "西区の主要幹線道路である北5条手稲通沿いに位置する店舗。2024年に西友の北海道撤退に伴う継承プロジェクトによりイオンへと生まれ変わった。元々は西町シティフォーラムとして地域で親しまれた建物であり、地下鉄宮の沢駅周辺の住民が日常利用する。生鮮三品の鮮度強化やテナントの維持により、旧西友時代からの常連客の信頼に応えている。",
        "source": "aeon_stores.duckdb",
        "priority": 1,
        "building_height_est_m": 12.0,
        "site_area_m2": 21665.6,
        "floor_area_m2": 13541.0,
        "polygon_coordinates": [
          [
            141.288988,
            43.078786
          ],
          [
            141.287999,
            43.077888
          ],
          [
            141.288473,
            43.077607
          ],
          [
            141.288533,
            43.077661
          ],
          [
            141.288561,
            43.077645
          ],
          [
            141.288617,
            43.077696
          ],
          [
            141.288642,
            43.077705
          ],
          [
            141.288682,
            43.07774
          ],
          [
            141.288699,
            43.077731
          ],
          [
            141.288689,
            43.077723
          ],
          [
            141.288778,
            43.077678
          ],
          [
            141.28879,
            43.077688
          ],
          [
            141.288848,
            43.077652
          ],
          [
            141.288833,
            43.077636
          ],
          [
            141.288921,
            43.07759
          ],
          [
            141.288931,
            43.0776
          ],
          [
            141.28895,
            43.07759
          ],
          [
            141.289003,
            43.077644
          ],
          [
            141.288999,
            43.077664
          ],
          [
            141.289746,
            43.078337
          ],
          [
            141.288988,
            43.078786
          ]
        ],
        "calculated_area_m2": 21678.5,
        "perimeter_m": 595.6,
        "bbox": [
          141.287999,
          43.07759,
          141.289746,
          43.078786
        ],
        "polygon_source": "OSM_exact_footprint"
      }
    },
    {
      "type": "Feature",
      "id": "duckdb/3",
      "geometry": {
        "type": "Polygon",
        "coordinates": [
          [
            [
              141.3389039,
              43.1074498
            ],
            [
              141.3389188,
              43.107387
            ],
            [
              141.3389461,
              43.1073905
            ],
            [
              141.3389685,
              43.1072966
            ],
            [
              141.3392677,
              43.1073346
            ],
            [
              141.3393251,
              43.1070931
            ],
            [
              141.3391124,
              43.1070661
            ],
            [
              141.3391055,
              43.1070951
            ],
            [
              141.3388644,
              43.1070645
            ],
            [
              141.3389034,
              43.1069009
            ],
            [
              141.33926,
              43.1069461
            ],
            [
              141.3392393,
              43.1070335
            ],
            [
              141.3393328,
              43.1070453
            ],
            [
              141.3393627,
              43.1069197
            ],
            [
              141.3394697,
              43.1069132
            ],
            [
              141.3401064,
              43.106994
            ],
            [
              141.3401175,
              43.1069476
            ],
            [
              141.3402452,
              43.1069638
            ],
            [
              141.3400936,
              43.1076008
            ],
            [
              141.3389039,
              43.1074498
            ]
          ]
        ]
      },
      "properties": {
        "id": "duckdb/3",
        "osm_id": "db_3",
        "osm_type": "duckdb",
        "name": "イオン札幌麻生店",
        "name_en": "",
        "lat": 43.107145,
        "lon": 141.339322,
        "brand": "イオン",
        "brand_wikidata": "Q305335",
        "mall_type": "一般イオン",
        "prefecture": "北海道",
        "city": "札幌市",
        "address": "北海道札幌市北区北39条西4-1-5",
        "website": "",
        "opening_hours": "",
        "phone": "",
        "opening_year": "1977年6月20日（ダイエー麻生店として開業、2015年9月1日にイオン北海道へ承継）",
        "area": "商業施設面積: 12,949㎡",
        "former_building": "ダイエー麻生店",
        "demand_and_features": "地下鉄南北線麻生駅に直結する抜群の交通利便性を誇る都市型店舗。1977年に「ダイエー麻生店」として開業し、約40年以上にわたり地域商業の核であり続けている。周辺の単身世帯やファミリー層、高齢者層の多様な日常需要に対応し、特に駅利用者の通勤帰りの即食・簡便惣菜ニーズや生活雑貨の購買拠点として高い支持を得ている。",
        "source": "aeon_stores.duckdb",
        "priority": 1,
        "building_height_est_m": 12.0,
        "site_area_m2": 20718.4,
        "floor_area_m2": 12949.0,
        "polygon_coordinates": [
          [
            141.3389039,
            43.1074498
          ],
          [
            141.3389188,
            43.107387
          ],
          [
            141.3389461,
            43.1073905
          ],
          [
            141.3389685,
            43.1072966
          ],
          [
            141.3392677,
            43.1073346
          ],
          [
            141.3393251,
            43.1070931
          ],
          [
            141.3391124,
            43.1070661
          ],
          [
            141.3391055,
            43.1070951
          ],
          [
            141.3388644,
            43.1070645
          ],
          [
            141.3389034,
            43.1069009
          ],
          [
            141.33926,
            43.1069461
          ],
          [
            141.3392393,
            43.1070335
          ],
          [
            141.3393328,
            43.1070453
          ],
          [
            141.3393627,
            43.1069197
          ],
          [
            141.3394697,
            43.1069132
          ],
          [
            141.3401064,
            43.106994
          ],
          [
            141.3401175,
            43.1069476
          ],
          [
            141.3402452,
            43.1069638
          ],
          [
            141.3400936,
            43.1076008
          ],
          [
            141.3389039,
            43.1074498
          ]
        ],
        "calculated_area_m2": 20714.0,
        "perimeter_m": 582.2,
        "bbox": [
          141.3388644,
          43.1069009,
          141.3402452,
          43.1076008
        ],
        "polygon_source": "OSM_exact_footprint"
      }
    },
    {
      "type": "Feature",
      "id": "way/755395563",
      "geometry": {
        "type": "Polygon",
        "coordinates": [
          [
            [
              140.41867,
              40.800945
            ],
            [
              140.418639,
              40.800886
            ],
            [
              140.417793,
              40.800636
            ],
            [
              140.417111,
              40.800444
            ],
            [
              140.416536,
              40.80028
            ],
            [
              140.41643,
              40.800337
            ],
            [
              140.416092,
              40.801164
            ],
            [
              140.415954,
              40.801505
            ],
            [
              140.415776,
              40.802009
            ],
            [
              140.415686,
              40.80226
            ],
            [
              140.415431,
              40.802943
            ],
            [
              140.415281,
              40.803246
            ],
            [
              140.415113,
              40.803674
            ],
            [
              140.415958,
              40.803933
            ],
            [
              140.415696,
              40.804409
            ],
            [
              140.4159,
              40.804474
            ],
            [
              140.415785,
              40.804744
            ],
            [
              140.416351,
              40.804849
            ],
            [
              140.416293,
              40.805089
            ],
            [
              140.416553,
              40.805128
            ],
            [
              140.416844,
              40.805181
            ],
            [
              140.417331,
              40.805262
            ],
            [
              140.417435,
              40.80522
            ],
            [
              140.417473,
              40.805089
            ],
            [
              140.417512,
              40.804996
            ],
            [
              140.417586,
              40.804854
            ],
            [
              140.417687,
              40.804708
            ],
            [
              140.417832,
              40.804537
            ],
            [
              140.417887,
              40.804472
            ],
            [
              140.418002,
              40.80434
            ],
            [
              140.418127,
              40.804166
            ],
            [
              140.418212,
              40.804011
            ],
            [
              140.418175,
              40.803941
            ],
            [
              140.418208,
              40.803861
            ],
            [
              140.418314,
              40.803828
            ],
            [
              140.418526,
              40.803422
            ],
            [
              140.418746,
              40.803012
            ],
            [
              140.418828,
              40.802853
            ],
            [
              140.418874,
              40.802678
            ],
            [
              140.418892,
              40.802504
            ],
            [
              140.418854,
              40.802281
            ],
            [
              140.418811,
              40.802175
            ],
            [
              140.418664,
              40.801842
            ],
            [
              140.418609,
              40.801692
            ],
            [
              140.41857,
              40.801491
            ],
            [
              140.418568,
              40.801308
            ],
            [
              140.418605,
              40.801134
            ],
            [
              140.41867,
              40.800945
            ]
          ]
        ]
      },
      "properties": {
        "id": "way/755395563",
        "osm_id": 755395563,
        "osm_type": "way",
        "name": "イオンモールつがる柏",
        "name_en": "",
        "lat": 40.802771,
        "lon": 140.417002,
        "brand": "イオン",
        "brand_wikidata": "Q305335",
        "mall_type": "イオンモール",
        "prefecture": "青森県",
        "city": "",
        "address": "青森県",
        "website": "",
        "opening_hours": "",
        "phone": "",
        "opening_year": "1992年11月28日（ジャスコ柏店として開業）",
        "area": "商業施設面積: 約51,238m²（敷地面積: 約130,000m²）",
        "former_building": "ジャスコ柏店（イオンモール株式会社＝旧イオン興産開発のショッピングモール1号店）",
        "demand_and_features": "津軽平野の中心であるつがる市（旧柏村）に位置する「イオンモールつがる柏」の核店舗。イオンモール歴史上、第1号店として開業した記念碑的モール。弘前市や五所川原市を含む西つがる・中つがる地域の広大な農村エリアからマイカーで来店する家族連れにとって、映画館（シネマヴィレッジ8）を含む総合娯楽・買い出し拠点として熱狂的な需要がある。",
        "source": "OpenStreetMap",
        "priority": 2,
        "building_height_est_m": 22.0,
        "site_area_m2": 130000.0,
        "floor_area_m2": 51238.0,
        "polygon_coordinates": [
          [
            140.41867,
            40.800945
          ],
          [
            140.418639,
            40.800886
          ],
          [
            140.417793,
            40.800636
          ],
          [
            140.417111,
            40.800444
          ],
          [
            140.416536,
            40.80028
          ],
          [
            140.41643,
            40.800337
          ],
          [
            140.416092,
            40.801164
          ],
          [
            140.415954,
            40.801505
          ],
          [
            140.415776,
            40.802009
          ],
          [
            140.415686,
            40.80226
          ],
          [
            140.415431,
            40.802943
          ],
          [
            140.415281,
            40.803246
          ],
          [
            140.415113,
            40.803674
          ],
          [
            140.415958,
            40.803933
          ],
          [
            140.415696,
            40.804409
          ],
          [
            140.4159,
            40.804474
          ],
          [
            140.415785,
            40.804744
          ],
          [
            140.416351,
            40.804849
          ],
          [
            140.416293,
            40.805089
          ],
          [
            140.416553,
            40.805128
          ],
          [
            140.416844,
            40.805181
          ],
          [
            140.417331,
            40.805262
          ],
          [
            140.417435,
            40.80522
          ],
          [
            140.417473,
            40.805089
          ],
          [
            140.417512,
            40.804996
          ],
          [
            140.417586,
            40.804854
          ],
          [
            140.417687,
            40.804708
          ],
          [
            140.417832,
            40.804537
          ],
          [
            140.417887,
            40.804472
          ],
          [
            140.418002,
            40.80434
          ],
          [
            140.418127,
            40.804166
          ],
          [
            140.418212,
            40.804011
          ],
          [
            140.418175,
            40.803941
          ],
          [
            140.418208,
            40.803861
          ],
          [
            140.418314,
            40.803828
          ],
          [
            140.418526,
            40.803422
          ],
          [
            140.418746,
            40.803012
          ],
          [
            140.418828,
            40.802853
          ],
          [
            140.418874,
            40.802678
          ],
          [
            140.418892,
            40.802504
          ],
          [
            140.418854,
            40.802281
          ],
          [
            140.418811,
            40.802175
          ],
          [
            140.418664,
            40.801842
          ],
          [
            140.418609,
            40.801692
          ],
          [
            140.41857,
            40.801491
          ],
          [
            140.418568,
            40.801308
          ],
          [
            140.418605,
            40.801134
          ],
          [
            140.41867,
            40.800945
          ]
        ],
        "calculated_area_m2": 113666.4,
        "perimeter_m": 1461.6,
        "bbox": [
          140.415113,
          40.80028,
          140.418892,
          40.805262
        ],
        "polygon_source": "OSM_exact_footprint"
      }
    },
    {
      "type": "Feature",
      "id": "way/750975671",
      "geometry": {
        "type": "Polygon",
        "coordinates": [
          [
            [
              141.417381,
              40.604569
            ],
            [
              141.418049,
              40.604537
            ],
            [
              141.418049,
              40.604466
            ],
            [
              141.418061,
              40.604414
            ],
            [
              141.418113,
              40.604349
            ],
            [
              141.418191,
              40.604321
            ],
            [
              141.418498,
              40.604259
            ],
            [
              141.418611,
              40.604217
            ],
            [
              141.418699,
              40.60417
            ],
            [
              141.418757,
              40.604137
            ],
            [
              141.419213,
              40.603715
            ],
            [
              141.419367,
              40.603563
            ],
            [
              141.420123,
              40.602816
            ],
            [
              141.420215,
              40.602717
            ],
            [
              141.420378,
              40.60251
            ],
            [
              141.420538,
              40.602312
            ],
            [
              141.420688,
              40.602089
            ],
            [
              141.420959,
              40.601664
            ],
            [
              141.421021,
              40.601523
            ],
            [
              141.421041,
              40.601418
            ],
            [
              141.421035,
              40.601313
            ],
            [
              141.421,
              40.601197
            ],
            [
              141.42095,
              40.601125
            ],
            [
              141.420877,
              40.601053
            ],
            [
              141.420794,
              40.600992
            ],
            [
              141.420667,
              40.600934
            ],
            [
              141.420511,
              40.600892
            ],
            [
              141.420323,
              40.600853
            ],
            [
              141.419359,
              40.600762
            ],
            [
              141.41917,
              40.600732
            ],
            [
              141.418926,
              40.600684
            ],
            [
              141.418704,
              40.60062
            ],
            [
              141.418506,
              40.600533
            ],
            [
              141.418318,
              40.600437
            ],
            [
              141.418219,
              40.600356
            ],
            [
              141.41813,
              40.600257
            ],
            [
              141.418038,
              40.600138
            ],
            [
              141.417963,
              40.600016
            ],
            [
              141.417897,
              40.599867
            ],
            [
              141.417868,
              40.599795
            ],
            [
              141.417846,
              40.599772
            ],
            [
              141.417791,
              40.599755
            ],
            [
              141.417719,
              40.599756
            ],
            [
              141.417559,
              40.59978
            ],
            [
              141.416985,
              40.599907
            ],
            [
              141.416819,
              40.599936
            ],
            [
              141.416606,
              40.599969
            ],
            [
              141.416118,
              40.600091
            ],
            [
              141.41588,
              40.600187
            ],
            [
              141.415843,
              40.600209
            ],
            [
              141.415831,
              40.600242
            ],
            [
              141.415831,
              40.600278
            ],
            [
              141.415971,
              40.60049
            ],
            [
              141.416127,
              40.600672
            ],
            [
              141.416138,
              40.600699
            ],
            [
              141.416151,
              40.600742
            ],
            [
              141.416113,
              40.600854
            ],
            [
              141.416076,
              40.600889
            ],
            [
              141.415975,
              40.600923
            ],
            [
              141.416008,
              40.601061
            ],
            [
              141.416009,
              40.601212
            ],
            [
              141.415993,
              40.601341
            ],
            [
              141.415969,
              40.601451
            ],
            [
              141.415903,
              40.601618
            ],
            [
              141.415726,
              40.60193
            ],
            [
              141.415586,
              40.602153
            ],
            [
              141.415486,
              40.602302
            ],
            [
              141.415407,
              40.602438
            ],
            [
              141.415372,
              40.602527
            ],
            [
              141.41536,
              40.602643
            ],
            [
              141.415375,
              40.602797
            ],
            [
              141.415422,
              40.602929
            ],
            [
              141.415469,
              40.603036
            ],
            [
              141.415586,
              40.603282
            ],
            [
              141.415812,
              40.603781
            ],
            [
              141.415836,
              40.603913
            ],
            [
              141.415835,
              40.60429
            ],
            [
              141.415836,
              40.604555
            ],
            [
              141.415932,
              40.604622
            ],
            [
              141.416411,
              40.604615
            ],
            [
              141.416582,
              40.604614
            ],
            [
              141.417151,
              40.604588
            ],
            [
              141.417381,
              40.604569
            ]
          ]
        ]
      },
      "properties": {
        "id": "way/750975671",
        "osm_id": 750975671,
        "osm_type": "way",
        "name": "イオンモール下田",
        "name_en": "AEON MALL Shimoda",
        "lat": 40.602188,
        "lon": 141.418201,
        "brand": "イオン",
        "brand_wikidata": "Q305335",
        "mall_type": "イオンモール",
        "prefecture": "青森県",
        "city": "",
        "address": "青森県",
        "website": "",
        "opening_hours": "",
        "phone": "",
        "opening_year": "1995年4月22日（イオン下田ショッピングセンターの核店舗として開業）",
        "area": "商業施設面積: 約54,600㎡（敷地面積: 約193,000㎡）",
        "former_building": "ジャスコ下田店",
        "demand_and_features": "おいらせ町（旧下田町）の広大な敷地に立地する「イオンモール下田」の核店舗。地元では「しもジャス」の愛称で長く親しまれ、八戸市や十和田市、三沢市などの南部地方全域から客を集める。映画館（TOHOシネマズ）やアミューズメント、大型アパレルを含め、三沢米軍基地の関係者や地域の3世代ファミリー層の週末の遊び・買い出しをカバーする大人気拠点。",
        "source": "OpenStreetMap",
        "priority": 2,
        "building_height_est_m": 22.0,
        "site_area_m2": 193000.0,
        "floor_area_m2": 54600.0,
        "polygon_coordinates": [
          [
            141.417381,
            40.604569
          ],
          [
            141.418049,
            40.604537
          ],
          [
            141.418049,
            40.604466
          ],
          [
            141.418061,
            40.604414
          ],
          [
            141.418113,
            40.604349
          ],
          [
            141.418191,
            40.604321
          ],
          [
            141.418498,
            40.604259
          ],
          [
            141.418611,
            40.604217
          ],
          [
            141.418699,
            40.60417
          ],
          [
            141.418757,
            40.604137
          ],
          [
            141.419213,
            40.603715
          ],
          [
            141.419367,
            40.603563
          ],
          [
            141.420123,
            40.602816
          ],
          [
            141.420215,
            40.602717
          ],
          [
            141.420378,
            40.60251
          ],
          [
            141.420538,
            40.602312
          ],
          [
            141.420688,
            40.602089
          ],
          [
            141.420959,
            40.601664
          ],
          [
            141.421021,
            40.601523
          ],
          [
            141.421041,
            40.601418
          ],
          [
            141.421035,
            40.601313
          ],
          [
            141.421,
            40.601197
          ],
          [
            141.42095,
            40.601125
          ],
          [
            141.420877,
            40.601053
          ],
          [
            141.420794,
            40.600992
          ],
          [
            141.420667,
            40.600934
          ],
          [
            141.420511,
            40.600892
          ],
          [
            141.420323,
            40.600853
          ],
          [
            141.419359,
            40.600762
          ],
          [
            141.41917,
            40.600732
          ],
          [
            141.418926,
            40.600684
          ],
          [
            141.418704,
            40.60062
          ],
          [
            141.418506,
            40.600533
          ],
          [
            141.418318,
            40.600437
          ],
          [
            141.418219,
            40.600356
          ],
          [
            141.41813,
            40.600257
          ],
          [
            141.418038,
            40.600138
          ],
          [
            141.417963,
            40.600016
          ],
          [
            141.417897,
            40.599867
          ],
          [
            141.417868,
            40.599795
          ],
          [
            141.417846,
            40.599772
          ],
          [
            141.417791,
            40.599755
          ],
          [
            141.417719,
            40.599756
          ],
          [
            141.417559,
            40.59978
          ],
          [
            141.416985,
            40.599907
          ],
          [
            141.416819,
            40.599936
          ],
          [
            141.416606,
            40.599969
          ],
          [
            141.416118,
            40.600091
          ],
          [
            141.41588,
            40.600187
          ],
          [
            141.415843,
            40.600209
          ],
          [
            141.415831,
            40.600242
          ],
          [
            141.415831,
            40.600278
          ],
          [
            141.415971,
            40.60049
          ],
          [
            141.416127,
            40.600672
          ],
          [
            141.416138,
            40.600699
          ],
          [
            141.416151,
            40.600742
          ],
          [
            141.416113,
            40.600854
          ],
          [
            141.416076,
            40.600889
          ],
          [
            141.415975,
            40.600923
          ],
          [
            141.416008,
            40.601061
          ],
          [
            141.416009,
            40.601212
          ],
          [
            141.415993,
            40.601341
          ],
          [
            141.415969,
            40.601451
          ],
          [
            141.415903,
            40.601618
          ],
          [
            141.415726,
            40.60193
          ],
          [
            141.415586,
            40.602153
          ],
          [
            141.415486,
            40.602302
          ],
          [
            141.415407,
            40.602438
          ],
          [
            141.415372,
            40.602527
          ],
          [
            141.41536,
            40.602643
          ],
          [
            141.415375,
            40.602797
          ],
          [
            141.415422,
            40.602929
          ],
          [
            141.415469,
            40.603036
          ],
          [
            141.415586,
            40.603282
          ],
          [
            141.415812,
            40.603781
          ],
          [
            141.415836,
            40.603913
          ],
          [
            141.415835,
            40.60429
          ],
          [
            141.415836,
            40.604555
          ],
          [
            141.415932,
            40.604622
          ],
          [
            141.416411,
            40.604615
          ],
          [
            141.416582,
            40.604614
          ],
          [
            141.417151,
            40.604588
          ],
          [
            141.417381,
            40.604569
          ]
        ],
        "calculated_area_m2": 170172.6,
        "perimeter_m": 1682.3,
        "bbox": [
          141.41536,
          40.599755,
          141.421041,
          40.604622
        ],
        "polygon_source": "OSM_exact_footprint"
      }
    },
    {
      "type": "Feature",
      "id": "way/1034669270",
      "geometry": {
        "type": "Polygon",
        "coordinates": [
          [
            [
              141.097467,
              39.711536
            ],
            [
              141.097379,
              39.711991
            ],
            [
              141.097598,
              39.712016
            ],
            [
              141.097691,
              39.712003
            ],
            [
              141.098029,
              39.712042
            ],
            [
              141.100046,
              39.712277
            ],
            [
              141.100149,
              39.712289
            ],
            [
              141.100172,
              39.712173
            ],
            [
              141.100316,
              39.71219
            ],
            [
              141.100347,
              39.712034
            ],
            [
              141.100454,
              39.712046
            ],
            [
              141.100625,
              39.711177
            ],
            [
              141.100622,
              39.71116
            ],
            [
              141.100441,
              39.711139
            ],
            [
              141.09961,
              39.711041
            ],
            [
              141.099594,
              39.711117
            ],
            [
              141.099472,
              39.711102
            ],
            [
              141.099372,
              39.711066
            ],
            [
              141.099294,
              39.711036
            ],
            [
              141.099277,
              39.711082
            ],
            [
              141.099055,
              39.711036
            ],
            [
              141.098827,
              39.711035
            ],
            [
              141.098829,
              39.711005
            ],
            [
              141.098693,
              39.710959
            ],
            [
              141.098577,
              39.71097
            ],
            [
              141.09857,
              39.711021
            ],
            [
              141.098228,
              39.710985
            ],
            [
              141.098164,
              39.710979
            ],
            [
              141.09817,
              39.710919
            ],
            [
              141.098136,
              39.710908
            ],
            [
              141.098099,
              39.710896
            ],
            [
              141.098046,
              39.71089
            ],
            [
              141.098023,
              39.710894
            ],
            [
              141.097994,
              39.710899
            ],
            [
              141.097986,
              39.71094
            ],
            [
              141.097906,
              39.710931
            ],
            [
              141.097868,
              39.711128
            ],
            [
              141.097386,
              39.711073
            ],
            [
              141.097299,
              39.711517
            ],
            [
              141.097467,
              39.711536
            ]
          ]
        ]
      },
      "properties": {
        "id": "way/1034669270",
        "osm_id": 1034669270,
        "osm_type": "way",
        "name": "イオンモール盛岡",
        "name_en": "AEON Mall Morioka",
        "lat": 39.71159,
        "lon": 141.098962,
        "brand": "イオンモール",
        "brand_wikidata": "Q11286068",
        "mall_type": "イオンモール",
        "prefecture": "岩手県",
        "city": "",
        "address": "岩手県",
        "website": "https://morioka-aeonmall.com/",
        "opening_hours": "",
        "phone": "",
        "opening_year": "2003年8月9日（イオン盛岡ショッピングセンターの核店舗として開業）",
        "area": "商業施設面積: 約52,000㎡（敷地面積: 約97,000㎡）",
        "former_building": "新規開発",
        "demand_and_features": "東北自動車道盛岡インターチェンジに隣接し、近年新駅「前潟駅」も開業してアクセスがさらに向上した「イオンモール盛岡」の核店舗。元々は水田地帯だった場所を土地区画整理し開発した。岩手県北や秋田県東部からも車で客が流入する広域拠点であり、週末の衣食住のまとめ買いやレジャー需要が非常に高い。圧倒的な物販力とレストラン街が強み。",
        "source": "OpenStreetMap",
        "priority": 2,
        "building_height_est_m": 22.0,
        "site_area_m2": 97000.0,
        "floor_area_m2": 52000.0,
        "polygon_coordinates": [
          [
            141.097467,
            39.711536
          ],
          [
            141.097379,
            39.711991
          ],
          [
            141.097598,
            39.712016
          ],
          [
            141.097691,
            39.712003
          ],
          [
            141.098029,
            39.712042
          ],
          [
            141.100046,
            39.712277
          ],
          [
            141.100149,
            39.712289
          ],
          [
            141.100172,
            39.712173
          ],
          [
            141.100316,
            39.71219
          ],
          [
            141.100347,
            39.712034
          ],
          [
            141.100454,
            39.712046
          ],
          [
            141.100625,
            39.711177
          ],
          [
            141.100622,
            39.71116
          ],
          [
            141.100441,
            39.711139
          ],
          [
            141.09961,
            39.711041
          ],
          [
            141.099594,
            39.711117
          ],
          [
            141.099472,
            39.711102
          ],
          [
            141.099372,
            39.711066
          ],
          [
            141.099294,
            39.711036
          ],
          [
            141.099277,
            39.711082
          ],
          [
            141.099055,
            39.711036
          ],
          [
            141.098827,
            39.711035
          ],
          [
            141.098829,
            39.711005
          ],
          [
            141.098693,
            39.710959
          ],
          [
            141.098577,
            39.71097
          ],
          [
            141.09857,
            39.711021
          ],
          [
            141.098228,
            39.710985
          ],
          [
            141.098164,
            39.710979
          ],
          [
            141.09817,
            39.710919
          ],
          [
            141.098136,
            39.710908
          ],
          [
            141.098099,
            39.710896
          ],
          [
            141.098046,
            39.71089
          ],
          [
            141.098023,
            39.710894
          ],
          [
            141.097994,
            39.710899
          ],
          [
            141.097986,
            39.71094
          ],
          [
            141.097906,
            39.710931
          ],
          [
            141.097868,
            39.711128
          ],
          [
            141.097386,
            39.711073
          ],
          [
            141.097299,
            39.711517
          ],
          [
            141.097467,
            39.711536
          ]
        ],
        "calculated_area_m2": 32226.4,
        "perimeter_m": 838.8,
        "bbox": [
          141.097299,
          39.71089,
          141.100625,
          39.712289
        ],
        "polygon_source": "OSM_exact_footprint"
      }
    },
    {
      "type": "Feature",
      "id": "way/213701887",
      "geometry": {
        "type": "Polygon",
        "coordinates": [
          [
            [
              141.128573,
              39.684682
            ],
            [
              141.128653,
              39.68468
            ],
            [
              141.128654,
              39.684707
            ],
            [
              141.129577,
              39.684683
            ],
            [
              141.129578,
              39.684707
            ],
            [
              141.129581,
              39.684762
            ],
            [
              141.129706,
              39.684759
            ],
            [
              141.129792,
              39.684701
            ],
            [
              141.129741,
              39.683903
            ],
            [
              141.129554,
              39.683767
            ],
            [
              141.129517,
              39.683769
            ],
            [
              141.129506,
              39.683626
            ],
            [
              141.128494,
              39.682941
            ],
            [
              141.128457,
              39.682972
            ],
            [
              141.128454,
              39.682886
            ],
            [
              141.127835,
              39.682902
            ],
            [
              141.127834,
              39.68281
            ],
            [
              141.127832,
              39.682662
            ],
            [
              141.126698,
              39.682716
            ],
            [
              141.12674,
              39.683642
            ],
            [
              141.127765,
              39.683616
            ],
            [
              141.127767,
              39.68366
            ],
            [
              141.128091,
              39.683652
            ],
            [
              141.128164,
              39.683704
            ],
            [
              141.128185,
              39.683744
            ],
            [
              141.128216,
              39.68379
            ],
            [
              141.128256,
              39.683828
            ],
            [
              141.128305,
              39.683867
            ],
            [
              141.128368,
              39.683901
            ],
            [
              141.128437,
              39.683937
            ],
            [
              141.128533,
              39.683972
            ],
            [
              141.128563,
              39.683993
            ],
            [
              141.128567,
              39.684067
            ],
            [
              141.128546,
              39.684068
            ],
            [
              141.128573,
              39.684682
            ]
          ]
        ]
      },
      "properties": {
        "id": "way/213701887",
        "osm_id": 213701887,
        "osm_type": "way",
        "name": "イオンモール盛岡南",
        "name_en": "AEON Mall Morioka Minami",
        "lat": 39.683712,
        "lon": 141.128245,
        "brand": "イオンモール",
        "brand_wikidata": "Q11286068",
        "mall_type": "イオンモール",
        "prefecture": "岩手県",
        "city": "盛岡市",
        "address": "岩手県盛岡市本宮1",
        "website": "https://www.aeon.jp/sc/moriokaminami/",
        "opening_hours": "10:00-21:00",
        "phone": "019-631-3450",
        "opening_year": "2006年9月15日（2025年6月20日にイオンスタイルとしてリニューアルオープン）",
        "area": "商業施設面積: 約57,220㎡（敷地面積: 約75,000㎡）",
        "former_building": "盛岡南サティ（移転・新築に伴いイオンへ変更）",
        "demand_and_features": "盛岡市南部の新興開発エリア「本宮地区」にある「イオンモール盛岡南」の核店舗。旧盛岡南サティを実質的に移転・吸収する形で開業。2025年に大規模改装し「イオンスタイル」へリニューアルされた。近隣のヤングファミリー層や、都市型マンション住民のモダンで洗練された衣食住のニーズに焦点を当て、高鮮度なデリカやお洒落な雑貨、キッズ関連を強力に展開。",
        "source": "OpenStreetMap",
        "priority": 2,
        "building_height_est_m": 22.0,
        "site_area_m2": 75000.0,
        "floor_area_m2": 57220.0,
        "polygon_coordinates": [
          [
            141.128573,
            39.684682
          ],
          [
            141.128653,
            39.68468
          ],
          [
            141.128654,
            39.684707
          ],
          [
            141.129577,
            39.684683
          ],
          [
            141.129578,
            39.684707
          ],
          [
            141.129581,
            39.684762
          ],
          [
            141.129706,
            39.684759
          ],
          [
            141.129792,
            39.684701
          ],
          [
            141.129741,
            39.683903
          ],
          [
            141.129554,
            39.683767
          ],
          [
            141.129517,
            39.683769
          ],
          [
            141.129506,
            39.683626
          ],
          [
            141.128494,
            39.682941
          ],
          [
            141.128457,
            39.682972
          ],
          [
            141.128454,
            39.682886
          ],
          [
            141.127835,
            39.682902
          ],
          [
            141.127834,
            39.68281
          ],
          [
            141.127832,
            39.682662
          ],
          [
            141.126698,
            39.682716
          ],
          [
            141.12674,
            39.683642
          ],
          [
            141.127765,
            39.683616
          ],
          [
            141.127767,
            39.68366
          ],
          [
            141.128091,
            39.683652
          ],
          [
            141.128164,
            39.683704
          ],
          [
            141.128185,
            39.683744
          ],
          [
            141.128216,
            39.68379
          ],
          [
            141.128256,
            39.683828
          ],
          [
            141.128305,
            39.683867
          ],
          [
            141.128368,
            39.683901
          ],
          [
            141.128437,
            39.683937
          ],
          [
            141.128533,
            39.683972
          ],
          [
            141.128563,
            39.683993
          ],
          [
            141.128567,
            39.684067
          ],
          [
            141.128546,
            39.684068
          ],
          [
            141.128573,
            39.684682
          ]
        ],
        "calculated_area_m2": 30683.6,
        "perimeter_m": 911.3,
        "bbox": [
          141.126698,
          39.682662,
          141.129792,
          39.684762
        ],
        "polygon_source": "OSM_exact_footprint"
      }
    },
    {
      "type": "Feature",
      "id": "way/1365973649",
      "geometry": {
        "type": "Polygon",
        "coordinates": [
          [
            [
              140.871634,
              38.275943
            ],
            [
              140.872152,
              38.276008
            ],
            [
              140.872134,
              38.276098
            ],
            [
              140.87219,
              38.276105
            ],
            [
              140.872234,
              38.27611
            ],
            [
              140.8722,
              38.276279
            ],
            [
              140.872156,
              38.276273
            ],
            [
              140.87209,
              38.276597
            ],
            [
              140.872069,
              38.2767
            ],
            [
              140.872106,
              38.276705
            ],
            [
              140.87207,
              38.276882
            ],
            [
              140.872231,
              38.276903
            ],
            [
              140.872964,
              38.276995
            ],
            [
              140.872998,
              38.276827
            ],
            [
              140.873232,
              38.275681
            ],
            [
              140.873198,
              38.275677
            ],
            [
              140.873145,
              38.275617
            ],
            [
              140.873083,
              38.275547
            ],
            [
              140.87309,
              38.275515
            ],
            [
              140.872697,
              38.275467
            ],
            [
              140.871937,
              38.275373
            ],
            [
              140.871856,
              38.275407
            ],
            [
              140.871814,
              38.275425
            ],
            [
              140.871775,
              38.27562
            ],
            [
              140.871701,
              38.275611
            ],
            [
              140.871634,
              38.275943
            ]
          ]
        ]
      },
      "properties": {
        "id": "way/1365973649",
        "osm_id": 1365973649,
        "osm_type": "way",
        "name": "イオンモール仙台上杉",
        "name_en": "AEON MALL SENDAI KAMISUGI",
        "lat": 38.276184,
        "lon": 140.872433,
        "brand": "イオンモール",
        "brand_wikidata": "Q11286068",
        "mall_type": "イオンモール",
        "prefecture": "宮城県",
        "city": "仙台市",
        "address": "宮城県仙台市青葉区1",
        "website": "https://sendaikamisugi.aeonmall.com/",
        "opening_hours": "Mo-Su 09:00-22:00",
        "phone": "+81 22 343 1750",
        "opening_year": "2025年10月8日（イオンモール仙台上杉の核店舗として開業）",
        "area": "商業施設面積 約29,000㎡",
        "former_building": "新規開発（東北大学雨宮キャンパス跡地）",
        "demand_and_features": "仙台市の文教地区である上杉エリアの東北大学跡地に誕生した最新モール。周辺の歴史ある住宅地や新設マンションのハイエンドな住民層に向けて、上質で健康志向の食料品やライフスタイル雑貨を提案している。地元の産直コーナーやオーガニック食材、環境に配慮した売場作りにより、持続可能で知的な都市型ライフスタイルを支えている。",
        "source": "OpenStreetMap",
        "priority": 2,
        "building_height_est_m": 22.0,
        "site_area_m2": 46400.0,
        "floor_area_m2": 29000.0,
        "polygon_coordinates": [
          [
            140.871634,
            38.275943
          ],
          [
            140.872152,
            38.276008
          ],
          [
            140.872134,
            38.276098
          ],
          [
            140.87219,
            38.276105
          ],
          [
            140.872234,
            38.27611
          ],
          [
            140.8722,
            38.276279
          ],
          [
            140.872156,
            38.276273
          ],
          [
            140.87209,
            38.276597
          ],
          [
            140.872069,
            38.2767
          ],
          [
            140.872106,
            38.276705
          ],
          [
            140.87207,
            38.276882
          ],
          [
            140.872231,
            38.276903
          ],
          [
            140.872964,
            38.276995
          ],
          [
            140.872998,
            38.276827
          ],
          [
            140.873232,
            38.275681
          ],
          [
            140.873198,
            38.275677
          ],
          [
            140.873145,
            38.275617
          ],
          [
            140.873083,
            38.275547
          ],
          [
            140.87309,
            38.275515
          ],
          [
            140.872697,
            38.275467
          ],
          [
            140.871937,
            38.275373
          ],
          [
            140.871856,
            38.275407
          ],
          [
            140.871814,
            38.275425
          ],
          [
            140.871775,
            38.27562
          ],
          [
            140.871701,
            38.275611
          ],
          [
            140.871634,
            38.275943
          ]
        ],
        "calculated_area_m2": 16348.7,
        "perimeter_m": 588.6,
        "bbox": [
          140.871634,
          38.275373,
          140.873232,
          38.276995
        ],
        "polygon_source": "OSM_exact_footprint"
      }
    },
    {
      "type": "Feature",
      "id": "node/5120976843",
      "geometry": {
        "type": "Polygon",
        "coordinates": [
          [
            [
              140.899872,
              38.1647028
            ],
            [
              140.8999782,
              38.1646734
            ],
            [
              140.8999712,
              38.1646589
            ],
            [
              140.90071,
              38.16446
            ],
            [
              140.9007347,
              38.1645166
            ],
            [
              140.9008322,
              38.1644903
            ],
            [
              140.9009567,
              38.1647763
            ],
            [
              140.9008592,
              38.1648025
            ],
            [
              140.9008724,
              38.1648328
            ],
            [
              140.9001342,
              38.1650316
            ],
            [
              140.9000864,
              38.1649218
            ],
            [
              140.8999799,
              38.1649505
            ],
            [
              140.899872,
              38.1647028
            ]
          ]
        ]
      },
      "properties": {
        "id": "node/5120976843",
        "osm_id": 5120976843,
        "osm_type": "node",
        "name": "イオンモール名取",
        "name_en": "Aeon-Mall Natori-nai Post Office",
        "lat": 38.164732,
        "lon": 140.900374,
        "brand": "イオン",
        "brand_wikidata": "Q305335",
        "mall_type": "イオンモール",
        "prefecture": "宮城県",
        "city": "名取市",
        "address": "宮城県名取市杜せきのした五丁目1",
        "website": "https://map.japanpost.jp/p/search/dtl/300181395000/",
        "opening_hours": "Mo-Su 10:00-18:00",
        "phone": "+81 22 381 1231",
        "opening_year": "2007年2月28日（ダイヤモンドシティ・エアリとして開業、2019年に大幅増床）",
        "area": "延床面積 約142,000㎡（モール全体）",
        "former_building": "新規開発（仙台空港アクセス線杜せきのした駅直結の土地区画整理地）",
        "demand_and_features": "仙台空港アクセス線直結のメガモール「イオンモール名取」の核店舗。名取市のみならず仙台市南部や県南部一帯から広域集客を行う。周辺で急増した子育て世代向けにベビー・キッズ用品や学習関連サービスが充実しており、週末は家族連れで終日賑わう。フードコートや専門店街との連携も強く、ライフスタイル提案型の旗艦店舗。",
        "source": "OpenStreetMap",
        "priority": 1,
        "building_height_est_m": 12.0,
        "site_area_m2": 9610.1,
        "floor_area_m2": 18019.0,
        "polygon_coordinates": [
          [
            140.899872,
            38.1647028
          ],
          [
            140.8999782,
            38.1646734
          ],
          [
            140.8999712,
            38.1646589
          ],
          [
            140.90071,
            38.16446
          ],
          [
            140.9007347,
            38.1645166
          ],
          [
            140.9008322,
            38.1644903
          ],
          [
            140.9009567,
            38.1647763
          ],
          [
            140.9008592,
            38.1648025
          ],
          [
            140.9008724,
            38.1648328
          ],
          [
            140.9001342,
            38.1650316
          ],
          [
            140.9000864,
            38.1649218
          ],
          [
            140.8999799,
            38.1649505
          ],
          [
            140.899872,
            38.1647028
          ]
        ],
        "calculated_area_m2": 227210.8,
        "perimeter_m": 261.3,
        "bbox": [
          140.899872,
          38.16446,
          140.900957,
          38.165032
        ],
        "polygon_source": "OSM_exact_footprint"
      }
    },
    {
      "type": "Feature",
      "id": "way/441546677",
      "geometry": {
        "type": "Polygon",
        "coordinates": [
          [
            [
              140.875537,
              38.365646
            ],
            [
              140.875528,
              38.365552
            ],
            [
              140.875664,
              38.365554
            ],
            [
              140.875661,
              38.364964
            ],
            [
              140.875654,
              38.364
            ],
            [
              140.875653,
              38.363806
            ],
            [
              140.874685,
              38.363799
            ],
            [
              140.87463,
              38.363814
            ],
            [
              140.874593,
              38.363833
            ],
            [
              140.874571,
              38.36385
            ],
            [
              140.874558,
              38.363873
            ],
            [
              140.87455,
              38.363901
            ],
            [
              140.874547,
              38.363935
            ],
            [
              140.874557,
              38.36556
            ],
            [
              140.873975,
              38.365553
            ],
            [
              140.873981,
              38.365601
            ],
            [
              140.873987,
              38.365641
            ],
            [
              140.875537,
              38.365646
            ]
          ]
        ]
      },
      "properties": {
        "id": "way/441546677",
        "osm_id": 441546677,
        "osm_type": "way",
        "name": "イオンモール富谷",
        "name_en": "AEON MALL Tomiya",
        "lat": 38.364722,
        "lon": 140.87482,
        "brand": "イオンモール",
        "brand_wikidata": "Q11286068",
        "mall_type": "イオンモール",
        "prefecture": "宮城県",
        "city": "富谷市",
        "address": "宮城県富谷市大清水1丁目1",
        "website": "https://www.aeon.jp/sc/tomiya/",
        "opening_hours": "Mo-Su 10:00-21:00",
        "phone": "+81 22 779 0808",
        "opening_year": "2003年3月21日（イオン富谷大清水ショッピングセンターとして開業）",
        "area": "商業施設面積 約38,045㎡",
        "former_building": "新規開発（富谷大清水ショッピングセンター）",
        "demand_and_features": "仙台市のベッドタウンである富谷市の「イオンモール富谷」の核店舗。ニュータウン開発に伴い流入した若い共働き・子育て世帯が多く、平日の夕方や週末には多くの家族連れが食料品や日用品をまとめて買い求める。店内にはキッズスペースや家族向けテナントが充実し、子ども連れでも快適に過ごせる環境が整っている。",
        "source": "OpenStreetMap",
        "priority": 2,
        "building_height_est_m": 22.0,
        "site_area_m2": 60872.0,
        "floor_area_m2": 38045.0,
        "polygon_coordinates": [
          [
            140.875537,
            38.365646
          ],
          [
            140.875528,
            38.365552
          ],
          [
            140.875664,
            38.365554
          ],
          [
            140.875661,
            38.364964
          ],
          [
            140.875654,
            38.364
          ],
          [
            140.875653,
            38.363806
          ],
          [
            140.874685,
            38.363799
          ],
          [
            140.87463,
            38.363814
          ],
          [
            140.874593,
            38.363833
          ],
          [
            140.874571,
            38.36385
          ],
          [
            140.874558,
            38.363873
          ],
          [
            140.87455,
            38.363901
          ],
          [
            140.874547,
            38.363935
          ],
          [
            140.874557,
            38.36556
          ],
          [
            140.873975,
            38.365553
          ],
          [
            140.873981,
            38.365601
          ],
          [
            140.873987,
            38.365641
          ],
          [
            140.875537,
            38.365646
          ]
        ],
        "calculated_area_m2": 20004.7,
        "perimeter_m": 697.0,
        "bbox": [
          140.873975,
          38.363799,
          140.875664,
          38.365646
        ],
        "polygon_source": "OSM_exact_footprint"
      }
    },
    {
      "type": "Feature",
      "id": "way/562035168",
      "geometry": {
        "type": "Polygon",
        "coordinates": [
          [
            [
              141.264104,
              38.447854
            ],
            [
              141.264147,
              38.447539
            ],
            [
              141.264054,
              38.447533
            ],
            [
              141.26407,
              38.447403
            ],
            [
              141.264165,
              38.447409
            ],
            [
              141.264192,
              38.447196
            ],
            [
              141.265094,
              38.447269
            ],
            [
              141.26558,
              38.447309
            ],
            [
              141.265839,
              38.447414
            ],
            [
              141.266103,
              38.447014
            ],
            [
              141.266775,
              38.447286
            ],
            [
              141.266854,
              38.447318
            ],
            [
              141.266634,
              38.447652
            ],
            [
              141.266791,
              38.44778
            ],
            [
              141.266902,
              38.447696
            ],
            [
              141.267631,
              38.448289
            ],
            [
              141.267782,
              38.448412
            ],
            [
              141.267405,
              38.448697
            ],
            [
              141.267518,
              38.448788
            ],
            [
              141.26702,
              38.449164
            ],
            [
              141.266427,
              38.448701
            ],
            [
              141.266346,
              38.448757
            ],
            [
              141.266224,
              38.448657
            ],
            [
              141.266301,
              38.448598
            ],
            [
              141.266039,
              38.448366
            ],
            [
              141.266135,
              38.448294
            ],
            [
              141.265939,
              38.44826
            ],
            [
              141.265783,
              38.448201
            ],
            [
              141.265687,
              38.448123
            ],
            [
              141.265602,
              38.448019
            ],
            [
              141.265571,
              38.448007
            ],
            [
              141.265529,
              38.448071
            ],
            [
              141.265424,
              38.448026
            ],
            [
              141.265463,
              38.447962
            ],
            [
              141.265374,
              38.447922
            ],
            [
              141.265413,
              38.447881
            ],
            [
              141.265377,
              38.44787
            ],
            [
              141.265254,
              38.447865
            ],
            [
              141.265273,
              38.447791
            ],
            [
              141.265234,
              38.447789
            ],
            [
              141.264973,
              38.447772
            ],
            [
              141.264961,
              38.447858
            ],
            [
              141.264953,
              38.447915
            ],
            [
              141.264647,
              38.447894
            ],
            [
              141.264639,
              38.447969
            ],
            [
              141.26447,
              38.447957
            ],
            [
              141.264479,
              38.447881
            ],
            [
              141.264104,
              38.447854
            ]
          ]
        ]
      },
      "properties": {
        "id": "way/562035168",
        "osm_id": 562035168,
        "osm_type": "way",
        "name": "イオンモール石巻",
        "name_en": "Aeon Mall Ishinomaki",
        "lat": 38.448089,
        "lon": 141.265918,
        "brand": "イオン",
        "brand_wikidata": "Q305335",
        "mall_type": "イオンモール",
        "prefecture": "宮城県",
        "city": "",
        "address": "宮城県",
        "website": "",
        "opening_hours": "",
        "phone": "",
        "opening_year": "2007年3月30日（開業時はジャスコ石巻店）",
        "area": "施設全体商業施設面積：約40,418㎡（敷地面積：約106,000㎡）",
        "former_building": "更地（新規開発）",
        "demand_and_features": "三陸沿岸道路の石巻河南IC正面に位置し、石巻・東松島から気仙沼方面まで宮城県北東部の広域をカバーする地域最大級の商業・エンタメハブ。2011年の東日本大震災時には津波被害を免れた立地を活かして駐車場や店舗を避難所・救援基地としていち早く開放し、地域の「命の砦」として機能した歴史を持つ。日常のワンストップ買い出しから地域の社会・防災の要として深く根ざしている。",
        "source": "OpenStreetMap",
        "priority": 2,
        "building_height_est_m": 22.0,
        "site_area_m2": 106000.0,
        "floor_area_m2": 40418.0,
        "polygon_coordinates": [
          [
            141.264104,
            38.447854
          ],
          [
            141.264147,
            38.447539
          ],
          [
            141.264054,
            38.447533
          ],
          [
            141.26407,
            38.447403
          ],
          [
            141.264165,
            38.447409
          ],
          [
            141.264192,
            38.447196
          ],
          [
            141.265094,
            38.447269
          ],
          [
            141.26558,
            38.447309
          ],
          [
            141.265839,
            38.447414
          ],
          [
            141.266103,
            38.447014
          ],
          [
            141.266775,
            38.447286
          ],
          [
            141.266854,
            38.447318
          ],
          [
            141.266634,
            38.447652
          ],
          [
            141.266791,
            38.44778
          ],
          [
            141.266902,
            38.447696
          ],
          [
            141.267631,
            38.448289
          ],
          [
            141.267782,
            38.448412
          ],
          [
            141.267405,
            38.448697
          ],
          [
            141.267518,
            38.448788
          ],
          [
            141.26702,
            38.449164
          ],
          [
            141.266427,
            38.448701
          ],
          [
            141.266346,
            38.448757
          ],
          [
            141.266224,
            38.448657
          ],
          [
            141.266301,
            38.448598
          ],
          [
            141.266039,
            38.448366
          ],
          [
            141.266135,
            38.448294
          ],
          [
            141.265939,
            38.44826
          ],
          [
            141.265783,
            38.448201
          ],
          [
            141.265687,
            38.448123
          ],
          [
            141.265602,
            38.448019
          ],
          [
            141.265571,
            38.448007
          ],
          [
            141.265529,
            38.448071
          ],
          [
            141.265424,
            38.448026
          ],
          [
            141.265463,
            38.447962
          ],
          [
            141.265374,
            38.447922
          ],
          [
            141.265413,
            38.447881
          ],
          [
            141.265377,
            38.44787
          ],
          [
            141.265254,
            38.447865
          ],
          [
            141.265273,
            38.447791
          ],
          [
            141.265234,
            38.447789
          ],
          [
            141.264973,
            38.447772
          ],
          [
            141.264961,
            38.447858
          ],
          [
            141.264953,
            38.447915
          ],
          [
            141.264647,
            38.447894
          ],
          [
            141.264639,
            38.447969
          ],
          [
            141.26447,
            38.447957
          ],
          [
            141.264479,
            38.447881
          ],
          [
            141.264104,
            38.447854
          ]
        ],
        "calculated_area_m2": 31871.9,
        "perimeter_m": 1075.4,
        "bbox": [
          141.264054,
          38.447014,
          141.267782,
          38.449164
        ],
        "polygon_source": "OSM_exact_footprint"
      }
    },
    {
      "type": "Feature",
      "id": "way/986031371",
      "geometry": {
        "type": "Polygon",
        "coordinates": [
          [
            [
              140.919502,
              38.25257
            ],
            [
              140.919499,
              38.252488
            ],
            [
              140.919551,
              38.252487
            ],
            [
              140.919547,
              38.252406
            ],
            [
              140.919586,
              38.252405
            ],
            [
              140.919584,
              38.252376
            ],
            [
              140.919693,
              38.252373
            ],
            [
              140.919689,
              38.25228
            ],
            [
              140.919581,
              38.252283
            ],
            [
              140.919579,
              38.252225
            ],
            [
              140.919473,
              38.252228
            ],
            [
              140.919457,
              38.251861
            ],
            [
              140.919323,
              38.25179
            ],
            [
              140.918257,
              38.251834
            ],
            [
              140.918142,
              38.251933
            ],
            [
              140.918058,
              38.251874
            ],
            [
              140.917954,
              38.251964
            ],
            [
              140.918037,
              38.252023
            ],
            [
              140.918006,
              38.25205
            ],
            [
              140.918009,
              38.252289
            ],
            [
              140.91808,
              38.252409
            ],
            [
              140.918142,
              38.252409
            ],
            [
              140.918142,
              38.252459
            ],
            [
              140.918239,
              38.252516
            ],
            [
              140.918243,
              38.252616
            ],
            [
              140.918672,
              38.252603
            ],
            [
              140.918676,
              38.252675
            ],
            [
              140.919194,
              38.25266
            ],
            [
              140.919195,
              38.252675
            ],
            [
              140.919298,
              38.252672
            ],
            [
              140.919293,
              38.252576
            ],
            [
              140.919502,
              38.25257
            ]
          ]
        ]
      },
      "properties": {
        "id": "way/986031371",
        "osm_id": 986031371,
        "osm_type": "way",
        "name": "イオンスタイル仙台卸町",
        "name_en": "AEON STYLE Sendai Oroshimachi",
        "lat": 38.252233,
        "lon": 140.918824,
        "brand": "イオン",
        "brand_wikidata": "Q305335",
        "mall_type": "イオンスタイル",
        "prefecture": "宮城県",
        "city": "仙台市",
        "address": "宮城県仙台市若林区3",
        "website": "https://aeontohoku.co.jp/stores/sendaioroshimachi",
        "opening_hours": "",
        "phone": "",
        "opening_year": "2018年9月15日（旧キリンパークプラザ・藤原屋ビル跡地に開業）",
        "area": "商業施設面積 約18,458㎡",
        "former_building": "新規開発（キリンパークプラザ跡地）",
        "demand_and_features": "地下鉄東西線卸町駅に直結した利便性の高い商業施設。かつての倉庫街からマンション群へと変わりつつある卸町エリアにおいて、若いファミリー層や近隣で働くオフィスワーカーの需要に対応している。イートインスペースの「ここdeデリ」をはじめ、惣菜や中食、こだわり食材が豊富で、仕事帰りや週末のショッピングに多く利用されている。",
        "source": "OpenStreetMap",
        "priority": 2,
        "building_height_est_m": 16.0,
        "site_area_m2": 29532.8,
        "floor_area_m2": 18458.0,
        "polygon_coordinates": [
          [
            140.919502,
            38.25257
          ],
          [
            140.919499,
            38.252488
          ],
          [
            140.919551,
            38.252487
          ],
          [
            140.919547,
            38.252406
          ],
          [
            140.919586,
            38.252405
          ],
          [
            140.919584,
            38.252376
          ],
          [
            140.919693,
            38.252373
          ],
          [
            140.919689,
            38.25228
          ],
          [
            140.919581,
            38.252283
          ],
          [
            140.919579,
            38.252225
          ],
          [
            140.919473,
            38.252228
          ],
          [
            140.919457,
            38.251861
          ],
          [
            140.919323,
            38.25179
          ],
          [
            140.918257,
            38.251834
          ],
          [
            140.918142,
            38.251933
          ],
          [
            140.918058,
            38.251874
          ],
          [
            140.917954,
            38.251964
          ],
          [
            140.918037,
            38.252023
          ],
          [
            140.918006,
            38.25205
          ],
          [
            140.918009,
            38.252289
          ],
          [
            140.91808,
            38.252409
          ],
          [
            140.918142,
            38.252409
          ],
          [
            140.918142,
            38.252459
          ],
          [
            140.918239,
            38.252516
          ],
          [
            140.918243,
            38.252616
          ],
          [
            140.918672,
            38.252603
          ],
          [
            140.918676,
            38.252675
          ],
          [
            140.919194,
            38.25266
          ],
          [
            140.919195,
            38.252675
          ],
          [
            140.919298,
            38.252672
          ],
          [
            140.919293,
            38.252576
          ],
          [
            140.919502,
            38.25257
          ]
        ],
        "calculated_area_m2": 11305.7,
        "perimeter_m": 478.2,
        "bbox": [
          140.917954,
          38.25179,
          140.919693,
          38.252675
        ],
        "polygon_source": "OSM_exact_footprint"
      }
    },
    {
      "type": "Feature",
      "id": "node/13204280317",
      "geometry": {
        "type": "Polygon",
        "coordinates": [
          [
            [
              140.8716335,
              38.2759429
            ],
            [
              140.8721519,
              38.2760078
            ],
            [
              140.8721337,
              38.2760976
            ],
            [
              140.8721899,
              38.2761046
            ],
            [
              140.8722342,
              38.2761102
            ],
            [
              140.8721999,
              38.2762789
            ],
            [
              140.8721558,
              38.2762734
            ],
            [
              140.87209,
              38.2765972
            ],
            [
              140.872069,
              38.2767005
            ],
            [
              140.8721063,
              38.2767052
            ],
            [
              140.8720702,
              38.2768825
            ],
            [
              140.8722315,
              38.2769027
            ],
            [
              140.8729642,
              38.2769946
            ],
            [
              140.8729984,
              38.2768267
            ],
            [
              140.8732315,
              38.275681
            ],
            [
              140.8731976,
              38.2756768
            ],
            [
              140.8731446,
              38.2756168
            ],
            [
              140.8730834,
              38.2755474
            ],
            [
              140.8730899,
              38.2755148
            ],
            [
              140.8726967,
              38.2754665
            ],
            [
              140.871937,
              38.2753732
            ],
            [
              140.8718562,
              38.2754071
            ],
            [
              140.8718144,
              38.2754246
            ],
            [
              140.8717747,
              38.2756202
            ],
            [
              140.8717009,
              38.275611
            ],
            [
              140.8716335,
              38.2759429
            ]
          ]
        ]
      },
      "properties": {
        "id": "node/13204280317",
        "osm_id": 13204280317,
        "osm_type": "node",
        "name": "イオンスタイル入口",
        "name_en": "",
        "lat": 38.27605,
        "lon": 140.872323,
        "brand": "イオン",
        "brand_wikidata": "Q305335",
        "mall_type": "イオンスタイル",
        "prefecture": "宮城県",
        "city": "",
        "address": "宮城県",
        "website": "",
        "opening_hours": "",
        "phone": "",
        "opening_year": "2025年10月8日（イオンモール仙台上杉の核店舗として開業）",
        "area": "商業施設面積 約29,000㎡",
        "former_building": "新規開発（東北大学雨宮キャンパス跡地）",
        "demand_and_features": "仙台市の文教地区である上杉エリアの東北大学跡地に誕生した最新モール。周辺の歴史ある住宅地や新設マンションのハイエンドな住民層に向けて、上質で健康志向の食料品やライフスタイル雑貨を提案している。地元の産直コーナーやオーガニック食材、環境に配慮した売場作りにより、持続可能で知的な都市型ライフスタイルを支えている。",
        "source": "OpenStreetMap",
        "priority": 1,
        "building_height_est_m": 16.0,
        "site_area_m2": 40098.3,
        "floor_area_m2": 100245.7,
        "polygon_coordinates": [
          [
            140.8716335,
            38.2759429
          ],
          [
            140.8721519,
            38.2760078
          ],
          [
            140.8721337,
            38.2760976
          ],
          [
            140.8721899,
            38.2761046
          ],
          [
            140.8722342,
            38.2761102
          ],
          [
            140.8721999,
            38.2762789
          ],
          [
            140.8721558,
            38.2762734
          ],
          [
            140.87209,
            38.2765972
          ],
          [
            140.872069,
            38.2767005
          ],
          [
            140.8721063,
            38.2767052
          ],
          [
            140.8720702,
            38.2768825
          ],
          [
            140.8722315,
            38.2769027
          ],
          [
            140.8729642,
            38.2769946
          ],
          [
            140.8729984,
            38.2768267
          ],
          [
            140.8732315,
            38.275681
          ],
          [
            140.8731976,
            38.2756768
          ],
          [
            140.8731446,
            38.2756168
          ],
          [
            140.8730834,
            38.2755474
          ],
          [
            140.8730899,
            38.2755148
          ],
          [
            140.8726967,
            38.2754665
          ],
          [
            140.871937,
            38.2753732
          ],
          [
            140.8718562,
            38.2754071
          ],
          [
            140.8718144,
            38.2754246
          ],
          [
            140.8717747,
            38.2756202
          ],
          [
            140.8717009,
            38.275611
          ],
          [
            140.8716335,
            38.2759429
          ]
        ],
        "calculated_area_m2": 46383.8,
        "perimeter_m": 589.1,
        "bbox": [
          140.871634,
          38.275373,
          140.873232,
          38.276995
        ],
        "polygon_source": "OSM_exact_footprint"
      }
    },
    {
      "type": "Feature",
      "id": "duckdb/63",
      "geometry": {
        "type": "Polygon",
        "coordinates": [
          [
            [
              140.9756109,
              38.3213997
            ],
            [
              140.9757619,
              38.3213082
            ],
            [
              140.9758099,
              38.3212797
            ],
            [
              140.9757687,
              38.3212418
            ],
            [
              140.9758325,
              38.3212038
            ],
            [
              140.9732812,
              38.3185744
            ],
            [
              140.9732571,
              38.3185459
            ],
            [
              140.9732124,
              38.3185727
            ],
            [
              140.9728356,
              38.3181877
            ],
            [
              140.9727773,
              38.3182235
            ],
            [
              140.9727227,
              38.3182571
            ],
            [
              140.9726689,
              38.3182901
            ],
            [
              140.9726364,
              38.3183101
            ],
            [
              140.9736812,
              38.3193837
            ],
            [
              140.9736213,
              38.319419
            ],
            [
              140.9735264,
              38.319475
            ],
            [
              140.9734862,
              38.3194988
            ],
            [
              140.972163,
              38.318119
            ],
            [
              140.9720577,
              38.3181762
            ],
            [
              140.9710686,
              38.3187629
            ],
            [
              140.9736167,
              38.3213639
            ],
            [
              140.9741263,
              38.3210693
            ],
            [
              140.9742068,
              38.3211409
            ],
            [
              140.9741478,
              38.321183
            ],
            [
              140.974626,
              38.321652
            ],
            [
              140.9748002,
              38.3215378
            ],
            [
              140.9746655,
              38.3214026
            ],
            [
              140.9747848,
              38.3213321
            ],
            [
              140.9747511,
              38.3213006
            ],
            [
              140.9748668,
              38.3212324
            ],
            [
              140.9750284,
              38.3214034
            ],
            [
              140.9754018,
              38.3211751
            ],
            [
              140.9756109,
              38.3213997
            ]
          ]
        ]
      },
      "properties": {
        "id": "duckdb/63",
        "osm_id": "db_63",
        "osm_type": "duckdb",
        "name": "イオンスタイル新利府",
        "name_en": "",
        "lat": 38.320104,
        "lon": 140.974013,
        "brand": "イオン",
        "brand_wikidata": "Q305335",
        "mall_type": "イオンスタイル",
        "prefecture": "宮城県",
        "city": "利府町",
        "address": "宮城県宮城郡利府町新中道3-1-1",
        "website": "",
        "opening_hours": "",
        "phone": "",
        "opening_year": "2021年3月5日（2000年開業の旧イオン利府店を移転・拡大しイオンモール新利府南館の核店舗として開業）",
        "area": "延床面積 約101,000㎡（南館）",
        "former_building": "イオン利府店（旧店舗から移転新築）",
        "demand_and_features": "東北最大級の商業施設「イオンモール新利府 南館」の核店舗。最先端のエンターテインメント施設や専門店と融合し、東北全域から広域集客を誇る。店内はイオンスタイルとして高質化され、最新のスマートレジシステムや体験型食品売場を完備。若者やファミリー層にトレンド発信地として広く利用されている。",
        "source": "aeon_stores.duckdb",
        "priority": 1,
        "building_height_est_m": 12.0,
        "site_area_m2": 260305.1,
        "floor_area_m2": 488072.1,
        "polygon_coordinates": [
          [
            140.9756109,
            38.3213997
          ],
          [
            140.9757619,
            38.3213082
          ],
          [
            140.9758099,
            38.3212797
          ],
          [
            140.9757687,
            38.3212418
          ],
          [
            140.9758325,
            38.3212038
          ],
          [
            140.9732812,
            38.3185744
          ],
          [
            140.9732571,
            38.3185459
          ],
          [
            140.9732124,
            38.3185727
          ],
          [
            140.9728356,
            38.3181877
          ],
          [
            140.9727773,
            38.3182235
          ],
          [
            140.9727227,
            38.3182571
          ],
          [
            140.9726689,
            38.3182901
          ],
          [
            140.9726364,
            38.3183101
          ],
          [
            140.9736812,
            38.3193837
          ],
          [
            140.9736213,
            38.319419
          ],
          [
            140.9735264,
            38.319475
          ],
          [
            140.9734862,
            38.3194988
          ],
          [
            140.972163,
            38.318119
          ],
          [
            140.9720577,
            38.3181762
          ],
          [
            140.9710686,
            38.3187629
          ],
          [
            140.9736167,
            38.3213639
          ],
          [
            140.9741263,
            38.3210693
          ],
          [
            140.9742068,
            38.3211409
          ],
          [
            140.9741478,
            38.321183
          ],
          [
            140.974626,
            38.321652
          ],
          [
            140.9748002,
            38.3215378
          ],
          [
            140.9746655,
            38.3214026
          ],
          [
            140.9747848,
            38.3213321
          ],
          [
            140.9747511,
            38.3213006
          ],
          [
            140.9748668,
            38.3212324
          ],
          [
            140.9750284,
            38.3214034
          ],
          [
            140.9754018,
            38.3211751
          ],
          [
            140.9756109,
            38.3213997
          ]
        ],
        "calculated_area_m2": 161545.5,
        "perimeter_m": 1636.0,
        "bbox": [
          140.971069,
          38.318119,
          140.975832,
          38.321652
        ],
        "polygon_source": "OSM_exact_footprint"
      }
    },
    {
      "type": "Feature",
      "id": "duckdb/459",
      "geometry": {
        "type": "Polygon",
        "coordinates": [
          [
            [
              140.8715304,
              38.2581848
            ],
            [
              140.8716752,
              38.2577636
            ],
            [
              140.8717171,
              38.2577454
            ],
            [
              140.8718565,
              38.2577782
            ],
            [
              140.8717664,
              38.258069
            ],
            [
              140.87193,
              38.2581048
            ],
            [
              140.8718844,
              38.2582543
            ],
            [
              140.8715304,
              38.2581848
            ]
          ]
        ]
      },
      "properties": {
        "id": "duckdb/459",
        "osm_id": "db_459",
        "osm_type": "duckdb",
        "name": "イオン仙台一番町店",
        "name_en": "",
        "lat": 38.258011,
        "lon": 140.871736,
        "brand": "イオン",
        "brand_wikidata": "Q305335",
        "mall_type": "一般イオン",
        "prefecture": "宮城県",
        "city": "仙台市",
        "address": "宮城県仙台市青葉区一番町1-2-25 NSビル1F",
        "website": "",
        "opening_hours": "",
        "phone": "",
        "opening_year": "2020年11月25日",
        "area": "売場面積：約664㎡",
        "former_building": "オフィス24仙台一番町店（オフィスサプライ・店舗印刷サービスのオフィスビル1階テナント跡地への出店）",
        "demand_and_features": "東北の雄・仙台の中心市街地である「一番町商圏」に位置する、イオン東北が展開する都市型小型食品スーパー。かつて一番町エリアを牽引したジャスコ仙台店（のちの仙台フォーラス）や、2025年に惜しまれつつ閉店した超大型GMS・イオン仙台店（旧ダイエー）といった大型店の歴史とは対照的に、コンビニ的な手軽さと高品質なスーパー機能をハイブリッドしたデイリーユース店舗。高層マンションが立ち並び職住近接が進む周辺エリアの住民による生鮮食品や惣菜の日常的な買い出し需要、および周辺オフィスワーカーのランチ・デリカ需要を完全にカバーしている。狭小ながらも必要なものが凝縮されたレイアウトで、地域住民の毎日の食生活に欠かせない『都市生活者の冷蔵庫』として高い支持と定着を見せている。",
        "source": "aeon_stores.duckdb",
        "priority": 1,
        "building_height_est_m": 32.0,
        "site_area_m2": 3147.9,
        "floor_area_m2": 15739.5,
        "polygon_coordinates": [
          [
            140.8715304,
            38.2581848
          ],
          [
            140.8716752,
            38.2577636
          ],
          [
            140.8717171,
            38.2577454
          ],
          [
            140.8718565,
            38.2577782
          ],
          [
            140.8717664,
            38.258069
          ],
          [
            140.87193,
            38.2581048
          ],
          [
            140.8718844,
            38.2582543
          ],
          [
            140.8715304,
            38.2581848
          ]
        ],
        "calculated_area_m2": 1065.5,
        "perimeter_m": 162.2,
        "bbox": [
          140.87153,
          38.257745,
          140.87193,
          38.258254
        ],
        "polygon_source": "OSM_exact_footprint"
      }
    },
    {
      "type": "Feature",
      "id": "duckdb/456",
      "geometry": {
        "type": "Polygon",
        "coordinates": [
          [
            [
              140.8208753,
              38.3010055
            ],
            [
              140.822177,
              38.300252
            ],
            [
              140.8227182,
              38.3008278
            ],
            [
              140.8221529,
              38.301155
            ],
            [
              140.8215592,
              38.3012127
            ],
            [
              140.8215288,
              38.3011804
            ],
            [
              140.8213511,
              38.3012833
            ],
            [
              140.8212998,
              38.3012286
            ],
            [
              140.8211607,
              38.3013091
            ],
            [
              140.8208753,
              38.3010055
            ]
          ]
        ]
      },
      "properties": {
        "id": "duckdb/456",
        "osm_id": "db_456",
        "osm_type": "duckdb",
        "name": "イオン仙台中山店",
        "name_en": "",
        "lat": 38.301046,
        "lon": 140.82157,
        "brand": "イオン",
        "brand_wikidata": "Q305335",
        "mall_type": "一般イオン",
        "prefecture": "宮城県",
        "city": "仙台市",
        "address": "宮城県仙台市泉区南中山1-35-40",
        "website": "",
        "opening_hours": "",
        "phone": "",
        "opening_year": "1997年5月1日",
        "area": "商業施設面積：46,249㎡（敷地面積：86,424㎡、延床面積：43,344㎡）",
        "former_building": "仙台中山ショッピングセンター（中核店舗として「ジャスコ仙台中山店」が新規開業。のちにブランド統合で「イオン仙台中山店」へ変更）",
        "demand_and_features": "仙台市北部の丘陵地に展開する「中山ニュータウン」の主要インフラとして機能している超大型の総合スーパー（GMS）。隣接する高さ100メートルの「仙台大観音」が店舗の象徴的ランドマークとなっている。広大な敷地に充実した専門店街やフードコート、カルチャー教室などを備え、車で来店する広域ファミリー層やシニア層のワンストップショッピング需要に完璧に対応している。東日本大震災の被災時にもいち早く駐車場での物資販売を行うなど、地域のライフラインおよびコミュニティハブとして極めて高い信頼と需要を獲得している。",
        "source": "aeon_stores.duckdb",
        "priority": 1,
        "building_height_est_m": 12.0,
        "site_area_m2": 30139.5,
        "floor_area_m2": 56511.5,
        "polygon_coordinates": [
          [
            140.8208753,
            38.3010055
          ],
          [
            140.822177,
            38.300252
          ],
          [
            140.8227182,
            38.3008278
          ],
          [
            140.8221529,
            38.301155
          ],
          [
            140.8215592,
            38.3012127
          ],
          [
            140.8215288,
            38.3011804
          ],
          [
            140.8213511,
            38.3012833
          ],
          [
            140.8212998,
            38.3012286
          ],
          [
            140.8211607,
            38.3013091
          ],
          [
            140.8208753,
            38.3010055
          ]
        ],
        "calculated_area_m2": 86419.3,
        "perimeter_m": 421.8,
        "bbox": [
          140.820875,
          38.300252,
          140.822718,
          38.301309
        ],
        "polygon_source": "OSM_exact_footprint"
      }
    },
    {
      "type": "Feature",
      "id": "duckdb/55",
      "geometry": {
        "type": "Polygon",
        "coordinates": [
          [
            [
              140.8850946,
              38.2736716
            ],
            [
              140.8850879,
              38.2736158
            ],
            [
              140.8850155,
              38.2736179
            ],
            [
              140.8849954,
              38.27354
            ],
            [
              140.8845018,
              38.2735937
            ],
            [
              140.8845286,
              38.2737369
            ],
            [
              140.8850946,
              38.2736716
            ]
          ]
        ]
      },
      "properties": {
        "id": "duckdb/55",
        "osm_id": "db_55",
        "osm_type": "duckdb",
        "name": "イオン仙台宮町店",
        "name_en": "",
        "lat": 38.273635,
        "lon": 140.884903,
        "brand": "イオン",
        "brand_wikidata": "Q305335",
        "mall_type": "一般イオン",
        "prefecture": "宮城県",
        "city": "仙台市",
        "address": "宮城県仙台市青葉区宮町4-7-3",
        "website": "",
        "opening_hours": "",
        "phone": "",
        "opening_year": "2020年11月11日（スポーツクラブ「ルネサンス仙台宮町24」1階にイオンエクスプレスから増床移転）",
        "area": "店舗面積 約725㎡",
        "former_building": "イオンエクスプレス仙台宮町店（近隣から移転）",
        "demand_and_features": "仙台駅北側の歴史ある住宅街・宮町に位置する中型店舗。フィットネスクラブの建物内という利便性を活かし、施設利用者や近隣に住む単身者、高齢者の手軽な買物需要を満たしている。ドラッグストア要素を兼ね備えた食品スーパーとして、生鮮三品や日用品の品揃えをバランス良く備え、コンパクトでスピーディな買物環境を提供している。",
        "source": "aeon_stores.duckdb",
        "priority": 1,
        "building_height_est_m": 12.0,
        "site_area_m2": 1806.4,
        "floor_area_m2": 3387.0,
        "polygon_coordinates": [
          [
            140.8850946,
            38.2736716
          ],
          [
            140.8850879,
            38.2736158
          ],
          [
            140.8850155,
            38.2736179
          ],
          [
            140.8849954,
            38.27354
          ],
          [
            140.8845018,
            38.2735937
          ],
          [
            140.8845286,
            38.2737369
          ],
          [
            140.8850946,
            38.2736716
          ]
        ],
        "calculated_area_m2": 1161.8,
        "perimeter_m": 130.7,
        "bbox": [
          140.884502,
          38.27354,
          140.885095,
          38.273737
        ],
        "polygon_source": "OSM_exact_footprint"
      }
    },
    {
      "type": "Feature",
      "id": "duckdb/53",
      "geometry": {
        "type": "Polygon",
        "coordinates": [
          [
            [
              140.872586,
              38.216292
            ],
            [
              140.8725028,
              38.2159152
            ],
            [
              140.872901,
              38.2158582
            ],
            [
              140.8729718,
              38.2162003
            ],
            [
              140.8728797,
              38.2162155
            ],
            [
              140.8728957,
              38.2162851
            ],
            [
              140.872586,
              38.216292
            ]
          ]
        ]
      },
      "properties": {
        "id": "duckdb/53",
        "osm_id": "db_53",
        "osm_type": "duckdb",
        "name": "イオン仙台富沢店",
        "name_en": "",
        "lat": 38.216151,
        "lon": 140.87276,
        "brand": "イオン",
        "brand_wikidata": "Q305335",
        "mall_type": "一般イオン",
        "prefecture": "宮城県",
        "city": "仙台市",
        "address": "宮城県仙台市太白区大野田5-30-6",
        "website": "",
        "opening_hours": "",
        "phone": "",
        "opening_year": "2015年12月4日（イオンタウン仙台富沢の核店舗として開業）",
        "area": "店舗面積 約940㎡",
        "former_building": "新規開発（富沢駅周辺の土地区画整理事業地）",
        "demand_and_features": "仙台市地下鉄南北線富沢駅近くのイオンタウン内にある都市型食品スーパー。富沢地区は急速に住宅開発が進む人気の新興住宅地であり、近隣のマンション住民や共働き世帯など忙しいファミリー層を中心にショートタイムショッピングの場として機能している。生鮮食品や簡単調理品、惣菜のラインナップに定評がある。",
        "source": "aeon_stores.duckdb",
        "priority": 1,
        "building_height_est_m": 12.0,
        "site_area_m2": 3151.2,
        "floor_area_m2": 5908.5,
        "polygon_coordinates": [
          [
            140.872586,
            38.216292
          ],
          [
            140.8725028,
            38.2159152
          ],
          [
            140.872901,
            38.2158582
          ],
          [
            140.8729718,
            38.2162003
          ],
          [
            140.8728797,
            38.2162155
          ],
          [
            140.8728957,
            38.2162851
          ],
          [
            140.872586,
            38.216292
          ]
        ],
        "calculated_area_m2": 1507.1,
        "perimeter_m": 159.3,
        "bbox": [
          140.872503,
          38.215858,
          140.872972,
          38.216292
        ],
        "polygon_source": "OSM_exact_footprint"
      }
    },
    {
      "type": "Feature",
      "id": "duckdb/52",
      "geometry": {
        "type": "Polygon",
        "coordinates": [
          [
            [
              140.8992307,
              38.2722199
            ],
            [
              140.8990954,
              38.2715905
            ],
            [
              140.8992821,
              38.2715712
            ],
            [
              140.8991986,
              38.2711442
            ],
            [
              140.8993313,
              38.2711244
            ],
            [
              140.8992942,
              38.2709728
            ],
            [
              140.8994953,
              38.2709496
            ],
            [
              140.8997384,
              38.2710363
            ],
            [
              140.8997772,
              38.2710323
            ],
            [
              140.8997865,
              38.2710677
            ],
            [
              140.8998867,
              38.2710532
            ],
            [
              140.9002086,
              38.2724964
            ],
            [
              140.9001473,
              38.2725058
            ],
            [
              140.9001064,
              38.2725125
            ],
            [
              140.9000935,
              38.2724569
            ],
            [
              140.8999784,
              38.27247
            ],
            [
              140.8999067,
              38.2721355
            ],
            [
              140.8992307,
              38.2722199
            ]
          ]
        ]
      },
      "properties": {
        "id": "duckdb/52",
        "osm_id": "db_52",
        "osm_type": "duckdb",
        "name": "イオン仙台幸町店",
        "name_en": "",
        "lat": 38.271698,
        "lon": 140.899655,
        "brand": "イオン",
        "brand_wikidata": "Q305335",
        "mall_type": "一般イオン",
        "prefecture": "宮城県",
        "city": "仙台市",
        "address": "宮城県仙台市宮城野区幸町5-10-1",
        "website": "",
        "opening_hours": "",
        "phone": "",
        "opening_year": "2003年11月22日（東洋製罐仙台工場跡地に開業）",
        "area": "商業施設面積 約14,591㎡",
        "former_building": "新規開発（東洋製罐仙台工場跡地）",
        "demand_and_features": "仙台市宮城野区の幹線道路沿いに位置する大規模な総合スーパー。近隣には住宅街や学校が多く、子育て世帯や学生などのファミリー層を中心に日常的な食料品や生活雑貨の需要が極めて高い。広々としたフードコートや充実した衣料品売場を備えており、地域住民の生活利便性を高めるコミュニティハブとして高い稼働率を誇る。",
        "source": "aeon_stores.duckdb",
        "priority": 1,
        "building_height_est_m": 4.0,
        "site_area_m2": 26926.2,
        "floor_area_m2": 16828.9,
        "polygon_coordinates": [
          [
            140.8992307,
            38.2722199
          ],
          [
            140.8990954,
            38.2715905
          ],
          [
            140.8992821,
            38.2715712
          ],
          [
            140.8991986,
            38.2711442
          ],
          [
            140.8993313,
            38.2711244
          ],
          [
            140.8992942,
            38.2709728
          ],
          [
            140.8994953,
            38.2709496
          ],
          [
            140.8997384,
            38.2710363
          ],
          [
            140.8997772,
            38.2710323
          ],
          [
            140.8997865,
            38.2710677
          ],
          [
            140.8998867,
            38.2710532
          ],
          [
            140.9002086,
            38.2724964
          ],
          [
            140.9001473,
            38.2725058
          ],
          [
            140.9001064,
            38.2725125
          ],
          [
            140.9000935,
            38.2724569
          ],
          [
            140.8999784,
            38.27247
          ],
          [
            140.8999067,
            38.2721355
          ],
          [
            140.8992307,
            38.2722199
          ]
        ],
        "calculated_area_m2": 23366.9,
        "perimeter_m": 506.8,
        "bbox": [
          140.899095,
          38.27095,
          140.900209,
          38.272512
        ],
        "polygon_source": "OSM_exact_footprint"
      }
    },
    {
      "type": "Feature",
      "id": "duckdb/56",
      "geometry": {
        "type": "Polygon",
        "coordinates": [
          [
            [
              140.8670327,
              38.2711131
            ],
            [
              140.8670586,
              38.2710969
            ],
            [
              140.8671501,
              38.2708069
            ],
            [
              140.8671319,
              38.2707577
            ],
            [
              140.8665701,
              38.2706582
            ],
            [
              140.8664681,
              38.2710131
            ],
            [
              140.8670327,
              38.2711131
            ]
          ]
        ]
      },
      "properties": {
        "id": "duckdb/56",
        "osm_id": "db_56",
        "osm_type": "duckdb",
        "name": "イオン仙台晩翠通店",
        "name_en": "",
        "lat": 38.270937,
        "lon": 140.866921,
        "brand": "イオン",
        "brand_wikidata": "Q305335",
        "mall_type": "一般イオン",
        "prefecture": "宮城県",
        "city": "仙台市",
        "address": "宮城県仙台市青葉区二日町9-23-1",
        "website": "",
        "opening_hours": "",
        "phone": "",
        "opening_year": "2022年4月13日（プラウドタワー仙台晩翠通セントラルの1階・2階に入居）",
        "area": "店舗面積 約960㎡",
        "former_building": "新規開発（国土交通省東北地方整備局二日町庁舎跡地）",
        "demand_and_features": "仙台市中心部の高層分譲マンション低層部に出店した都市型スーパー。都心回帰が進むエリアにおいて、マンション住民や周辺のオフィスワーカーのオフィスランチ需要、仕事帰りの惣菜・簡便食材需要に応えている。2フロア構成で、高品質なワインや洋菓子、オーガニック食材など、都市生活者のこだわりに応える洗練された商品ラインナップが特徴。",
        "source": "aeon_stores.duckdb",
        "priority": 1,
        "building_height_est_m": 12.0,
        "site_area_m2": 4801.7,
        "floor_area_m2": 9003.1,
        "polygon_coordinates": [
          [
            140.8670327,
            38.2711131
          ],
          [
            140.8670586,
            38.2710969
          ],
          [
            140.8671501,
            38.2708069
          ],
          [
            140.8671319,
            38.2707577
          ],
          [
            140.8665701,
            38.2706582
          ],
          [
            140.8664681,
            38.2710131
          ],
          [
            140.8670327,
            38.2711131
          ]
        ],
        "calculated_area_m2": 1543.6,
        "perimeter_m": 182.7,
        "bbox": [
          140.866468,
          38.270658,
          140.86715,
          38.271113
        ],
        "polygon_source": "OSM_exact_footprint"
      }
    },
    {
      "type": "Feature",
      "id": "duckdb/61",
      "geometry": {
        "type": "Polygon",
        "coordinates": [
          [
            [
              140.9726206,
              38.5667129
            ],
            [
              140.9736608,
              38.5665162
            ],
            [
              140.9739328,
              38.5673954
            ],
            [
              140.9721131,
              38.5677395
            ],
            [
              140.9720187,
              38.5674343
            ],
            [
              140.9719756,
              38.5674424
            ],
            [
              140.9718685,
              38.5670957
            ],
            [
              140.9724825,
              38.5669796
            ],
            [
              140.9724674,
              38.5669307
            ],
            [
              140.9726758,
              38.5668913
            ],
            [
              140.9726206,
              38.5667129
            ]
          ]
        ]
      },
      "properties": {
        "id": "duckdb/61",
        "osm_id": "db_61",
        "osm_type": "duckdb",
        "name": "イオン古川店",
        "name_en": "",
        "lat": 38.567077,
        "lon": 140.972585,
        "brand": "イオン",
        "brand_wikidata": "Q305335",
        "mall_type": "一般イオン",
        "prefecture": "宮城県",
        "city": "大崎市",
        "address": "宮城県大崎市古川旭2-2-1",
        "website": "",
        "opening_hours": "",
        "phone": "",
        "opening_year": "1999年3月20日（ロックショッピングタウン古川の核店舗として開業）",
        "area": "商業施設面積 約28,870㎡",
        "former_building": "ロックタウン古川（現イオンタウン古川）",
        "demand_and_features": "大崎市古川エリアのバイパス道路沿いに展開するイオンタウン古川の核店舗。大崎地方の中心的な商業施設として、広域の自動車利用層を惹きつけている。地域特有の農耕地帯に隣接しているため、農業関連の作業用品やファミリー向けのレジャー用品、大容量食品の需要が高く、地域密密型の総合スーパーとして定着している。",
        "source": "aeon_stores.duckdb",
        "priority": 1,
        "building_height_est_m": 12.0,
        "site_area_m2": 38922.9,
        "floor_area_m2": 72980.5,
        "polygon_coordinates": [
          [
            140.9726206,
            38.5667129
          ],
          [
            140.9736608,
            38.5665162
          ],
          [
            140.9739328,
            38.5673954
          ],
          [
            140.9721131,
            38.5677395
          ],
          [
            140.9720187,
            38.5674343
          ],
          [
            140.9719756,
            38.5674424
          ],
          [
            140.9718685,
            38.5670957
          ],
          [
            140.9724825,
            38.5669796
          ],
          [
            140.9724674,
            38.5669307
          ],
          [
            140.9726758,
            38.5668913
          ],
          [
            140.9726206,
            38.5667129
          ]
        ],
        "calculated_area_m2": 46182.6,
        "perimeter_m": 533.4,
        "bbox": [
          140.971868,
          38.566516,
          140.973933,
          38.56774
        ],
        "polygon_source": "OSM_exact_footprint"
      }
    },
    {
      "type": "Feature",
      "id": "duckdb/514",
      "geometry": {
        "type": "Polygon",
        "coordinates": [
          [
            [
              141.0050339,
              38.2835096
            ],
            [
              141.00552,
              38.2837889
            ],
            [
              141.0063044,
              38.2829476
            ],
            [
              141.0060188,
              38.2827835
            ],
            [
              141.0060424,
              38.2827582
            ],
            [
              141.005902,
              38.2826776
            ],
            [
              141.0058732,
              38.2827084
            ],
            [
              141.0058231,
              38.2826796
            ],
            [
              141.0057437,
              38.2827648
            ],
            [
              141.0057839,
              38.2827879
            ],
            [
              141.0055567,
              38.2830318
            ],
            [
              141.0055215,
              38.2830117
            ],
            [
              141.00547,
              38.283067
            ],
            [
              141.0055068,
              38.2830881
            ],
            [
              141.0051964,
              38.2834212
            ],
            [
              141.0051442,
              38.2833913
            ],
            [
              141.0050339,
              38.2835096
            ]
          ]
        ]
      },
      "properties": {
        "id": "duckdb/514",
        "osm_id": "db_514",
        "osm_type": "duckdb",
        "name": "イオン多賀城店",
        "name_en": "",
        "lat": 38.283055,
        "lon": 141.005616,
        "brand": "イオン",
        "brand_wikidata": "Q305335",
        "mall_type": "一般イオン",
        "prefecture": "宮城県",
        "city": "多賀城市町",
        "address": "宮城県多賀城市町前4-1-1",
        "website": "",
        "opening_hours": "",
        "phone": "",
        "opening_year": "1993年5月28日",
        "area": "店舗面積：約14,582㎡（敷地面積：約42,951㎡、延床面積：約32,197㎡）",
        "former_building": "ジャスコ多賀城店",
        "demand_and_features": "仙台港から約1kmに位置する。2011年の東日本大震災では津波により1階が壊滅的被害を受けるも、敷地内の植樹帯「イオンふるさとの森」が瓦礫や漂流車両を受け止める緩衝材となり、背後の住宅地の被害を抑える減災効果を発揮した。被災後は速やかに2階等で臨時営業を開始し、地域の食料・生活必需品供給のライフラインとして絶大な貢献を果たした。現在は防災拠点としての機能も高めた地域共生のGMSとして重要な役割を持つ。",
        "source": "aeon_stores.duckdb",
        "priority": 1,
        "building_height_est_m": 12.0,
        "site_area_m2": 21848.6,
        "floor_area_m2": 40966.2,
        "polygon_coordinates": [
          [
            141.0050339,
            38.2835096
          ],
          [
            141.00552,
            38.2837889
          ],
          [
            141.0063044,
            38.2829476
          ],
          [
            141.0060188,
            38.2827835
          ],
          [
            141.0060424,
            38.2827582
          ],
          [
            141.005902,
            38.2826776
          ],
          [
            141.0058732,
            38.2827084
          ],
          [
            141.0058231,
            38.2826796
          ],
          [
            141.0057437,
            38.2827648
          ],
          [
            141.0057839,
            38.2827879
          ],
          [
            141.0055567,
            38.2830318
          ],
          [
            141.0055215,
            38.2830117
          ],
          [
            141.00547,
            38.283067
          ],
          [
            141.0055068,
            38.2830881
          ],
          [
            141.0051964,
            38.2834212
          ],
          [
            141.0051442,
            38.2833913
          ],
          [
            141.0050339,
            38.2835096
          ]
        ],
        "calculated_area_m2": 42979.5,
        "perimeter_m": 360.0,
        "bbox": [
          141.005034,
          38.282678,
          141.006304,
          38.283789
        ],
        "polygon_source": "OSM_exact_footprint"
      }
    },
    {
      "type": "Feature",
      "id": "duckdb/59",
      "geometry": {
        "type": "Polygon",
        "coordinates": [
          [
            [
              141.5721472,
              38.8889469
            ],
            [
              141.5734507,
              38.8884099
            ],
            [
              141.573582,
              38.8884303
            ],
            [
              141.5739245,
              38.8889449
            ],
            [
              141.5725434,
              38.8895115
            ],
            [
              141.5721472,
              38.8889469
            ]
          ]
        ]
      },
      "properties": {
        "id": "duckdb/59",
        "osm_id": "db_59",
        "osm_type": "duckdb",
        "name": "イオン気仙沼店",
        "name_en": "",
        "lat": 38.888865,
        "lon": 141.572966,
        "brand": "イオン",
        "brand_wikidata": "Q305335",
        "mall_type": "一般イオン",
        "prefecture": "宮城県",
        "city": "気仙沼市",
        "address": "宮城県気仙沼市赤岩舘下6-1外",
        "website": "",
        "opening_hours": "",
        "phone": "",
        "opening_year": "1998年11月18日（1984年開業の旧ジャスコ気仙沼店から移転開業）",
        "area": "商業施設面積 約17,216㎡",
        "former_building": "ジャスコ気仙沼店（初代から移転）",
        "demand_and_features": "気仙沼バイパス沿いに位置し、東日本大震災の津波被災を乗り越え地域復興の象徴として再開した店舗。気仙沼市および周辺広域からの自家用車利用客が多く、生鮮食品や衣料品、生活必需品を一堂に揃える総合スーパーとして絶対的な存在感を誇る。漁業関係者や三世代同居世帯向けの大容量食品や日用品の品揃えも特徴。",
        "source": "aeon_stores.duckdb",
        "priority": 1,
        "building_height_est_m": 12.0,
        "site_area_m2": 30042.2,
        "floor_area_m2": 56329.0,
        "polygon_coordinates": [
          [
            141.5721472,
            38.8889469
          ],
          [
            141.5734507,
            38.8884099
          ],
          [
            141.573582,
            38.8884303
          ],
          [
            141.5739245,
            38.8889449
          ],
          [
            141.5725434,
            38.8895115
          ],
          [
            141.5721472,
            38.8889469
          ]
        ],
        "calculated_area_m2": 27554.6,
        "perimeter_m": 409.6,
        "bbox": [
          141.572147,
          38.88841,
          141.573925,
          38.889511
        ],
        "polygon_source": "OSM_exact_footprint"
      }
    },
    {
      "type": "Feature",
      "id": "duckdb/58",
      "geometry": {
        "type": "Polygon",
        "coordinates": [
          [
            [
              141.3063539,
              38.4350005
            ],
            [
              141.3065926,
              38.4349937
            ],
            [
              141.3065877,
              38.4348891
            ],
            [
              141.306349,
              38.4348959
            ],
            [
              141.3063539,
              38.4350005
            ]
          ]
        ]
      },
      "properties": {
        "id": "duckdb/58",
        "osm_id": "db_58",
        "osm_type": "duckdb",
        "name": "イオン石巻駅前店",
        "name_en": "",
        "lat": 38.434956,
        "lon": 141.306447,
        "brand": "イオン",
        "brand_wikidata": "Q305335",
        "mall_type": "一般イオン",
        "prefecture": "宮城県",
        "city": "石巻市",
        "address": "宮城県石巻市穀町14-1 (石巻市役所1階)",
        "website": "",
        "opening_hours": "",
        "phone": "",
        "opening_year": "2020年4月23日（旧さくら野百貨店石巻店・エスタ跡の市役所庁舎1階に居抜き出店）",
        "area": "店舗面積 約2,369㎡",
        "former_building": "さくら野百貨店石巻店（商業区画エスタ跡）",
        "demand_and_features": "石巻駅前の市役所庁舎1階という極めてユニークな立地。市役所利用者や駅前の公共交通機関を利用する高齢者、近隣住民の貴重な日常の買い物場として機能している。コンパクトなスペースながら、日用食料品から惣菜、手土産品まで幅広く揃え、行政手続きや駅利用のついでに買い物を済ませられる高い利便性が地域で重宝されている。",
        "source": "aeon_stores.duckdb",
        "priority": 1,
        "building_height_est_m": 12.0,
        "site_area_m2": 419.1,
        "floor_area_m2": 785.7,
        "polygon_coordinates": [
          [
            141.3063539,
            38.4350005
          ],
          [
            141.3065926,
            38.4349937
          ],
          [
            141.3065877,
            38.4348891
          ],
          [
            141.306349,
            38.4348959
          ],
          [
            141.3063539,
            38.4350005
          ]
        ],
        "calculated_area_m2": 3795.1,
        "perimeter_m": 64.8,
        "bbox": [
          141.306349,
          38.434889,
          141.306593,
          38.435001
        ],
        "polygon_source": "OSM_exact_footprint"
      }
    },
    {
      "type": "Feature",
      "id": "duckdb/569",
      "geometry": {
        "type": "Polygon",
        "coordinates": [
          [
            [
              140.7628207,
              38.0637732
            ],
            [
              140.76305,
              38.0635251
            ],
            [
              140.7632404,
              38.0636212
            ],
            [
              140.7632895,
              38.0635662
            ],
            [
              140.7631975,
              38.0635178
            ],
            [
              140.7630607,
              38.0633509
            ],
            [
              140.7627889,
              38.0631894
            ],
            [
              140.7625873,
              38.0630759
            ],
            [
              140.7626324,
              38.0630258
            ],
            [
              140.7625591,
              38.0629898
            ],
            [
              140.762602,
              38.062956
            ],
            [
              140.7618452,
              38.0625548
            ],
            [
              140.7617703,
              38.0626489
            ],
            [
              140.7617293,
              38.0626221
            ],
            [
              140.7616118,
              38.0627599
            ],
            [
              140.7616408,
              38.0627772
            ],
            [
              140.7615178,
              38.0629161
            ],
            [
              140.7619117,
              38.0631969
            ],
            [
              140.7618886,
              38.063221
            ],
            [
              140.7622032,
              38.0633931
            ],
            [
              140.7621872,
              38.0634161
            ],
            [
              140.7622704,
              38.063458
            ],
            [
              140.7622518,
              38.0634829
            ],
            [
              140.762422,
              38.0635743
            ],
            [
              140.7624056,
              38.0635917
            ],
            [
              140.76251,
              38.0636429
            ],
            [
              140.7625379,
              38.0636141
            ],
            [
              140.7628207,
              38.0637732
            ]
          ]
        ]
      },
      "properties": {
        "id": "duckdb/569",
        "osm_id": "db_569",
        "osm_type": "duckdb",
        "name": "イオン船岡店",
        "name_en": "",
        "lat": 38.063258,
        "lon": 140.762405,
        "brand": "イオン",
        "brand_wikidata": "Q305335",
        "mall_type": "一般イオン",
        "prefecture": "宮城県",
        "city": "柴田町",
        "address": "宮城県柴田郡柴田町西船迫2-1-15",
        "website": "",
        "opening_hours": "",
        "phone": "",
        "opening_year": "1980年11月1日（開業時は「ジャスコ船岡店」）",
        "area": "商業施設面積：約10,697㎡",
        "former_building": "新規開発（ショッピングセンター「サンコア」の核店舗であるジャスコ船岡店）",
        "demand_and_features": "1980年に柴田町内初、かつ宮城県南初の郊外型大型小売店「ショッピングセンター・サンコア」として開業した歴史ある店舗。現在はイオン東北が運営し、1階食料品売場が朝7時から営業するなど、地域住民の日常的な衣食住を支える生活インフラとして深く定着。地元生産者と提携した農産物直売コーナー等を備え、近隣のファミリー層や高齢者層にとって欠かせない地域密着型総合スーパー（GMS）の役割を果たしている。",
        "source": "aeon_stores.duckdb",
        "priority": 1,
        "building_height_est_m": 12.0,
        "site_area_m2": 33504.5,
        "floor_area_m2": 62821.0,
        "polygon_coordinates": [
          [
            140.7628207,
            38.0637732
          ],
          [
            140.76305,
            38.0635251
          ],
          [
            140.7632404,
            38.0636212
          ],
          [
            140.7632895,
            38.0635662
          ],
          [
            140.7631975,
            38.0635178
          ],
          [
            140.7630607,
            38.0633509
          ],
          [
            140.7627889,
            38.0631894
          ],
          [
            140.7625873,
            38.0630759
          ],
          [
            140.7626324,
            38.0630258
          ],
          [
            140.7625591,
            38.0629898
          ],
          [
            140.762602,
            38.062956
          ],
          [
            140.7618452,
            38.0625548
          ],
          [
            140.7617703,
            38.0626489
          ],
          [
            140.7617293,
            38.0626221
          ],
          [
            140.7616118,
            38.0627599
          ],
          [
            140.7616408,
            38.0627772
          ],
          [
            140.7615178,
            38.0629161
          ],
          [
            140.7619117,
            38.0631969
          ],
          [
            140.7618886,
            38.063221
          ],
          [
            140.7622032,
            38.0633931
          ],
          [
            140.7621872,
            38.0634161
          ],
          [
            140.7622704,
            38.063458
          ],
          [
            140.7622518,
            38.0634829
          ],
          [
            140.762422,
            38.0635743
          ],
          [
            140.7624056,
            38.0635917
          ],
          [
            140.76251,
            38.0636429
          ],
          [
            140.7625379,
            38.0636141
          ],
          [
            140.7628207,
            38.0637732
          ]
        ],
        "calculated_area_m2": 17107.3,
        "perimeter_m": 464.8,
        "bbox": [
          140.761518,
          38.062555,
          140.76329,
          38.063773
        ],
        "polygon_source": "OSM_exact_footprint"
      }
    },
    {
      "type": "Feature",
      "id": "way/1096677642",
      "geometry": {
        "type": "Polygon",
        "coordinates": [
          [
            [
              140.509228,
              39.436276
            ],
            [
              140.509212,
              39.436605
            ],
            [
              140.509271,
              39.436603
            ],
            [
              140.509267,
              39.436688
            ],
            [
              140.509309,
              39.436687
            ],
            [
              140.509308,
              39.436728
            ],
            [
              140.509299,
              39.436942
            ],
            [
              140.509294,
              39.437005
            ],
            [
              140.509223,
              39.437258
            ],
            [
              140.509184,
              39.437387
            ],
            [
              140.509141,
              39.437384
            ],
            [
              140.50913,
              39.437418
            ],
            [
              140.509119,
              39.437453
            ],
            [
              140.509059,
              39.437448
            ],
            [
              140.508968,
              39.437507
            ],
            [
              140.50889,
              39.437571
            ],
            [
              140.508854,
              39.437604
            ],
            [
              140.508802,
              39.437676
            ],
            [
              140.508762,
              39.437747
            ],
            [
              140.50874,
              39.437799
            ],
            [
              140.508728,
              39.437844
            ],
            [
              140.508721,
              39.437895
            ],
            [
              140.508721,
              39.437929
            ],
            [
              140.50868,
              39.437968
            ],
            [
              140.50872,
              39.437988
            ],
            [
              140.508548,
              39.438203
            ],
            [
              140.50851,
              39.438185
            ],
            [
              140.508488,
              39.438212
            ],
            [
              140.508462,
              39.438243
            ],
            [
              140.5085,
              39.438263
            ],
            [
              140.508116,
              39.438735
            ],
            [
              140.508352,
              39.438839
            ],
            [
              140.508366,
              39.43889
            ],
            [
              140.508318,
              39.438896
            ],
            [
              140.508329,
              39.438934
            ],
            [
              140.508338,
              39.438965
            ],
            [
              140.508378,
              39.438955
            ],
            [
              140.508391,
              39.439002
            ],
            [
              140.508153,
              39.439298
            ],
            [
              140.508135,
              39.439288
            ],
            [
              140.5081,
              39.439327
            ],
            [
              140.508119,
              39.439338
            ],
            [
              140.507942,
              39.439547
            ],
            [
              140.508542,
              39.439825
            ],
            [
              140.508759,
              39.439552
            ],
            [
              140.508884,
              39.439606
            ],
            [
              140.509176,
              39.439242
            ],
            [
              140.509062,
              39.439184
            ],
            [
              140.509204,
              39.438997
            ],
            [
              140.509296,
              39.439038
            ],
            [
              140.509521,
              39.438761
            ],
            [
              140.509433,
              39.43872
            ],
            [
              140.509653,
              39.438444
            ],
            [
              140.509463,
              39.438353
            ],
            [
              140.509511,
              39.438292
            ],
            [
              140.509557,
              39.438234
            ],
            [
              140.509483,
              39.438197
            ],
            [
              140.509822,
              39.437774
            ],
            [
              140.509856,
              39.437653
            ],
            [
              140.510014,
              39.437095
            ],
            [
              140.509909,
              39.437081
            ],
            [
              140.509919,
              39.437051
            ],
            [
              140.509924,
              39.436932
            ],
            [
              140.509978,
              39.436932
            ],
            [
              140.509979,
              39.436895
            ],
            [
              140.509979,
              39.43685
            ],
            [
              140.509935,
              39.436848
            ],
            [
              140.50994,
              39.436768
            ],
            [
              140.510247,
              39.43677
            ],
            [
              140.510275,
              39.436208
            ],
            [
              140.510256,
              39.436163
            ],
            [
              140.510141,
              39.436162
            ],
            [
              140.510138,
              39.436211
            ],
            [
              140.509644,
              39.436202
            ],
            [
              140.509641,
              39.436282
            ],
            [
              140.509228,
              39.436276
            ]
          ]
        ]
      },
      "properties": {
        "id": "way/1096677642",
        "osm_id": 1096677642,
        "osm_type": "way",
        "name": "イオンモール大曲",
        "name_en": "ÆON MALL ŌMAGARI",
        "lat": 39.437994,
        "lon": 140.509109,
        "brand": "イオンモール",
        "brand_wikidata": "Q11286068",
        "mall_type": "イオンモール",
        "prefecture": "秋田県",
        "city": "大仙市",
        "address": "秋田県大仙市和合",
        "website": "https://www.aeon.jp/sc/omagari/",
        "opening_hours": "Mo-Su 10:00-21:00",
        "phone": "+81 187 66 3733",
        "opening_year": "2008年10月11日（開業時は「ジャスコ大曲店」）",
        "area": "敷地面積：約164,278㎡ / 商業施設面積：約47,020㎡",
        "former_building": "更地（新規開発）",
        "demand_and_features": "秋田県南地域（大仙市、仙北市、美郷町など）の商業・エンタメ需要を独占的に牽引する超広域型モール「イオンモール大曲」の核店舗。かつて秋田市や岩手県盛岡市、宮城県仙台市などに流出していた県南エリアの購買力を地元に防ぎ止める防波堤として誕生。地域唯一のシネコン（イオンシネマ大曲）や多数 of 専門店街を備え、平日の生活買いから週末のファミリーレジャーまで全方位で熱烈に支持されている。",
        "source": "OpenStreetMap",
        "priority": 2,
        "building_height_est_m": 22.0,
        "site_area_m2": 164278.0,
        "floor_area_m2": 47020.0,
        "polygon_coordinates": [
          [
            140.509228,
            39.436276
          ],
          [
            140.509212,
            39.436605
          ],
          [
            140.509271,
            39.436603
          ],
          [
            140.509267,
            39.436688
          ],
          [
            140.509309,
            39.436687
          ],
          [
            140.509308,
            39.436728
          ],
          [
            140.509299,
            39.436942
          ],
          [
            140.509294,
            39.437005
          ],
          [
            140.509223,
            39.437258
          ],
          [
            140.509184,
            39.437387
          ],
          [
            140.509141,
            39.437384
          ],
          [
            140.50913,
            39.437418
          ],
          [
            140.509119,
            39.437453
          ],
          [
            140.509059,
            39.437448
          ],
          [
            140.508968,
            39.437507
          ],
          [
            140.50889,
            39.437571
          ],
          [
            140.508854,
            39.437604
          ],
          [
            140.508802,
            39.437676
          ],
          [
            140.508762,
            39.437747
          ],
          [
            140.50874,
            39.437799
          ],
          [
            140.508728,
            39.437844
          ],
          [
            140.508721,
            39.437895
          ],
          [
            140.508721,
            39.437929
          ],
          [
            140.50868,
            39.437968
          ],
          [
            140.50872,
            39.437988
          ],
          [
            140.508548,
            39.438203
          ],
          [
            140.50851,
            39.438185
          ],
          [
            140.508488,
            39.438212
          ],
          [
            140.508462,
            39.438243
          ],
          [
            140.5085,
            39.438263
          ],
          [
            140.508116,
            39.438735
          ],
          [
            140.508352,
            39.438839
          ],
          [
            140.508366,
            39.43889
          ],
          [
            140.508318,
            39.438896
          ],
          [
            140.508329,
            39.438934
          ],
          [
            140.508338,
            39.438965
          ],
          [
            140.508378,
            39.438955
          ],
          [
            140.508391,
            39.439002
          ],
          [
            140.508153,
            39.439298
          ],
          [
            140.508135,
            39.439288
          ],
          [
            140.5081,
            39.439327
          ],
          [
            140.508119,
            39.439338
          ],
          [
            140.507942,
            39.439547
          ],
          [
            140.508542,
            39.439825
          ],
          [
            140.508759,
            39.439552
          ],
          [
            140.508884,
            39.439606
          ],
          [
            140.509176,
            39.439242
          ],
          [
            140.509062,
            39.439184
          ],
          [
            140.509204,
            39.438997
          ],
          [
            140.509296,
            39.439038
          ],
          [
            140.509521,
            39.438761
          ],
          [
            140.509433,
            39.43872
          ],
          [
            140.509653,
            39.438444
          ],
          [
            140.509463,
            39.438353
          ],
          [
            140.509511,
            39.438292
          ],
          [
            140.509557,
            39.438234
          ],
          [
            140.509483,
            39.438197
          ],
          [
            140.509822,
            39.437774
          ],
          [
            140.509856,
            39.437653
          ],
          [
            140.510014,
            39.437095
          ],
          [
            140.509909,
            39.437081
          ],
          [
            140.509919,
            39.437051
          ],
          [
            140.509924,
            39.436932
          ],
          [
            140.509978,
            39.436932
          ],
          [
            140.509979,
            39.436895
          ],
          [
            140.509979,
            39.43685
          ],
          [
            140.509935,
            39.436848
          ],
          [
            140.50994,
            39.436768
          ],
          [
            140.510247,
            39.43677
          ],
          [
            140.510275,
            39.436208
          ],
          [
            140.510256,
            39.436163
          ],
          [
            140.510141,
            39.436162
          ],
          [
            140.510138,
            39.436211
          ],
          [
            140.509644,
            39.436202
          ],
          [
            140.509641,
            39.436282
          ],
          [
            140.509228,
            39.436276
          ]
        ],
        "calculated_area_m2": 31686.7,
        "perimeter_m": 1156.3,
        "bbox": [
          140.507942,
          39.436162,
          140.510275,
          39.439825
        ],
        "polygon_source": "OSM_exact_footprint"
      }
    },
    {
      "type": "Feature",
      "id": "way/412873199",
      "geometry": {
        "type": "Polygon",
        "coordinates": [
          [
            [
              140.159394,
              39.663122
            ],
            [
              140.159388,
              39.66334
            ],
            [
              140.159322,
              39.663339
            ],
            [
              140.15932,
              39.66342
            ],
            [
              140.159191,
              39.663419
            ],
            [
              140.159193,
              39.663298
            ],
            [
              140.159007,
              39.663296
            ],
            [
              140.158999,
              39.664255
            ],
            [
              140.159455,
              39.664258
            ],
            [
              140.159815,
              39.664262
            ],
            [
              140.15982,
              39.663981
            ],
            [
              140.159923,
              39.663982
            ],
            [
              140.159989,
              39.664043
            ],
            [
              140.160156,
              39.664114
            ],
            [
              140.160297,
              39.664116
            ],
            [
              140.160354,
              39.664141
            ],
            [
              140.16044,
              39.664159
            ],
            [
              140.160473,
              39.664156
            ],
            [
              140.160518,
              39.664152
            ],
            [
              140.160582,
              39.664132
            ],
            [
              140.160608,
              39.664117
            ],
            [
              140.160732,
              39.664102
            ],
            [
              140.161228,
              39.663787
            ],
            [
              140.161279,
              39.66375
            ],
            [
              140.161314,
              39.663761
            ],
            [
              140.161348,
              39.663767
            ],
            [
              140.161382,
              39.663764
            ],
            [
              140.161429,
              39.663742
            ],
            [
              140.161454,
              39.663719
            ],
            [
              140.16147,
              39.663698
            ],
            [
              140.161476,
              39.66367
            ],
            [
              140.161474,
              39.663644
            ],
            [
              140.161455,
              39.663624
            ],
            [
              140.161257,
              39.663423
            ],
            [
              140.161572,
              39.663251
            ],
            [
              140.161575,
              39.663174
            ],
            [
              140.161663,
              39.663125
            ],
            [
              140.161693,
              39.663159
            ],
            [
              140.161761,
              39.663119
            ],
            [
              140.161859,
              39.663213
            ],
            [
              140.161942,
              39.663224
            ],
            [
              140.162363,
              39.66301
            ],
            [
              140.162591,
              39.662892
            ],
            [
              140.162336,
              39.662629
            ],
            [
              140.162349,
              39.66262
            ],
            [
              140.162309,
              39.662577
            ],
            [
              140.16235,
              39.662554
            ],
            [
              140.16228,
              39.662479
            ],
            [
              140.162417,
              39.662398
            ],
            [
              140.16227,
              39.662241
            ],
            [
              140.16208,
              39.662352
            ],
            [
              140.162055,
              39.662328
            ],
            [
              140.162029,
              39.662323
            ],
            [
              140.162002,
              39.662324
            ],
            [
              140.161977,
              39.66233
            ],
            [
              140.161355,
              39.662673
            ],
            [
              140.161381,
              39.662701
            ],
            [
              140.161297,
              39.662745
            ],
            [
              140.160808,
              39.663019
            ],
            [
              140.160504,
              39.663183
            ],
            [
              140.160462,
              39.663185
            ],
            [
              140.16042,
              39.663187
            ],
            [
              140.160388,
              39.663184
            ],
            [
              140.159933,
              39.66319
            ],
            [
              140.159935,
              39.663086
            ],
            [
              140.159947,
              39.662486
            ],
            [
              140.159403,
              39.662482
            ],
            [
              140.159394,
              39.663122
            ]
          ]
        ]
      },
      "properties": {
        "id": "way/412873199",
        "osm_id": 412873199,
        "osm_type": "way",
        "name": "イオンモール秋田",
        "name_en": "AEON MALL AKITA",
        "lat": 39.663252,
        "lon": 140.160795,
        "brand": "イオンモール",
        "brand_wikidata": "Q11286068",
        "mall_type": "イオンモール",
        "prefecture": "秋田県",
        "city": "秋田市",
        "address": "秋田県秋田市御所野地蔵田一丁目1",
        "website": "https://akita-aeonmall.com/",
        "opening_hours": "",
        "phone": "",
        "opening_year": "1993年9月10日（ジャスコ御所野店として開業、2016年にイオンスタイルに改装）",
        "area": "商業施設面積 約67,000㎡（モール全体）",
        "former_building": "ジャスコ御所野店",
        "demand_and_features": "秋田市の南東部、御所野ニュータウンに位置する「イオンモール秋田」の核店舗。秋田県内随一の超広域商業集客エリアを形成しており、週末は県内外から多くの車が集まる。食料品売場では秋田の伝統食材や地元生産者の野菜・鮮魚コーナーが極めて活況で、最新のトレンド衣料やベビー関連も広く支持されている。",
        "source": "OpenStreetMap",
        "priority": 2,
        "building_height_est_m": 22.0,
        "site_area_m2": 107200.0,
        "floor_area_m2": 67000.0,
        "polygon_coordinates": [
          [
            140.159394,
            39.663122
          ],
          [
            140.159388,
            39.66334
          ],
          [
            140.159322,
            39.663339
          ],
          [
            140.15932,
            39.66342
          ],
          [
            140.159191,
            39.663419
          ],
          [
            140.159193,
            39.663298
          ],
          [
            140.159007,
            39.663296
          ],
          [
            140.158999,
            39.664255
          ],
          [
            140.159455,
            39.664258
          ],
          [
            140.159815,
            39.664262
          ],
          [
            140.15982,
            39.663981
          ],
          [
            140.159923,
            39.663982
          ],
          [
            140.159989,
            39.664043
          ],
          [
            140.160156,
            39.664114
          ],
          [
            140.160297,
            39.664116
          ],
          [
            140.160354,
            39.664141
          ],
          [
            140.16044,
            39.664159
          ],
          [
            140.160473,
            39.664156
          ],
          [
            140.160518,
            39.664152
          ],
          [
            140.160582,
            39.664132
          ],
          [
            140.160608,
            39.664117
          ],
          [
            140.160732,
            39.664102
          ],
          [
            140.161228,
            39.663787
          ],
          [
            140.161279,
            39.66375
          ],
          [
            140.161314,
            39.663761
          ],
          [
            140.161348,
            39.663767
          ],
          [
            140.161382,
            39.663764
          ],
          [
            140.161429,
            39.663742
          ],
          [
            140.161454,
            39.663719
          ],
          [
            140.16147,
            39.663698
          ],
          [
            140.161476,
            39.66367
          ],
          [
            140.161474,
            39.663644
          ],
          [
            140.161455,
            39.663624
          ],
          [
            140.161257,
            39.663423
          ],
          [
            140.161572,
            39.663251
          ],
          [
            140.161575,
            39.663174
          ],
          [
            140.161663,
            39.663125
          ],
          [
            140.161693,
            39.663159
          ],
          [
            140.161761,
            39.663119
          ],
          [
            140.161859,
            39.663213
          ],
          [
            140.161942,
            39.663224
          ],
          [
            140.162363,
            39.66301
          ],
          [
            140.162591,
            39.662892
          ],
          [
            140.162336,
            39.662629
          ],
          [
            140.162349,
            39.66262
          ],
          [
            140.162309,
            39.662577
          ],
          [
            140.16235,
            39.662554
          ],
          [
            140.16228,
            39.662479
          ],
          [
            140.162417,
            39.662398
          ],
          [
            140.16227,
            39.662241
          ],
          [
            140.16208,
            39.662352
          ],
          [
            140.162055,
            39.662328
          ],
          [
            140.162029,
            39.662323
          ],
          [
            140.162002,
            39.662324
          ],
          [
            140.161977,
            39.66233
          ],
          [
            140.161355,
            39.662673
          ],
          [
            140.161381,
            39.662701
          ],
          [
            140.161297,
            39.662745
          ],
          [
            140.160808,
            39.663019
          ],
          [
            140.160504,
            39.663183
          ],
          [
            140.160462,
            39.663185
          ],
          [
            140.16042,
            39.663187
          ],
          [
            140.160388,
            39.663184
          ],
          [
            140.159933,
            39.66319
          ],
          [
            140.159935,
            39.663086
          ],
          [
            140.159947,
            39.662486
          ],
          [
            140.159403,
            39.662482
          ],
          [
            140.159394,
            39.663122
          ]
        ],
        "calculated_area_m2": 32933.8,
        "perimeter_m": 1169.8,
        "bbox": [
          140.158999,
          39.662241,
          140.162591,
          39.664262
        ],
        "polygon_source": "OSM_exact_footprint"
      }
    },
    {
      "type": "Feature",
      "id": "way/236502644",
      "geometry": {
        "type": "Polygon",
        "coordinates": [
          [
            [
              139.833656,
              38.816335
            ],
            [
              139.83366,
              38.816255
            ],
            [
              139.833665,
              38.816152
            ],
            [
              139.833593,
              38.81615
            ],
            [
              139.833604,
              38.815925
            ],
            [
              139.833665,
              38.815927
            ],
            [
              139.833686,
              38.815508
            ],
            [
              139.833948,
              38.815516
            ],
            [
              139.833949,
              38.815492
            ],
            [
              139.834313,
              38.815504
            ],
            [
              139.834339,
              38.815487
            ],
            [
              139.834373,
              38.815468
            ],
            [
              139.834431,
              38.815471
            ],
            [
              139.834476,
              38.815473
            ],
            [
              139.834519,
              38.815488
            ],
            [
              139.834548,
              38.815514
            ],
            [
              139.835071,
              38.815538
            ],
            [
              139.835055,
              38.815751
            ],
            [
              139.835484,
              38.815769
            ],
            [
              139.835499,
              38.815743
            ],
            [
              139.835527,
              38.815734
            ],
            [
              139.835564,
              38.815728
            ],
            [
              139.835595,
              38.81573
            ],
            [
              139.835625,
              38.815732
            ],
            [
              139.835658,
              38.815742
            ],
            [
              139.835688,
              38.815765
            ],
            [
              139.835706,
              38.815785
            ],
            [
              139.836855,
              38.81583
            ],
            [
              139.836935,
              38.815833
            ],
            [
              139.836889,
              38.816574
            ],
            [
              139.836168,
              38.816547
            ],
            [
              139.83618,
              38.816359
            ],
            [
              139.83616,
              38.816358
            ],
            [
              139.836159,
              38.816382
            ],
            [
              139.836091,
              38.816379
            ],
            [
              139.836088,
              38.816431
            ],
            [
              139.835933,
              38.816425
            ],
            [
              139.835938,
              38.816338
            ],
            [
              139.835784,
              38.816332
            ],
            [
              139.835782,
              38.816352
            ],
            [
              139.835645,
              38.816348
            ],
            [
              139.83563,
              38.816362
            ],
            [
              139.835609,
              38.816369
            ],
            [
              139.835546,
              38.816368
            ],
            [
              139.835484,
              38.816368
            ],
            [
              139.835455,
              38.816358
            ],
            [
              139.835432,
              38.81635
            ],
            [
              139.835408,
              38.81633
            ],
            [
              139.835004,
              38.816318
            ],
            [
              139.834998,
              38.816434
            ],
            [
              139.83446,
              38.816418
            ],
            [
              139.83441,
              38.816436
            ],
            [
              139.834367,
              38.816434
            ],
            [
              139.834329,
              38.816432
            ],
            [
              139.834266,
              38.816405
            ],
            [
              139.834083,
              38.8164
            ],
            [
              139.834085,
              38.816347
            ],
            [
              139.833656,
              38.816335
            ]
          ]
        ]
      },
      "properties": {
        "id": "way/236502644",
        "osm_id": 236502644,
        "osm_type": "way",
        "name": "イオンモール三川",
        "name_en": "",
        "lat": 38.816021,
        "lon": 139.835264,
        "brand": "イオンモール",
        "brand_wikidata": "Q305335",
        "mall_type": "イオンモール",
        "prefecture": "山形県",
        "city": "三川町",
        "address": "山形県三川町大字猪子1",
        "website": "http://www.aeon.jp/sc/mikawa/",
        "opening_hours": "09:00-21:00",
        "phone": "",
        "opening_year": "2001年8月3日（ジャスコ三川店として開業、イオンモール三川の核店舗）",
        "area": "商業施設面積 約41,200㎡",
        "former_building": "ジャスコ三川店",
        "demand_and_features": "鶴岡市と酒田市のほぼ中間に位置し、庄内地方広域からのお買い物客を集めるモール型店舗。競合する他施設が少ない庄内平野の中央で、シネマコンプレックス等と併せて地域最大のレジャー・お買い物拠点となっている。三世代で同居する地元の大家族世帯が多く、食品・衣料品ともにまとめ買い需要が極めて高い。",
        "source": "OpenStreetMap",
        "priority": 2,
        "building_height_est_m": 22.0,
        "site_area_m2": 65920.0,
        "floor_area_m2": 41200.0,
        "polygon_coordinates": [
          [
            139.833656,
            38.816335
          ],
          [
            139.83366,
            38.816255
          ],
          [
            139.833665,
            38.816152
          ],
          [
            139.833593,
            38.81615
          ],
          [
            139.833604,
            38.815925
          ],
          [
            139.833665,
            38.815927
          ],
          [
            139.833686,
            38.815508
          ],
          [
            139.833948,
            38.815516
          ],
          [
            139.833949,
            38.815492
          ],
          [
            139.834313,
            38.815504
          ],
          [
            139.834339,
            38.815487
          ],
          [
            139.834373,
            38.815468
          ],
          [
            139.834431,
            38.815471
          ],
          [
            139.834476,
            38.815473
          ],
          [
            139.834519,
            38.815488
          ],
          [
            139.834548,
            38.815514
          ],
          [
            139.835071,
            38.815538
          ],
          [
            139.835055,
            38.815751
          ],
          [
            139.835484,
            38.815769
          ],
          [
            139.835499,
            38.815743
          ],
          [
            139.835527,
            38.815734
          ],
          [
            139.835564,
            38.815728
          ],
          [
            139.835595,
            38.81573
          ],
          [
            139.835625,
            38.815732
          ],
          [
            139.835658,
            38.815742
          ],
          [
            139.835688,
            38.815765
          ],
          [
            139.835706,
            38.815785
          ],
          [
            139.836855,
            38.81583
          ],
          [
            139.836935,
            38.815833
          ],
          [
            139.836889,
            38.816574
          ],
          [
            139.836168,
            38.816547
          ],
          [
            139.83618,
            38.816359
          ],
          [
            139.83616,
            38.816358
          ],
          [
            139.836159,
            38.816382
          ],
          [
            139.836091,
            38.816379
          ],
          [
            139.836088,
            38.816431
          ],
          [
            139.835933,
            38.816425
          ],
          [
            139.835938,
            38.816338
          ],
          [
            139.835784,
            38.816332
          ],
          [
            139.835782,
            38.816352
          ],
          [
            139.835645,
            38.816348
          ],
          [
            139.83563,
            38.816362
          ],
          [
            139.835609,
            38.816369
          ],
          [
            139.835546,
            38.816368
          ],
          [
            139.835484,
            38.816368
          ],
          [
            139.835455,
            38.816358
          ],
          [
            139.835432,
            38.81635
          ],
          [
            139.835408,
            38.81633
          ],
          [
            139.835004,
            38.816318
          ],
          [
            139.834998,
            38.816434
          ],
          [
            139.83446,
            38.816418
          ],
          [
            139.83441,
            38.816436
          ],
          [
            139.834367,
            38.816434
          ],
          [
            139.834329,
            38.816432
          ],
          [
            139.834266,
            38.816405
          ],
          [
            139.834083,
            38.8164
          ],
          [
            139.834085,
            38.816347
          ],
          [
            139.833656,
            38.816335
          ]
        ],
        "calculated_area_m2": 23468.5,
        "perimeter_m": 846.8,
        "bbox": [
          139.833593,
          38.815468,
          139.836935,
          38.816574
        ],
        "polygon_source": "OSM_exact_footprint"
      }
    },
    {
      "type": "Feature",
      "id": "way/1298754711",
      "geometry": {
        "type": "Polygon",
        "coordinates": [
          [
            [
              140.505092,
              37.828242
            ],
            [
              140.505192,
              37.828224
            ],
            [
              140.506398,
              37.828244
            ],
            [
              140.506461,
              37.828235
            ],
            [
              140.506517,
              37.828203
            ],
            [
              140.506562,
              37.828166
            ],
            [
              140.506658,
              37.827942
            ],
            [
              140.507253,
              37.827365
            ],
            [
              140.507345,
              37.827345
            ],
            [
              140.507464,
              37.827346
            ],
            [
              140.507578,
              37.827368
            ],
            [
              140.508009,
              37.827633
            ],
            [
              140.508151,
              37.827689
            ],
            [
              140.508265,
              37.827702
            ],
            [
              140.509413,
              37.82779
            ],
            [
              140.509454,
              37.82739
            ],
            [
              140.509505,
              37.827247
            ],
            [
              140.509561,
              37.827132
            ],
            [
              140.509652,
              37.827012
            ],
            [
              140.509957,
              37.82683
            ],
            [
              140.510231,
              37.826696
            ],
            [
              140.510251,
              37.826543
            ],
            [
              140.507823,
              37.82414
            ],
            [
              140.507715,
              37.8241
            ],
            [
              140.507444,
              37.823876
            ],
            [
              140.506901,
              37.824186
            ],
            [
              140.506717,
              37.82426
            ],
            [
              140.506566,
              37.824278
            ],
            [
              140.505557,
              37.824381
            ],
            [
              140.505281,
              37.82442
            ],
            [
              140.505043,
              37.824529
            ],
            [
              140.504878,
              37.824639
            ],
            [
              140.504777,
              37.824757
            ],
            [
              140.504719,
              37.824899
            ],
            [
              140.504704,
              37.825032
            ],
            [
              140.504692,
              37.825142
            ],
            [
              140.504694,
              37.825234
            ],
            [
              140.504973,
              37.826129
            ],
            [
              140.504952,
              37.826245
            ],
            [
              140.504888,
              37.826343
            ],
            [
              140.504799,
              37.826446
            ],
            [
              140.504616,
              37.826568
            ],
            [
              140.504457,
              37.826635
            ],
            [
              140.504121,
              37.826707
            ],
            [
              140.504372,
              37.827145
            ],
            [
              140.50449,
              37.827431
            ],
            [
              140.504916,
              37.827944
            ],
            [
              140.505092,
              37.828242
            ]
          ]
        ]
      },
      "properties": {
        "id": "way/1298754711",
        "osm_id": 1298754711,
        "osm_type": "way",
        "name": "イオンモール伊達 建設工事",
        "name_en": "",
        "lat": 37.82606,
        "lon": 140.507186,
        "brand": "イオン",
        "brand_wikidata": "Q305335",
        "mall_type": "イオンモール",
        "prefecture": "福島県",
        "city": "",
        "address": "福島県",
        "website": "",
        "opening_hours": "",
        "phone": "",
        "opening_year": "",
        "area": "",
        "former_building": "",
        "demand_and_features": "",
        "source": "OpenStreetMap",
        "priority": 2,
        "building_height_est_m": 22.0,
        "site_area_m2": 161830.0,
        "floor_area_m2": 89006.5,
        "polygon_coordinates": [
          [
            140.505092,
            37.828242
          ],
          [
            140.505192,
            37.828224
          ],
          [
            140.506398,
            37.828244
          ],
          [
            140.506461,
            37.828235
          ],
          [
            140.506517,
            37.828203
          ],
          [
            140.506562,
            37.828166
          ],
          [
            140.506658,
            37.827942
          ],
          [
            140.507253,
            37.827365
          ],
          [
            140.507345,
            37.827345
          ],
          [
            140.507464,
            37.827346
          ],
          [
            140.507578,
            37.827368
          ],
          [
            140.508009,
            37.827633
          ],
          [
            140.508151,
            37.827689
          ],
          [
            140.508265,
            37.827702
          ],
          [
            140.509413,
            37.82779
          ],
          [
            140.509454,
            37.82739
          ],
          [
            140.509505,
            37.827247
          ],
          [
            140.509561,
            37.827132
          ],
          [
            140.509652,
            37.827012
          ],
          [
            140.509957,
            37.82683
          ],
          [
            140.510231,
            37.826696
          ],
          [
            140.510251,
            37.826543
          ],
          [
            140.507823,
            37.82414
          ],
          [
            140.507715,
            37.8241
          ],
          [
            140.507444,
            37.823876
          ],
          [
            140.506901,
            37.824186
          ],
          [
            140.506717,
            37.82426
          ],
          [
            140.506566,
            37.824278
          ],
          [
            140.505557,
            37.824381
          ],
          [
            140.505281,
            37.82442
          ],
          [
            140.505043,
            37.824529
          ],
          [
            140.504878,
            37.824639
          ],
          [
            140.504777,
            37.824757
          ],
          [
            140.504719,
            37.824899
          ],
          [
            140.504704,
            37.825032
          ],
          [
            140.504692,
            37.825142
          ],
          [
            140.504694,
            37.825234
          ],
          [
            140.504973,
            37.826129
          ],
          [
            140.504952,
            37.826245
          ],
          [
            140.504888,
            37.826343
          ],
          [
            140.504799,
            37.826446
          ],
          [
            140.504616,
            37.826568
          ],
          [
            140.504457,
            37.826635
          ],
          [
            140.504121,
            37.826707
          ],
          [
            140.504372,
            37.827145
          ],
          [
            140.50449,
            37.827431
          ],
          [
            140.504916,
            37.827944
          ],
          [
            140.505092,
            37.828242
          ]
        ],
        "calculated_area_m2": 161830.0,
        "perimeter_m": 1714.3,
        "bbox": [
          140.504121,
          37.823876,
          140.510251,
          37.828244
        ],
        "polygon_source": "OSM_exact_footprint"
      }
    },
    {
      "type": "Feature",
      "id": "way/367985066",
      "geometry": {
        "type": "Polygon",
        "coordinates": [
          [
            [
              140.901711,
              36.946115
            ],
            [
              140.901871,
              36.946027
            ],
            [
              140.902223,
              36.946097
            ],
            [
              140.9028,
              36.946227
            ],
            [
              140.903128,
              36.946288
            ],
            [
              140.903466,
              36.946327
            ],
            [
              140.903955,
              36.946359
            ],
            [
              140.904375,
              36.946356
            ],
            [
              140.90476,
              36.94634
            ],
            [
              140.905137,
              36.946313
            ],
            [
              140.905781,
              36.946241
            ],
            [
              140.905881,
              36.946287
            ],
            [
              140.906029,
              36.947102
            ],
            [
              140.905943,
              36.947183
            ],
            [
              140.901881,
              36.947291
            ],
            [
              140.901751,
              36.947175
            ],
            [
              140.901711,
              36.946115
            ]
          ]
        ]
      },
      "properties": {
        "id": "way/367985066",
        "osm_id": 367985066,
        "osm_type": "way",
        "name": "イオンモールいわき小名浜",
        "name_en": "",
        "lat": 36.946659,
        "lon": 140.90387,
        "brand": "イオン",
        "brand_wikidata": "Q305335",
        "mall_type": "イオンモール",
        "prefecture": "茨城県",
        "city": "",
        "address": "茨城県",
        "website": "",
        "opening_hours": "",
        "phone": "",
        "opening_year": "2018年6月15日（イオンモールいわき小名浜の核店舗として開業）",
        "area": "商業施設面積 約50,200㎡（モール全体）",
        "former_building": "新規開発（小名浜港背後地土地区画整理事業エリア）",
        "demand_and_features": "小名浜港に面した復興のシンボル「イオンモールいわき小名浜」の核店舗。いわき市内および北茨城方面からの集客を担う。観光地に隣接しているため、地元の新鮮な魚介類の取り扱いが非常に豊富で、観光客のお土産需要も満たしている。ファミリー層向けのイベントや子供向けアミューズメントも大人気。",
        "source": "OpenStreetMap",
        "priority": 2,
        "building_height_est_m": 22.0,
        "site_area_m2": 80320.0,
        "floor_area_m2": 50200.0,
        "polygon_coordinates": [
          [
            140.901711,
            36.946115
          ],
          [
            140.901871,
            36.946027
          ],
          [
            140.902223,
            36.946097
          ],
          [
            140.9028,
            36.946227
          ],
          [
            140.903128,
            36.946288
          ],
          [
            140.903466,
            36.946327
          ],
          [
            140.903955,
            36.946359
          ],
          [
            140.904375,
            36.946356
          ],
          [
            140.90476,
            36.94634
          ],
          [
            140.905137,
            36.946313
          ],
          [
            140.905781,
            36.946241
          ],
          [
            140.905881,
            36.946287
          ],
          [
            140.906029,
            36.947102
          ],
          [
            140.905943,
            36.947183
          ],
          [
            140.901881,
            36.947291
          ],
          [
            140.901751,
            36.947175
          ],
          [
            140.901711,
            36.946115
          ]
        ],
        "calculated_area_m2": 40446.0,
        "perimeter_m": 979.2,
        "bbox": [
          140.901711,
          36.946027,
          140.906029,
          36.947291
        ],
        "polygon_source": "OSM_exact_footprint"
      }
    },
    {
      "type": "Feature",
      "id": "way/377945132",
      "geometry": {
        "type": "Polygon",
        "coordinates": [
          [
            [
              140.134231,
              36.036144
            ],
            [
              140.134767,
              36.035542
            ],
            [
              140.134518,
              36.035395
            ],
            [
              140.134433,
              36.035345
            ],
            [
              140.134027,
              36.035108
            ],
            [
              140.133947,
              36.035061
            ],
            [
              140.133413,
              36.034752
            ],
            [
              140.133463,
              36.034698
            ],
            [
              140.133421,
              36.03467
            ],
            [
              140.133459,
              36.034635
            ],
            [
              140.133481,
              36.034626
            ],
            [
              140.133432,
              36.034558
            ],
            [
              140.133446,
              36.03455
            ],
            [
              140.133389,
              36.034468
            ],
            [
              140.133364,
              36.034479
            ],
            [
              140.133312,
              36.03441
            ],
            [
              140.133326,
              36.034403
            ],
            [
              140.133255,
              36.034322
            ],
            [
              140.133237,
              36.034333
            ],
            [
              140.133166,
              36.034264
            ],
            [
              140.1331,
              36.03431
            ],
            [
              140.133085,
              36.0343
            ],
            [
              140.13313,
              36.034252
            ],
            [
              140.13306,
              36.034197
            ],
            [
              140.133005,
              36.034234
            ],
            [
              140.132981,
              36.034218
            ],
            [
              140.133035,
              36.034168
            ],
            [
              140.132958,
              36.034113
            ],
            [
              140.132967,
              36.034104
            ],
            [
              140.132874,
              36.034047
            ],
            [
              140.132862,
              36.034061
            ],
            [
              140.132782,
              36.034017
            ],
            [
              140.132788,
              36.034004
            ],
            [
              140.132684,
              36.03395
            ],
            [
              140.132672,
              36.033969
            ],
            [
              140.132583,
              36.033932
            ],
            [
              140.132581,
              36.033949
            ],
            [
              140.132533,
              36.033976
            ],
            [
              140.132519,
              36.033972
            ],
            [
              140.132452,
              36.034012
            ],
            [
              140.132413,
              36.033972
            ],
            [
              140.132362,
              36.033918
            ],
            [
              140.13228,
              36.03383
            ],
            [
              140.13242,
              36.033737
            ],
            [
              140.13229,
              36.033599
            ],
            [
              140.132232,
              36.033538
            ],
            [
              140.13205,
              36.033346
            ],
            [
              140.131109,
              36.033949
            ],
            [
              140.13117,
              36.034013
            ],
            [
              140.131473,
              36.03433
            ],
            [
              140.13149,
              36.034347
            ],
            [
              140.131414,
              36.034398
            ],
            [
              140.131603,
              36.034596
            ],
            [
              140.131556,
              36.034627
            ],
            [
              140.131724,
              36.034802
            ],
            [
              140.132089,
              36.034566
            ],
            [
              140.132146,
              36.034625
            ],
            [
              140.13191,
              36.034781
            ],
            [
              140.132144,
              36.035013
            ],
            [
              140.132082,
              36.035083
            ],
            [
              140.132748,
              36.035464
            ],
            [
              140.132913,
              36.035272
            ],
            [
              140.1334,
              36.035546
            ],
            [
              140.133411,
              36.035658
            ],
            [
              140.134231,
              36.036144
            ]
          ]
        ]
      },
      "properties": {
        "id": "way/377945132",
        "osm_id": 377945132,
        "osm_type": "way",
        "name": "イオンモールつくば",
        "name_en": "Aeonmall Tsukuba",
        "lat": 36.034745,
        "lon": 140.132938,
        "brand": "イオン",
        "brand_wikidata": "Q305335",
        "mall_type": "イオンモール",
        "prefecture": "茨城県",
        "city": "つくば市",
        "address": "茨城県つくば市稲岡1",
        "website": "https://tsukuba-aeonmall.com/",
        "opening_hours": "",
        "phone": "+81 29 896 6116",
        "opening_year": "2013年3月15日（イオンモールつくばの核店舗として新規開業）",
        "area": "商業施設面積 約64,000㎡（モール全体）",
        "former_building": "新規開発（イオンモールつくば）",
        "demand_and_features": "圏央道つくば牛久IC近くの広大な敷地に位置するモール。周辺の研究所に勤務する研究員や知的人口の多いつくば市特有のニーズに応え、オーガニック食品や最新の輸入ワイン、高付加価値なデリカテッセンなどの取り扱いを強化している。敷地内にはドッグランやアウトドア専門店などライフスタイルに寄り添う施設が充実。",
        "source": "OpenStreetMap",
        "priority": 2,
        "building_height_est_m": 22.0,
        "site_area_m2": 102400.0,
        "floor_area_m2": 64000.0,
        "polygon_coordinates": [
          [
            140.134231,
            36.036144
          ],
          [
            140.134767,
            36.035542
          ],
          [
            140.134518,
            36.035395
          ],
          [
            140.134433,
            36.035345
          ],
          [
            140.134027,
            36.035108
          ],
          [
            140.133947,
            36.035061
          ],
          [
            140.133413,
            36.034752
          ],
          [
            140.133463,
            36.034698
          ],
          [
            140.133421,
            36.03467
          ],
          [
            140.133459,
            36.034635
          ],
          [
            140.133481,
            36.034626
          ],
          [
            140.133432,
            36.034558
          ],
          [
            140.133446,
            36.03455
          ],
          [
            140.133389,
            36.034468
          ],
          [
            140.133364,
            36.034479
          ],
          [
            140.133312,
            36.03441
          ],
          [
            140.133326,
            36.034403
          ],
          [
            140.133255,
            36.034322
          ],
          [
            140.133237,
            36.034333
          ],
          [
            140.133166,
            36.034264
          ],
          [
            140.1331,
            36.03431
          ],
          [
            140.133085,
            36.0343
          ],
          [
            140.13313,
            36.034252
          ],
          [
            140.13306,
            36.034197
          ],
          [
            140.133005,
            36.034234
          ],
          [
            140.132981,
            36.034218
          ],
          [
            140.133035,
            36.034168
          ],
          [
            140.132958,
            36.034113
          ],
          [
            140.132967,
            36.034104
          ],
          [
            140.132874,
            36.034047
          ],
          [
            140.132862,
            36.034061
          ],
          [
            140.132782,
            36.034017
          ],
          [
            140.132788,
            36.034004
          ],
          [
            140.132684,
            36.03395
          ],
          [
            140.132672,
            36.033969
          ],
          [
            140.132583,
            36.033932
          ],
          [
            140.132581,
            36.033949
          ],
          [
            140.132533,
            36.033976
          ],
          [
            140.132519,
            36.033972
          ],
          [
            140.132452,
            36.034012
          ],
          [
            140.132413,
            36.033972
          ],
          [
            140.132362,
            36.033918
          ],
          [
            140.13228,
            36.03383
          ],
          [
            140.13242,
            36.033737
          ],
          [
            140.13229,
            36.033599
          ],
          [
            140.132232,
            36.033538
          ],
          [
            140.13205,
            36.033346
          ],
          [
            140.131109,
            36.033949
          ],
          [
            140.13117,
            36.034013
          ],
          [
            140.131473,
            36.03433
          ],
          [
            140.13149,
            36.034347
          ],
          [
            140.131414,
            36.034398
          ],
          [
            140.131603,
            36.034596
          ],
          [
            140.131556,
            36.034627
          ],
          [
            140.131724,
            36.034802
          ],
          [
            140.132089,
            36.034566
          ],
          [
            140.132146,
            36.034625
          ],
          [
            140.13191,
            36.034781
          ],
          [
            140.132144,
            36.035013
          ],
          [
            140.132082,
            36.035083
          ],
          [
            140.132748,
            36.035464
          ],
          [
            140.132913,
            36.035272
          ],
          [
            140.1334,
            36.035546
          ],
          [
            140.133411,
            36.035658
          ],
          [
            140.134231,
            36.036144
          ]
        ],
        "calculated_area_m2": 35872.1,
        "perimeter_m": 1124.7,
        "bbox": [
          140.131109,
          36.033346,
          140.134767,
          36.036144
        ],
        "polygon_source": "OSM_exact_footprint"
      }
    },
    {
      "type": "Feature",
      "id": "way/60335623",
      "geometry": {
        "type": "Polygon",
        "coordinates": [
          [
            [
              140.177596,
              36.079981
            ],
            [
              140.183462,
              36.078083
            ],
            [
              140.183645,
              36.079652
            ],
            [
              140.181958,
              36.080667
            ],
            [
              140.181428,
              36.080936
            ],
            [
              140.178562,
              36.082145
            ],
            [
              140.177485,
              36.080492
            ],
            [
              140.177438,
              36.080388
            ],
            [
              140.177596,
              36.079981
            ]
          ]
        ]
      },
      "properties": {
        "id": "way/60335623",
        "osm_id": 60335623,
        "osm_type": "way",
        "name": "イオンモール土浦",
        "name_en": "Aeonmall Tsuchiura",
        "lat": 36.080114,
        "lon": 140.180542,
        "brand": "イオン",
        "brand_wikidata": "Q305335",
        "mall_type": "イオンモール",
        "prefecture": "茨城県",
        "city": "",
        "address": "茨城県",
        "website": "",
        "opening_hours": "",
        "phone": "",
        "opening_year": "2009年5月28日（イオン土浦ショッピングセンターの核店舗として開業）",
        "area": "商業施設面積 約79,000㎡（モール全体）",
        "former_building": "ジャスコ土浦店（新店）",
        "demand_and_features": "土浦市上高津の霞ヶ浦を望むエリアに位置する「イオンモール土浦」の核店舗。周辺道路の結節点にあり、自動車でのアクセスが抜群によい。ヤングファミリー層が多く居住するエリアのため、おもちゃ、子ども服、ベビー・キッズ用品の売場が広く取られており、休日は子ども連れで活気が溢れる。日常的な食料品のまとめ買いニーズに完全対応。",
        "source": "OpenStreetMap",
        "priority": 2,
        "building_height_est_m": 22.0,
        "site_area_m2": 126400.0,
        "floor_area_m2": 79000.0,
        "polygon_coordinates": [
          [
            140.177596,
            36.079981
          ],
          [
            140.183462,
            36.078083
          ],
          [
            140.183645,
            36.079652
          ],
          [
            140.181958,
            36.080667
          ],
          [
            140.181428,
            36.080936
          ],
          [
            140.178562,
            36.082145
          ],
          [
            140.177485,
            36.080492
          ],
          [
            140.177438,
            36.080388
          ],
          [
            140.177596,
            36.079981
          ]
        ],
        "calculated_area_m2": 123417.0,
        "perimeter_m": 1544.0,
        "bbox": [
          140.177438,
          36.078083,
          140.183645,
          36.082145
        ],
        "polygon_source": "OSM_exact_footprint"
      }
    },
    {
      "type": "Feature",
      "id": "way/91662643",
      "geometry": {
        "type": "Polygon",
        "coordinates": [
          [
            [
              140.35754,
              36.372423
            ],
            [
              140.361476,
              36.374078
            ],
            [
              140.361469,
              36.374119
            ],
            [
              140.361334,
              36.374353
            ],
            [
              140.36136,
              36.37439
            ],
            [
              140.360031,
              36.3765
            ],
            [
              140.359814,
              36.376546
            ],
            [
              140.357403,
              36.375623
            ],
            [
              140.356754,
              36.375378
            ],
            [
              140.356748,
              36.375333
            ],
            [
              140.355992,
              36.375029
            ],
            [
              140.355948,
              36.374988
            ],
            [
              140.35754,
              36.372423
            ]
          ]
        ]
      },
      "properties": {
        "id": "way/91662643",
        "osm_id": 91662643,
        "osm_type": "way",
        "name": "イオンモール水戸内原",
        "name_en": "",
        "lat": 36.374484,
        "lon": 140.358712,
        "brand": "イオン",
        "brand_wikidata": "Q305335",
        "mall_type": "イオンモール",
        "prefecture": "茨城県",
        "city": "",
        "address": "茨城県",
        "website": "",
        "opening_hours": "",
        "phone": "",
        "opening_year": "2005年11月11日（イオン水戸内原ショッピングセンターの核店舗として開業）",
        "area": "商業施設面積 約78,000㎡（モール全体）",
        "former_building": "ジャスコ水戸内原店",
        "demand_and_features": "JR内原駅至近で常磐自動車道からも近く、北関東屈指の巨大モール「イオンモール水戸内原」の核店舗。水戸市内外だけでなく笠間市や筑西市など茨城県中央部一帯からのお客を集める。イオンスタイルならではのモダンな空間に、最新コスメやアパレル、地産のこだわり食材、グルメが並び、週末は常に満車となる超人気店舗。",
        "source": "OpenStreetMap",
        "priority": 2,
        "building_height_est_m": 22.0,
        "site_area_m2": 124800.0,
        "floor_area_m2": 78000.0,
        "polygon_coordinates": [
          [
            140.35754,
            36.372423
          ],
          [
            140.361476,
            36.374078
          ],
          [
            140.361469,
            36.374119
          ],
          [
            140.361334,
            36.374353
          ],
          [
            140.36136,
            36.37439
          ],
          [
            140.360031,
            36.3765
          ],
          [
            140.359814,
            36.376546
          ],
          [
            140.357403,
            36.375623
          ],
          [
            140.356754,
            36.375378
          ],
          [
            140.356748,
            36.375333
          ],
          [
            140.355992,
            36.375029
          ],
          [
            140.355948,
            36.374988
          ],
          [
            140.35754,
            36.372423
          ]
        ],
        "calculated_area_m2": 127398.6,
        "perimeter_m": 1424.6,
        "bbox": [
          140.355948,
          36.372423,
          140.361476,
          36.376546
        ],
        "polygon_source": "OSM_exact_footprint"
      }
    },
    {
      "type": "Feature",
      "id": "way/765609093",
      "geometry": {
        "type": "Polygon",
        "coordinates": [
          [
            [
              139.988178,
              36.190452
            ],
            [
              139.98874,
              36.188227
            ],
            [
              139.98947,
              36.188329
            ],
            [
              139.989546,
              36.188024
            ],
            [
              139.990008,
              36.187941
            ],
            [
              139.990593,
              36.187915
            ],
            [
              139.990609,
              36.188115
            ],
            [
              139.991026,
              36.188105
            ],
            [
              139.990897,
              36.188645
            ],
            [
              139.991099,
              36.188679
            ],
            [
              139.99087,
              36.189644
            ],
            [
              139.990741,
              36.190105
            ],
            [
              139.990603,
              36.190452
            ],
            [
              139.99058,
              36.19061
            ],
            [
              139.990504,
              36.190941
            ],
            [
              139.990517,
              36.191688
            ],
            [
              139.990696,
              36.19254
            ],
            [
              139.990676,
              36.192562
            ],
            [
              139.989564,
              36.192543
            ],
            [
              139.988648,
              36.192531
            ],
            [
              139.988469,
              36.192527
            ],
            [
              139.987753,
              36.192518
            ],
            [
              139.987621,
              36.192432
            ],
            [
              139.987774,
              36.191873
            ],
            [
              139.987921,
              36.191178
            ],
            [
              139.988054,
              36.190571
            ],
            [
              139.988178,
              36.190452
            ]
          ]
        ]
      },
      "properties": {
        "id": "way/765609093",
        "osm_id": 765609093,
        "osm_type": "way",
        "name": "イオンモール下妻",
        "name_en": "",
        "lat": 36.190238,
        "lon": 139.98936,
        "brand": "イオン",
        "brand_wikidata": "Q305335",
        "mall_type": "イオンモール",
        "prefecture": "栃木県",
        "city": "",
        "address": "栃木県",
        "website": "",
        "opening_hours": "",
        "phone": "",
        "opening_year": "1997年11月29日（旧ジャスコ下妻店（初代）から移転開業）",
        "area": "延床面積 約58,000㎡（モール全体）",
        "former_building": "ジャスコ下妻店（初代・下妻ショッピングパーク）",
        "demand_and_features": "国道294号バイパス沿いに位置し、下妻市および筑西市、八千代町などの周辺自治体からの広域集客を担う「イオンモール下妻」の核店舗。農業従事者が多い地域特性に合わせ、大容量の冷凍食品や地元農産物、作業用の被服や日用品を豊富に提供している。車社会に特化した広大な駐車場とワンストップで何でも揃う安心感が特徴。",
        "source": "OpenStreetMap",
        "priority": 2,
        "building_height_est_m": 22.0,
        "site_area_m2": 92800.0,
        "floor_area_m2": 58000.0,
        "polygon_coordinates": [
          [
            139.988178,
            36.190452
          ],
          [
            139.98874,
            36.188227
          ],
          [
            139.98947,
            36.188329
          ],
          [
            139.989546,
            36.188024
          ],
          [
            139.990008,
            36.187941
          ],
          [
            139.990593,
            36.187915
          ],
          [
            139.990609,
            36.188115
          ],
          [
            139.991026,
            36.188105
          ],
          [
            139.990897,
            36.188645
          ],
          [
            139.991099,
            36.188679
          ],
          [
            139.99087,
            36.189644
          ],
          [
            139.990741,
            36.190105
          ],
          [
            139.990603,
            36.190452
          ],
          [
            139.99058,
            36.19061
          ],
          [
            139.990504,
            36.190941
          ],
          [
            139.990517,
            36.191688
          ],
          [
            139.990696,
            36.19254
          ],
          [
            139.990676,
            36.192562
          ],
          [
            139.989564,
            36.192543
          ],
          [
            139.988648,
            36.192531
          ],
          [
            139.988469,
            36.192527
          ],
          [
            139.987753,
            36.192518
          ],
          [
            139.987621,
            36.192432
          ],
          [
            139.987774,
            36.191873
          ],
          [
            139.987921,
            36.191178
          ],
          [
            139.988054,
            36.190571
          ],
          [
            139.988178,
            36.190452
          ]
        ],
        "calculated_area_m2": 112881.8,
        "perimeter_m": 1528.1,
        "bbox": [
          139.987621,
          36.187915,
          139.991099,
          36.192562
        ],
        "polygon_source": "OSM_exact_footprint"
      }
    },
    {
      "type": "Feature",
      "id": "way/335724601",
      "geometry": {
        "type": "Polygon",
        "coordinates": [
          [
            [
              139.605741,
              36.301266
            ],
            [
              139.607428,
              36.300955
            ],
            [
              139.607495,
              36.300904
            ],
            [
              139.60668,
              36.297806
            ],
            [
              139.606646,
              36.297668
            ],
            [
              139.605475,
              36.297849
            ],
            [
              139.605357,
              36.297867
            ],
            [
              139.605334,
              36.297911
            ],
            [
              139.60537,
              36.298143
            ],
            [
              139.604847,
              36.29824
            ],
            [
              139.60482,
              36.298291
            ],
            [
              139.605087,
              36.299186
            ],
            [
              139.605689,
              36.301241
            ],
            [
              139.605741,
              36.301266
            ]
          ]
        ]
      },
      "properties": {
        "id": "way/335724601",
        "osm_id": 335724601,
        "osm_type": "way",
        "name": "イオンモール佐野新都市",
        "name_en": "AEON MALL",
        "lat": 36.299467,
        "lon": 139.606157,
        "brand": "イオンモール",
        "brand_wikidata": "Q11286068",
        "mall_type": "イオンモール",
        "prefecture": "栃木県",
        "city": "",
        "address": "栃木県",
        "website": "",
        "opening_hours": "",
        "phone": "",
        "opening_year": "2003年4月26日（ジャスコ佐野新都市店として開業、2015年にイオンスタイルに改装）",
        "area": "商業施設面積 約33,452㎡",
        "former_building": "ジャスコ佐野新都市店",
        "demand_and_features": "東北自動車道佐野藤岡ICや佐野プレミアム・アウトレットに隣接する「イオンモール佐野新都市」の核店舗。観光や買い物でアウトレットを訪れた広域客のついで買いと、佐野市内のファミリー層の日常需要の双方を取り込んでいる。最新アパレルや惣菜コーナー、ベビー用品が充実しており、明るくモダンな店舗レイアウトが特徴。",
        "source": "OpenStreetMap",
        "priority": 2,
        "building_height_est_m": 22.0,
        "site_area_m2": 53523.2,
        "floor_area_m2": 33452.0,
        "polygon_coordinates": [
          [
            139.605741,
            36.301266
          ],
          [
            139.607428,
            36.300955
          ],
          [
            139.607495,
            36.300904
          ],
          [
            139.60668,
            36.297806
          ],
          [
            139.606646,
            36.297668
          ],
          [
            139.605475,
            36.297849
          ],
          [
            139.605357,
            36.297867
          ],
          [
            139.605334,
            36.297911
          ],
          [
            139.60537,
            36.298143
          ],
          [
            139.604847,
            36.29824
          ],
          [
            139.60482,
            36.298291
          ],
          [
            139.605087,
            36.299186
          ],
          [
            139.605689,
            36.301241
          ],
          [
            139.605741,
            36.301266
          ]
        ],
        "calculated_area_m2": 61932.0,
        "perimeter_m": 1073.2,
        "bbox": [
          139.60482,
          36.297668,
          139.607495,
          36.301266
        ],
        "polygon_source": "OSM_exact_footprint"
      }
    },
    {
      "type": "Feature",
      "id": "way/223031634",
      "geometry": {
        "type": "Polygon",
        "coordinates": [
          [
            [
              139.83899,
              36.321055
            ],
            [
              139.83903,
              36.320974
            ],
            [
              139.840406,
              36.320397
            ],
            [
              139.840726,
              36.320618
            ],
            [
              139.840821,
              36.320647
            ],
            [
              139.841141,
              36.320976
            ],
            [
              139.84168,
              36.322089
            ],
            [
              139.842072,
              36.322869
            ],
            [
              139.839998,
              36.32309
            ],
            [
              139.83899,
              36.321055
            ]
          ]
        ]
      },
      "properties": {
        "id": "way/223031634",
        "osm_id": 223031634,
        "osm_type": "way",
        "name": "イオンモール小山",
        "name_en": "",
        "lat": 36.321743,
        "lon": 139.840531,
        "brand": "イオン",
        "brand_wikidata": "Q305335",
        "mall_type": "イオンモール",
        "prefecture": "栃木県",
        "city": "",
        "address": "栃木県",
        "website": "https://www.aeon.jp/sc/oyama/",
        "opening_hours": "",
        "phone": "",
        "opening_year": "1997年4月26日（ジャスコ小山ショッピングセンターとして開業、2008年増床）",
        "area": "商業施設面積 約20,032㎡",
        "former_building": "ジャスコ小山ショッピングセンター",
        "demand_and_features": "小山市東部の中久喜エリアに位置するショッピングモール。小山市内の主要道路からのアクセスが良く、周辺のニュータウンやアパート群に居住する単身者から子育て世代まで幅広い層が来店する。食品売場の品揃えはもちろん、ホームファッションや学用品も強く、新生活シーズンの買い物需要にもフルに対応している。",
        "source": "OpenStreetMap",
        "priority": 2,
        "building_height_est_m": 22.0,
        "site_area_m2": 32051.2,
        "floor_area_m2": 20032.0,
        "polygon_coordinates": [
          [
            139.83899,
            36.321055
          ],
          [
            139.83903,
            36.320974
          ],
          [
            139.840406,
            36.320397
          ],
          [
            139.840726,
            36.320618
          ],
          [
            139.840821,
            36.320647
          ],
          [
            139.841141,
            36.320976
          ],
          [
            139.84168,
            36.322089
          ],
          [
            139.842072,
            36.322869
          ],
          [
            139.839998,
            36.32309
          ],
          [
            139.83899,
            36.321055
          ]
        ],
        "calculated_area_m2": 49634.8,
        "perimeter_m": 897.2,
        "bbox": [
          139.83899,
          36.320397,
          139.842072,
          36.32309
        ],
        "polygon_source": "OSM_exact_footprint"
      }
    },
    {
      "type": "Feature",
      "id": "way/370585585",
      "geometry": {
        "type": "Polygon",
        "coordinates": [
          [
            [
              139.005369,
              36.39206
            ],
            [
              139.006786,
              36.392199
            ],
            [
              139.007715,
              36.392269
            ],
            [
              139.007781,
              36.392217
            ],
            [
              139.007987,
              36.391056
            ],
            [
              139.008201,
              36.389921
            ],
            [
              139.008257,
              36.389674
            ],
            [
              139.008395,
              36.389012
            ],
            [
              139.008356,
              36.388963
            ],
            [
              139.008333,
              36.388949
            ],
            [
              139.008332,
              36.388936
            ],
            [
              139.00833,
              36.388924
            ],
            [
              139.007507,
              36.388907
            ],
            [
              139.006648,
              36.388865
            ],
            [
              139.006082,
              36.388836
            ],
            [
              139.006015,
              36.388834
            ],
            [
              139.005913,
              36.388831
            ],
            [
              139.005903,
              36.389222
            ],
            [
              139.005816,
              36.389716
            ],
            [
              139.005619,
              36.390781
            ],
            [
              139.005369,
              36.39206
            ]
          ]
        ]
      },
      "properties": {
        "id": "way/370585585",
        "osm_id": 370585585,
        "osm_type": "way",
        "name": "イオンモール高崎",
        "name_en": "Aeon Mall Takasaki",
        "lat": 36.39055,
        "lon": 139.006882,
        "brand": "イオン",
        "brand_wikidata": "Q305335",
        "mall_type": "イオンモール",
        "prefecture": "群馬県",
        "city": "高崎市",
        "address": "群馬県高崎市棟高町1400",
        "website": "https://takasaki-aeonmall.com/",
        "opening_hours": "",
        "phone": "",
        "opening_year": "2006年10月20日（高崎サティからイオン高崎店を経て、2020年にイオンスタイル高崎にリニューアル）",
        "area": "商業施設面積 約70,600㎡",
        "former_building": "高崎サティ",
        "demand_and_features": "高崎市北部のイオンモール高崎の核店舗。2020年の大規模増床により群馬県内屈指の売場面積へと拡大。高崎市および前橋市西部のファミリー層に支持されており、イオンスタイル化によって惣菜中食売場や化粧品、キッズ売場が大幅にアップグレードされた。広域からの集客が非常に強く、週末は終日ファミリー客で溢れる。",
        "source": "OpenStreetMap",
        "priority": 2,
        "building_height_est_m": 22.0,
        "site_area_m2": 112960.0,
        "floor_area_m2": 70600.0,
        "polygon_coordinates": [
          [
            139.005369,
            36.39206
          ],
          [
            139.006786,
            36.392199
          ],
          [
            139.007715,
            36.392269
          ],
          [
            139.007781,
            36.392217
          ],
          [
            139.007987,
            36.391056
          ],
          [
            139.008201,
            36.389921
          ],
          [
            139.008257,
            36.389674
          ],
          [
            139.008395,
            36.389012
          ],
          [
            139.008356,
            36.388963
          ],
          [
            139.008333,
            36.388949
          ],
          [
            139.008332,
            36.388936
          ],
          [
            139.00833,
            36.388924
          ],
          [
            139.007507,
            36.388907
          ],
          [
            139.006648,
            36.388865
          ],
          [
            139.006082,
            36.388836
          ],
          [
            139.006015,
            36.388834
          ],
          [
            139.005913,
            36.388831
          ],
          [
            139.005903,
            36.389222
          ],
          [
            139.005816,
            36.389716
          ],
          [
            139.005619,
            36.390781
          ],
          [
            139.005369,
            36.39206
          ]
        ],
        "calculated_area_m2": 79233.6,
        "perimeter_m": 1167.8,
        "bbox": [
          139.005369,
          36.388831,
          139.008395,
          36.392269
        ],
        "polygon_source": "OSM_exact_footprint"
      }
    },
    {
      "type": "Feature",
      "id": "way/91657760",
      "geometry": {
        "type": "Polygon",
        "coordinates": [
          [
            [
              139.613795,
              35.892138
            ],
            [
              139.615046,
              35.892503
            ],
            [
              139.615317,
              35.89187
            ],
            [
              139.616293,
              35.892148
            ],
            [
              139.616396,
              35.892055
            ],
            [
              139.616827,
              35.891683
            ],
            [
              139.615929,
              35.89143
            ],
            [
              139.616642,
              35.889816
            ],
            [
              139.614962,
              35.889329
            ],
            [
              139.613767,
              35.892094
            ],
            [
              139.613795,
              35.892138
            ]
          ]
        ]
      },
      "properties": {
        "id": "way/91657760",
        "osm_id": 91657760,
        "osm_type": "way",
        "name": "イオンモール与野",
        "name_en": "AEON MALL Yono",
        "lat": 35.890916,
        "lon": 139.615297,
        "brand": "イオン",
        "brand_wikidata": "Q305335",
        "mall_type": "イオンモール",
        "prefecture": "埼玉県",
        "city": "",
        "address": "埼玉県",
        "website": "",
        "opening_hours": "Mo-Su,PH 10:00-21:00",
        "phone": "",
        "opening_year": "2004年12月15日（日本ピストンリング与野工場跡地にイオン与野ショッピングセンターとして開業）",
        "area": "商業施設面積 約52,205㎡",
        "former_building": "新規開発（日本ピストンリング与野工場跡地）",
        "demand_and_features": "新大宮バイパス沿いでさいたま新都心にも近いイオンモール与野の核店舗。大宮・与野地区のファミリー層のメインショッピングスポットとして機能。2021年のイオンスタイル化により、デジタルレジの導入や惣菜ここdeデリの拡充が行われ、利便性がさらに向上。周辺マンションから毎日自転車や車で多くのファミリーや主婦が来店する。",
        "source": "OpenStreetMap",
        "priority": 2,
        "building_height_est_m": 22.0,
        "site_area_m2": 83528.0,
        "floor_area_m2": 52205.0,
        "polygon_coordinates": [
          [
            139.613795,
            35.892138
          ],
          [
            139.615046,
            35.892503
          ],
          [
            139.615317,
            35.89187
          ],
          [
            139.616293,
            35.892148
          ],
          [
            139.616396,
            35.892055
          ],
          [
            139.616827,
            35.891683
          ],
          [
            139.615929,
            35.89143
          ],
          [
            139.616642,
            35.889816
          ],
          [
            139.614962,
            35.889329
          ],
          [
            139.613767,
            35.892094
          ],
          [
            139.613795,
            35.892138
          ]
        ],
        "calculated_area_m2": 54366.8,
        "perimeter_m": 1123.5,
        "bbox": [
          139.613767,
          35.889329,
          139.616827,
          35.892503
        ],
        "polygon_source": "OSM_exact_footprint"
      }
    },
    {
      "type": "Feature",
      "id": "way/182054961",
      "geometry": {
        "type": "Polygon",
        "coordinates": [
          [
            [
              139.721851,
              35.838245
            ],
            [
              139.721859,
              35.838286
            ],
            [
              139.72213,
              35.838512
            ],
            [
              139.722193,
              35.838501
            ],
            [
              139.722229,
              35.838533
            ],
            [
              139.722239,
              35.838572
            ],
            [
              139.722557,
              35.838518
            ],
            [
              139.722571,
              35.838557
            ],
            [
              139.722769,
              35.838538
            ],
            [
              139.723976,
              35.838601
            ],
            [
              139.724065,
              35.838716
            ],
            [
              139.724499,
              35.839522
            ],
            [
              139.723392,
              35.840378
            ],
            [
              139.724644,
              35.839972
            ],
            [
              139.725709,
              35.839633
            ],
            [
              139.725835,
              35.839539
            ],
            [
              139.72571,
              35.838641
            ],
            [
              139.72548,
              35.838505
            ],
            [
              139.725336,
              35.837916
            ],
            [
              139.725357,
              35.837123
            ],
            [
              139.725344,
              35.837107
            ],
            [
              139.72471,
              35.837101
            ],
            [
              139.724602,
              35.837038
            ],
            [
              139.724459,
              35.836674
            ],
            [
              139.724419,
              35.836664
            ],
            [
              139.724215,
              35.83672
            ],
            [
              139.724196,
              35.836687
            ],
            [
              139.723834,
              35.836782
            ],
            [
              139.72334,
              35.837009
            ],
            [
              139.722903,
              35.836631
            ],
            [
              139.722801,
              35.836575
            ],
            [
              139.722734,
              35.836566
            ],
            [
              139.721811,
              35.837336
            ],
            [
              139.721846,
              35.837382
            ],
            [
              139.722299,
              35.837733
            ],
            [
              139.722291,
              35.837838
            ],
            [
              139.72223,
              35.837881
            ],
            [
              139.722042,
              35.837994
            ],
            [
              139.721959,
              35.838066
            ],
            [
              139.721903,
              35.838125
            ],
            [
              139.721851,
              35.838245
            ]
          ]
        ]
      },
      "properties": {
        "id": "way/182054961",
        "osm_id": 182054961,
        "osm_type": "way",
        "name": "イオンモール川口",
        "name_en": "AEON mall Kawaguchi",
        "lat": 35.838472,
        "lon": 139.723823,
        "brand": "イオン",
        "brand_wikidata": "Q305335",
        "mall_type": "イオンモール",
        "prefecture": "埼玉県",
        "city": "",
        "address": "埼玉県",
        "website": "",
        "opening_hours": "",
        "phone": "",
        "opening_year": "2021年6月8日（前身の「川口グリーンシティ」は1984年4月15日開業）",
        "area": "総賃貸面積約59,000㎡（延床面積約126,000㎡、敷地面積約78,000㎡）",
        "former_building": "イオンモール川口（初代・川口グリーンシティ、サイボー神根工場跡地）",
        "demand_and_features": "1984年開業の旧イオンモール川口（川口グリーンシティ）を建て替え、最新のスマート商業施設として2021年に再開業した店舗。サイボー神根工場跡地。ファミリー層をターゲットにしたイオンスタイル川口を核店舗とし、ネットスーパー用設備やドライブスルー受け取り対応など先進的サービスを導入。日常の食品需要に加え、体験型イベントや専門性の高い売場で地域住民を魅了する。",
        "source": "OpenStreetMap",
        "priority": 2,
        "building_height_est_m": 22.0,
        "site_area_m2": 78000.0,
        "floor_area_m2": 59000.0,
        "polygon_coordinates": [
          [
            139.721851,
            35.838245
          ],
          [
            139.721859,
            35.838286
          ],
          [
            139.72213,
            35.838512
          ],
          [
            139.722193,
            35.838501
          ],
          [
            139.722229,
            35.838533
          ],
          [
            139.722239,
            35.838572
          ],
          [
            139.722557,
            35.838518
          ],
          [
            139.722571,
            35.838557
          ],
          [
            139.722769,
            35.838538
          ],
          [
            139.723976,
            35.838601
          ],
          [
            139.724065,
            35.838716
          ],
          [
            139.724499,
            35.839522
          ],
          [
            139.723392,
            35.840378
          ],
          [
            139.724644,
            35.839972
          ],
          [
            139.725709,
            35.839633
          ],
          [
            139.725835,
            35.839539
          ],
          [
            139.72571,
            35.838641
          ],
          [
            139.72548,
            35.838505
          ],
          [
            139.725336,
            35.837916
          ],
          [
            139.725357,
            35.837123
          ],
          [
            139.725344,
            35.837107
          ],
          [
            139.72471,
            35.837101
          ],
          [
            139.724602,
            35.837038
          ],
          [
            139.724459,
            35.836674
          ],
          [
            139.724419,
            35.836664
          ],
          [
            139.724215,
            35.83672
          ],
          [
            139.724196,
            35.836687
          ],
          [
            139.723834,
            35.836782
          ],
          [
            139.72334,
            35.837009
          ],
          [
            139.722903,
            35.836631
          ],
          [
            139.722801,
            35.836575
          ],
          [
            139.722734,
            35.836566
          ],
          [
            139.721811,
            35.837336
          ],
          [
            139.721846,
            35.837382
          ],
          [
            139.722299,
            35.837733
          ],
          [
            139.722291,
            35.837838
          ],
          [
            139.72223,
            35.837881
          ],
          [
            139.722042,
            35.837994
          ],
          [
            139.721959,
            35.838066
          ],
          [
            139.721903,
            35.838125
          ],
          [
            139.721851,
            35.838245
          ]
        ],
        "calculated_area_m2": 77420.4,
        "perimeter_m": 1541.0,
        "bbox": [
          139.721811,
          35.836566,
          139.725835,
          35.840378
        ],
        "polygon_source": "OSM_exact_footprint"
      }
    },
    {
      "type": "Feature",
      "id": "way/102802691",
      "geometry": {
        "type": "Polygon",
        "coordinates": [
          [
            [
              139.707085,
              35.83381
            ],
            [
              139.707714,
              35.833851
            ],
            [
              139.708318,
              35.83389
            ],
            [
              139.708249,
              35.834543
            ],
            [
              139.708158,
              35.834604
            ],
            [
              139.706129,
              35.83448
            ],
            [
              139.706325,
              35.832462
            ],
            [
              139.706343,
              35.832467
            ],
            [
              139.707212,
              35.832513
            ],
            [
              139.707196,
              35.832667
            ],
            [
              139.707164,
              35.833002
            ],
            [
              139.707148,
              35.833163
            ],
            [
              139.707143,
              35.833213
            ],
            [
              139.707125,
              35.8334
            ],
            [
              139.707085,
              35.83381
            ]
          ]
        ]
      },
      "properties": {
        "id": "way/102802691",
        "osm_id": 102802691,
        "osm_type": "way",
        "name": "イオンモール川口前川",
        "name_en": "",
        "lat": 35.833533,
        "lon": 139.707223,
        "brand": "イオン",
        "brand_wikidata": "Q305335",
        "mall_type": "イオンモール",
        "prefecture": "埼玉県",
        "city": "",
        "address": "埼玉県",
        "website": "",
        "opening_hours": "",
        "phone": "",
        "opening_year": "2000年11月8日（ダイヤモンドシティ・キャラの核店舗「ジャスコ川口前川店」として開業）",
        "area": "商業施設面積約66,000㎡（延床面積約133,000㎡、敷地面積約72,000㎡）",
        "former_building": "ジャスコ川口前川店（サイボー本社・工場跡地の新規開発）",
        "demand_and_features": "川口市北部の住宅街に位置する大型ショッピングモール「イオンモール川口前川」の核店舗。元々はサイボーの工場跡地に開業し、地域最大級 of 商業施設として高い集客力を維持している。広大なフロアには多様な専門店やアミューズメント施設が揃い、ファミリー層を中心に休日や平日問わず多くの人が訪れる。日常の買い物からレジャーまで一元的に対応する地域の中核拠点である。",
        "source": "OpenStreetMap",
        "priority": 2,
        "building_height_est_m": 22.0,
        "site_area_m2": 72000.0,
        "floor_area_m2": 66000.0,
        "polygon_coordinates": [
          [
            139.707085,
            35.83381
          ],
          [
            139.707714,
            35.833851
          ],
          [
            139.708318,
            35.83389
          ],
          [
            139.708249,
            35.834543
          ],
          [
            139.708158,
            35.834604
          ],
          [
            139.706129,
            35.83448
          ],
          [
            139.706325,
            35.832462
          ],
          [
            139.706343,
            35.832467
          ],
          [
            139.707212,
            35.832513
          ],
          [
            139.707196,
            35.832667
          ],
          [
            139.707164,
            35.833002
          ],
          [
            139.707148,
            35.833163
          ],
          [
            139.707143,
            35.833213
          ],
          [
            139.707125,
            35.8334
          ],
          [
            139.707085,
            35.83381
          ]
        ],
        "calculated_area_m2": 26827.3,
        "perimeter_m": 826.4,
        "bbox": [
          139.706129,
          35.832462,
          139.708318,
          35.834604
        ],
        "polygon_source": "OSM_exact_footprint"
      }
    },
    {
      "type": "Feature",
      "id": "way/154286104",
      "geometry": {
        "type": "Polygon",
        "coordinates": [
          [
            [
              139.278222,
              35.733994
            ],
            [
              139.278291,
              35.734083
            ],
            [
              139.278288,
              35.734102
            ],
            [
              139.278212,
              35.734555
            ],
            [
              139.278207,
              35.734584
            ],
            [
              139.278201,
              35.734627
            ],
            [
              139.278194,
              35.734668
            ],
            [
              139.277911,
              35.734641
            ],
            [
              139.277793,
              35.735314
            ],
            [
              139.277816,
              35.735317
            ],
            [
              139.277894,
              35.735324
            ],
            [
              139.277973,
              35.735332
            ],
            [
              139.278104,
              35.735346
            ],
            [
              139.278098,
              35.735363
            ],
            [
              139.278095,
              35.735374
            ],
            [
              139.278092,
              35.735385
            ],
            [
              139.278078,
              35.735426
            ],
            [
              139.278063,
              35.735473
            ],
            [
              139.277954,
              35.735465
            ],
            [
              139.277763,
              35.735449
            ],
            [
              139.277639,
              35.73621
            ],
            [
              139.277638,
              35.736215
            ],
            [
              139.277467,
              35.736196
            ],
            [
              139.277368,
              35.736185
            ],
            [
              139.277251,
              35.736171
            ],
            [
              139.27573,
              35.735998
            ],
            [
              139.275681,
              35.735992
            ],
            [
              139.275663,
              35.73599
            ],
            [
              139.275645,
              35.735989
            ],
            [
              139.275587,
              35.735982
            ],
            [
              139.275451,
              35.735966
            ],
            [
              139.274415,
              35.735847
            ],
            [
              139.274361,
              35.73584
            ],
            [
              139.274304,
              35.735835
            ],
            [
              139.274252,
              35.735829
            ],
            [
              139.273395,
              35.73573
            ],
            [
              139.273317,
              35.735721
            ],
            [
              139.273264,
              35.735715
            ],
            [
              139.273202,
              35.735708
            ],
            [
              139.273114,
              35.735698
            ],
            [
              139.273101,
              35.735696
            ],
            [
              139.273089,
              35.735694
            ],
            [
              139.272961,
              35.73568
            ],
            [
              139.272768,
              35.735657
            ],
            [
              139.272732,
              35.735653
            ],
            [
              139.272685,
              35.735647
            ],
            [
              139.272615,
              35.735639
            ],
            [
              139.272268,
              35.7356
            ],
            [
              139.272187,
              35.735518
            ],
            [
              139.272268,
              35.735073
            ],
            [
              139.272276,
              35.735027
            ],
            [
              139.272281,
              35.734999
            ],
            [
              139.272288,
              35.734964
            ],
            [
              139.272302,
              35.734875
            ],
            [
              139.272304,
              35.734864
            ],
            [
              139.272307,
              35.734852
            ],
            [
              139.27231,
              35.734833
            ],
            [
              139.272363,
              35.734503
            ],
            [
              139.272383,
              35.734379
            ],
            [
              139.272385,
              35.734369
            ],
            [
              139.272387,
              35.734358
            ],
            [
              139.272399,
              35.734283
            ],
            [
              139.272417,
              35.734173
            ],
            [
              139.272435,
              35.734065
            ],
            [
              139.272441,
              35.734042
            ],
            [
              139.272447,
              35.734016
            ],
            [
              139.272456,
              35.733964
            ],
            [
              139.272525,
              35.733549
            ],
            [
              139.27254,
              35.733463
            ],
            [
              139.272647,
              35.733391
            ],
            [
              139.272701,
              35.733393
            ],
            [
              139.272713,
              35.733395
            ],
            [
              139.272725,
              35.733394
            ],
            [
              139.272841,
              35.733396
            ],
            [
              139.273845,
              35.733413
            ],
            [
              139.273935,
              35.733415
            ],
            [
              139.273946,
              35.733415
            ],
            [
              139.273959,
              35.733415
            ],
            [
              139.273985,
              35.733415
            ],
            [
              139.274017,
              35.733416
            ],
            [
              139.274044,
              35.733417
            ],
            [
              139.27409,
              35.733418
            ],
            [
              139.274426,
              35.733426
            ],
            [
              139.274724,
              35.733439
            ],
            [
              139.275009,
              35.733458
            ],
            [
              139.275304,
              35.733491
            ],
            [
              139.27534,
              35.733493
            ],
            [
              139.275638,
              35.733531
            ],
            [
              139.275753,
              35.733551
            ],
            [
              139.276757,
              35.733728
            ],
            [
              139.276819,
              35.733739
            ],
            [
              139.276867,
              35.733747
            ],
            [
              139.276914,
              35.733756
            ],
            [
              139.277041,
              35.733779
            ],
            [
              139.277072,
              35.733785
            ],
            [
              139.278002,
              35.733952
            ],
            [
              139.278029,
              35.733957
            ],
            [
              139.27805,
              35.733961
            ],
            [
              139.278222,
              35.733994
            ]
          ]
        ]
      },
      "properties": {
        "id": "way/154286104",
        "osm_id": 154286104,
        "osm_type": "way",
        "name": "イオンモール日の出",
        "name_en": "AEONMALL HINODE",
        "lat": 35.734803,
        "lon": 139.275239,
        "brand": "イオン",
        "brand_wikidata": "Q305335",
        "mall_type": "イオンモール",
        "prefecture": "埼玉県",
        "city": "",
        "address": "埼玉県",
        "website": "https://hinode-aeonmall.com/",
        "opening_hours": "",
        "phone": "",
        "opening_year": "2007年11月23日（イオンモール日の出の核店舗「サティ日の出店」として開業）",
        "area": "商業施設面積：約73,447㎡（直営売場面積：約19,000㎡）",
        "former_building": "秋川流域開発（土地区画整理事業地）",
        "demand_and_features": "「イオンモール日の出」の核店舗で、西多摩地域（あきる野市、青梅市、日の出町など）の広域から集客するロードサイド型モール。元々は「日の出サティ」として開業。地域の暮らしを守るインフラ的性格が強く、マイカーを所有するファミリー層や周辺の山間地域に暮らす高齢者の日常的な買い物・余暇の場として欠かせない存在。食品のまとめ買い需要、レジャー・アウトドア関連商品、ガーデニングやDIY関連、シニア向けの生活支援衣料などが人気。",
        "source": "OpenStreetMap",
        "priority": 2,
        "building_height_est_m": 22.0,
        "site_area_m2": 117515.2,
        "floor_area_m2": 73447.0,
        "polygon_coordinates": [
          [
            139.278222,
            35.733994
          ],
          [
            139.278291,
            35.734083
          ],
          [
            139.278288,
            35.734102
          ],
          [
            139.278212,
            35.734555
          ],
          [
            139.278207,
            35.734584
          ],
          [
            139.278201,
            35.734627
          ],
          [
            139.278194,
            35.734668
          ],
          [
            139.277911,
            35.734641
          ],
          [
            139.277793,
            35.735314
          ],
          [
            139.277816,
            35.735317
          ],
          [
            139.277894,
            35.735324
          ],
          [
            139.277973,
            35.735332
          ],
          [
            139.278104,
            35.735346
          ],
          [
            139.278098,
            35.735363
          ],
          [
            139.278095,
            35.735374
          ],
          [
            139.278092,
            35.735385
          ],
          [
            139.278078,
            35.735426
          ],
          [
            139.278063,
            35.735473
          ],
          [
            139.277954,
            35.735465
          ],
          [
            139.277763,
            35.735449
          ],
          [
            139.277639,
            35.73621
          ],
          [
            139.277638,
            35.736215
          ],
          [
            139.277467,
            35.736196
          ],
          [
            139.277368,
            35.736185
          ],
          [
            139.277251,
            35.736171
          ],
          [
            139.27573,
            35.735998
          ],
          [
            139.275681,
            35.735992
          ],
          [
            139.275663,
            35.73599
          ],
          [
            139.275645,
            35.735989
          ],
          [
            139.275587,
            35.735982
          ],
          [
            139.275451,
            35.735966
          ],
          [
            139.274415,
            35.735847
          ],
          [
            139.274361,
            35.73584
          ],
          [
            139.274304,
            35.735835
          ],
          [
            139.274252,
            35.735829
          ],
          [
            139.273395,
            35.73573
          ],
          [
            139.273317,
            35.735721
          ],
          [
            139.273264,
            35.735715
          ],
          [
            139.273202,
            35.735708
          ],
          [
            139.273114,
            35.735698
          ],
          [
            139.273101,
            35.735696
          ],
          [
            139.273089,
            35.735694
          ],
          [
            139.272961,
            35.73568
          ],
          [
            139.272768,
            35.735657
          ],
          [
            139.272732,
            35.735653
          ],
          [
            139.272685,
            35.735647
          ],
          [
            139.272615,
            35.735639
          ],
          [
            139.272268,
            35.7356
          ],
          [
            139.272187,
            35.735518
          ],
          [
            139.272268,
            35.735073
          ],
          [
            139.272276,
            35.735027
          ],
          [
            139.272281,
            35.734999
          ],
          [
            139.272288,
            35.734964
          ],
          [
            139.272302,
            35.734875
          ],
          [
            139.272304,
            35.734864
          ],
          [
            139.272307,
            35.734852
          ],
          [
            139.27231,
            35.734833
          ],
          [
            139.272363,
            35.734503
          ],
          [
            139.272383,
            35.734379
          ],
          [
            139.272385,
            35.734369
          ],
          [
            139.272387,
            35.734358
          ],
          [
            139.272399,
            35.734283
          ],
          [
            139.272417,
            35.734173
          ],
          [
            139.272435,
            35.734065
          ],
          [
            139.272441,
            35.734042
          ],
          [
            139.272447,
            35.734016
          ],
          [
            139.272456,
            35.733964
          ],
          [
            139.272525,
            35.733549
          ],
          [
            139.27254,
            35.733463
          ],
          [
            139.272647,
            35.733391
          ],
          [
            139.272701,
            35.733393
          ],
          [
            139.272713,
            35.733395
          ],
          [
            139.272725,
            35.733394
          ],
          [
            139.272841,
            35.733396
          ],
          [
            139.273845,
            35.733413
          ],
          [
            139.273935,
            35.733415
          ],
          [
            139.273946,
            35.733415
          ],
          [
            139.273959,
            35.733415
          ],
          [
            139.273985,
            35.733415
          ],
          [
            139.274017,
            35.733416
          ],
          [
            139.274044,
            35.733417
          ],
          [
            139.27409,
            35.733418
          ],
          [
            139.274426,
            35.733426
          ],
          [
            139.274724,
            35.733439
          ],
          [
            139.275009,
            35.733458
          ],
          [
            139.275304,
            35.733491
          ],
          [
            139.27534,
            35.733493
          ],
          [
            139.275638,
            35.733531
          ],
          [
            139.275753,
            35.733551
          ],
          [
            139.276757,
            35.733728
          ],
          [
            139.276819,
            35.733739
          ],
          [
            139.276867,
            35.733747
          ],
          [
            139.276914,
            35.733756
          ],
          [
            139.277041,
            35.733779
          ],
          [
            139.277072,
            35.733785
          ],
          [
            139.278002,
            35.733952
          ],
          [
            139.278029,
            35.733957
          ],
          [
            139.27805,
            35.733961
          ],
          [
            139.278222,
            35.733994
          ]
        ],
        "calculated_area_m2": 132113.3,
        "perimeter_m": 1587.1,
        "bbox": [
          139.272187,
          35.733391,
          139.278291,
          35.736215
        ],
        "polygon_source": "OSM_exact_footprint"
      }
    },
    {
      "type": "Feature",
      "id": "way/72385487",
      "geometry": {
        "type": "Polygon",
        "coordinates": [
          [
            [
              139.734279,
              35.889085
            ],
            [
              139.733929,
              35.888801
            ],
            [
              139.73388,
              35.888776
            ],
            [
              139.733683,
              35.88872
            ],
            [
              139.73362,
              35.8887
            ],
            [
              139.732729,
              35.888439
            ],
            [
              139.732635,
              35.888414
            ],
            [
              139.732146,
              35.888268
            ],
            [
              139.732091,
              35.888282
            ],
            [
              139.731839,
              35.888597
            ],
            [
              139.731783,
              35.888669
            ],
            [
              139.731702,
              35.888768
            ],
            [
              139.731543,
              35.889011
            ],
            [
              139.73129,
              35.889327
            ],
            [
              139.731123,
              35.88951
            ],
            [
              139.731084,
              35.88956
            ],
            [
              139.731011,
              35.889653
            ],
            [
              139.730501,
              35.890288
            ],
            [
              139.730449,
              35.890353
            ],
            [
              139.729999,
              35.890921
            ],
            [
              139.729977,
              35.890948
            ],
            [
              139.729866,
              35.891092
            ],
            [
              139.729797,
              35.891187
            ],
            [
              139.729532,
              35.89155
            ],
            [
              139.729465,
              35.891643
            ],
            [
              139.729432,
              35.891687
            ],
            [
              139.729382,
              35.891768
            ],
            [
              139.729363,
              35.8918
            ],
            [
              139.729294,
              35.891912
            ],
            [
              139.729172,
              35.892086
            ],
            [
              139.729127,
              35.892152
            ],
            [
              139.728888,
              35.892495
            ],
            [
              139.729811,
              35.893055
            ],
            [
              139.730674,
              35.893634
            ],
            [
              139.730693,
              35.893631
            ],
            [
              139.730716,
              35.893628
            ],
            [
              139.730878,
              35.893603
            ],
            [
              139.731558,
              35.892541
            ],
            [
              139.731601,
              35.892474
            ],
            [
              139.731808,
              35.892151
            ],
            [
              139.7322,
              35.89152
            ],
            [
              139.732269,
              35.891408
            ],
            [
              139.732285,
              35.891382
            ],
            [
              139.732644,
              35.890855
            ],
            [
              139.73301,
              35.89039
            ],
            [
              139.733351,
              35.890007
            ],
            [
              139.733354,
              35.890003
            ],
            [
              139.733672,
              35.889677
            ],
            [
              139.733731,
              35.889617
            ],
            [
              139.734282,
              35.889131
            ],
            [
              139.734279,
              35.889085
            ]
          ]
        ]
      },
      "properties": {
        "id": "way/72385487",
        "osm_id": 72385487,
        "osm_type": "way",
        "name": "イオンモール浦和美園 (AEON Mall Urawa-Misono)",
        "name_en": "AEON Mall Urawa-Misono",
        "lat": 35.890951,
        "lon": 139.731585,
        "brand": "イオン",
        "brand_wikidata": "Q305335",
        "mall_type": "イオンモール",
        "prefecture": "埼玉県",
        "city": "",
        "address": "埼玉県",
        "website": "",
        "opening_hours": "",
        "phone": "",
        "opening_year": "2006年4月26日（ジャスコ浦和美園店として開業、2011年にイオンに店名変更）",
        "area": "商業施設面積 約87,223㎡（モール全体）",
        "former_building": "ジャスコ浦和美園店",
        "demand_and_features": "埼玉スタジアム2002の近くに立地するイオンモール浦和美園の核店舗。スタジアムでのサッカー試合開催日は多くのサポーターで飲食売場が爆発的な混雑となる。周辺は美園地区の土地区画整理で転入した新婚世帯や幼児連れの世帯が多く、キッズ向け施設や子ども用自転車、幼児用アパレルの販売量が極めて高いのが特徴。",
        "source": "OpenStreetMap",
        "priority": 2,
        "building_height_est_m": 22.0,
        "site_area_m2": 139556.8,
        "floor_area_m2": 87223.0,
        "polygon_coordinates": [
          [
            139.734279,
            35.889085
          ],
          [
            139.733929,
            35.888801
          ],
          [
            139.73388,
            35.888776
          ],
          [
            139.733683,
            35.88872
          ],
          [
            139.73362,
            35.8887
          ],
          [
            139.732729,
            35.888439
          ],
          [
            139.732635,
            35.888414
          ],
          [
            139.732146,
            35.888268
          ],
          [
            139.732091,
            35.888282
          ],
          [
            139.731839,
            35.888597
          ],
          [
            139.731783,
            35.888669
          ],
          [
            139.731702,
            35.888768
          ],
          [
            139.731543,
            35.889011
          ],
          [
            139.73129,
            35.889327
          ],
          [
            139.731123,
            35.88951
          ],
          [
            139.731084,
            35.88956
          ],
          [
            139.731011,
            35.889653
          ],
          [
            139.730501,
            35.890288
          ],
          [
            139.730449,
            35.890353
          ],
          [
            139.729999,
            35.890921
          ],
          [
            139.729977,
            35.890948
          ],
          [
            139.729866,
            35.891092
          ],
          [
            139.729797,
            35.891187
          ],
          [
            139.729532,
            35.89155
          ],
          [
            139.729465,
            35.891643
          ],
          [
            139.729432,
            35.891687
          ],
          [
            139.729382,
            35.891768
          ],
          [
            139.729363,
            35.8918
          ],
          [
            139.729294,
            35.891912
          ],
          [
            139.729172,
            35.892086
          ],
          [
            139.729127,
            35.892152
          ],
          [
            139.728888,
            35.892495
          ],
          [
            139.729811,
            35.893055
          ],
          [
            139.730674,
            35.893634
          ],
          [
            139.730693,
            35.893631
          ],
          [
            139.730716,
            35.893628
          ],
          [
            139.730878,
            35.893603
          ],
          [
            139.731558,
            35.892541
          ],
          [
            139.731601,
            35.892474
          ],
          [
            139.731808,
            35.892151
          ],
          [
            139.7322,
            35.89152
          ],
          [
            139.732269,
            35.891408
          ],
          [
            139.732285,
            35.891382
          ],
          [
            139.732644,
            35.890855
          ],
          [
            139.73301,
            35.89039
          ],
          [
            139.733351,
            35.890007
          ],
          [
            139.733354,
            35.890003
          ],
          [
            139.733672,
            35.889677
          ],
          [
            139.733731,
            35.889617
          ],
          [
            139.734282,
            35.889131
          ],
          [
            139.734279,
            35.889085
          ]
        ],
        "calculated_area_m2": 119757.8,
        "perimeter_m": 1582.8,
        "bbox": [
          139.728888,
          35.888268,
          139.734282,
          35.893634
        ],
        "polygon_source": "OSM_exact_footprint"
      }
    },
    {
      "type": "Feature",
      "id": "way/161180465",
      "geometry": {
        "type": "Polygon",
        "coordinates": [
          [
            [
              139.543416,
              36.142779
            ],
            [
              139.543386,
              36.142678
            ],
            [
              139.543252,
              36.142223
            ],
            [
              139.543234,
              36.142163
            ],
            [
              139.542374,
              36.142317
            ],
            [
              139.542348,
              36.142246
            ],
            [
              139.541969,
              36.142308
            ],
            [
              139.541642,
              36.142362
            ],
            [
              139.541665,
              36.142444
            ],
            [
              139.541326,
              36.142509
            ],
            [
              139.541211,
              36.142426
            ],
            [
              139.541189,
              36.142422
            ],
            [
              139.541161,
              36.142427
            ],
            [
              139.54071,
              36.142821
            ],
            [
              139.540633,
              36.142768
            ],
            [
              139.540442,
              36.142934
            ],
            [
              139.540381,
              36.142988
            ],
            [
              139.539839,
              36.143461
            ],
            [
              139.540057,
              36.143623
            ],
            [
              139.540021,
              36.143662
            ],
            [
              139.54014,
              36.143752
            ],
            [
              139.540256,
              36.143835
            ],
            [
              139.540288,
              36.14381
            ],
            [
              139.540494,
              36.14396
            ],
            [
              139.540862,
              36.143634
            ],
            [
              139.540991,
              36.143519
            ],
            [
              139.541492,
              36.143099
            ],
            [
              139.541604,
              36.143081
            ],
            [
              139.541913,
              36.14306
            ],
            [
              139.542147,
              36.143048
            ],
            [
              139.542224,
              36.14307
            ],
            [
              139.542295,
              36.143088
            ],
            [
              139.542438,
              36.143105
            ],
            [
              139.542547,
              36.143117
            ],
            [
              139.542685,
              36.143121
            ],
            [
              139.542816,
              36.143114
            ],
            [
              139.542908,
              36.143102
            ],
            [
              139.543018,
              36.14308
            ],
            [
              139.543094,
              36.14305
            ],
            [
              139.543138,
              36.143032
            ],
            [
              139.543256,
              36.142978
            ],
            [
              139.543473,
              36.14284
            ],
            [
              139.543423,
              36.142796
            ],
            [
              139.543416,
              36.142779
            ]
          ]
        ]
      },
      "properties": {
        "id": "way/161180465",
        "osm_id": 161180465,
        "osm_type": "way",
        "name": "イオンモール羽生",
        "name_en": "AEON MALL HANYU",
        "lat": 36.143062,
        "lon": 139.541656,
        "brand": "イオンモール",
        "brand_wikidata": "Q11286068",
        "mall_type": "イオンモール",
        "prefecture": "埼玉県",
        "city": "羽生市",
        "address": "埼玉県羽生市川崎二丁目3",
        "website": "https://hanyu-aeonmall.com/",
        "opening_hours": "",
        "phone": "+81-48-560-1000",
        "opening_year": "2007年11月2日",
        "area": "商業施設面積約88,208㎡（延床面積約113,783㎡、敷地面積約232,806㎡）",
        "former_building": "新設（羽生下川崎産業団地内の新規開発、旧ジャスコ羽生店の再出店）",
        "demand_and_features": "国道122号バイパス沿いに位置し、広大な敷地と約5,000台の駐車場を備える「イオンモール羽生」の核店舗。羽生市内だけでなく、周辺の加須市、行田市や群馬県、栃木県南部からも車で来店する広域集客型。多数のテナントやアミューズメント施設を有し、週末は一日中楽しめるエンタメ・レジャー拠点として機能。地域最大の商業インフラとして、地域社会に深く浸透している。",
        "source": "OpenStreetMap",
        "priority": 2,
        "building_height_est_m": 22.0,
        "site_area_m2": 232806.0,
        "floor_area_m2": 88208.0,
        "polygon_coordinates": [
          [
            139.543416,
            36.142779
          ],
          [
            139.543386,
            36.142678
          ],
          [
            139.543252,
            36.142223
          ],
          [
            139.543234,
            36.142163
          ],
          [
            139.542374,
            36.142317
          ],
          [
            139.542348,
            36.142246
          ],
          [
            139.541969,
            36.142308
          ],
          [
            139.541642,
            36.142362
          ],
          [
            139.541665,
            36.142444
          ],
          [
            139.541326,
            36.142509
          ],
          [
            139.541211,
            36.142426
          ],
          [
            139.541189,
            36.142422
          ],
          [
            139.541161,
            36.142427
          ],
          [
            139.54071,
            36.142821
          ],
          [
            139.540633,
            36.142768
          ],
          [
            139.540442,
            36.142934
          ],
          [
            139.540381,
            36.142988
          ],
          [
            139.539839,
            36.143461
          ],
          [
            139.540057,
            36.143623
          ],
          [
            139.540021,
            36.143662
          ],
          [
            139.54014,
            36.143752
          ],
          [
            139.540256,
            36.143835
          ],
          [
            139.540288,
            36.14381
          ],
          [
            139.540494,
            36.14396
          ],
          [
            139.540862,
            36.143634
          ],
          [
            139.540991,
            36.143519
          ],
          [
            139.541492,
            36.143099
          ],
          [
            139.541604,
            36.143081
          ],
          [
            139.541913,
            36.14306
          ],
          [
            139.542147,
            36.143048
          ],
          [
            139.542224,
            36.14307
          ],
          [
            139.542295,
            36.143088
          ],
          [
            139.542438,
            36.143105
          ],
          [
            139.542547,
            36.143117
          ],
          [
            139.542685,
            36.143121
          ],
          [
            139.542816,
            36.143114
          ],
          [
            139.542908,
            36.143102
          ],
          [
            139.543018,
            36.14308
          ],
          [
            139.543094,
            36.14305
          ],
          [
            139.543138,
            36.143032
          ],
          [
            139.543256,
            36.142978
          ],
          [
            139.543473,
            36.14284
          ],
          [
            139.543423,
            36.142796
          ],
          [
            139.543416,
            36.142779
          ]
        ],
        "calculated_area_m2": 27247.7,
        "perimeter_m": 871.1,
        "bbox": [
          139.539839,
          36.142163,
          139.543473,
          36.14396
        ],
        "polygon_source": "OSM_exact_footprint"
      }
    },
    {
      "type": "Feature",
      "id": "way/1236549204",
      "geometry": {
        "type": "Polygon",
        "coordinates": [
          [
            [
              139.329773,
              35.946916
            ],
            [
              139.330183,
              35.947165
            ],
            [
              139.330524,
              35.946796
            ],
            [
              139.330558,
              35.946816
            ],
            [
              139.330673,
              35.946692
            ],
            [
              139.330633,
              35.946668
            ],
            [
              139.330717,
              35.946578
            ],
            [
              139.330312,
              35.946333
            ],
            [
              139.329773,
              35.946916
            ]
          ]
        ]
      },
      "properties": {
        "id": "way/1236549204",
        "osm_id": 1236549204,
        "osm_type": "way",
        "name": "イオンスタイル毛呂山",
        "name_en": "",
        "lat": 35.946749,
        "lon": 139.330245,
        "brand": "イオン",
        "brand_wikidata": "Q305335",
        "mall_type": "イオンスタイル",
        "prefecture": "埼玉県",
        "city": "",
        "address": "埼玉県",
        "website": "",
        "opening_hours": "",
        "phone": "",
        "opening_year": "2022年6月30日",
        "area": "総賃貸面積約10,908㎡",
        "former_building": "新設（農地跡の新規開発、イオンタウン毛呂山の核店舗）",
        "demand_and_features": "東武越生線川角駅に近い農地跡に開発された「イオンタウン毛呂山」の核店舗。平屋建てで駐車場から店舗へのアクセスが容易な、高齢者にも優しいバリアフリー型モール。毛呂山町および周辺の越生町、坂戸市等の日常需要を支える。「毎日の食」を支える惣菜や簡便食品、日用消耗品の充実度が特徴で、地域の公共インフラとしての役割を担い、地元の農業・地域コミュニティと連携した店舗作りが魅力。",
        "source": "OpenStreetMap",
        "priority": 2,
        "building_height_est_m": 16.0,
        "site_area_m2": 17452.8,
        "floor_area_m2": 10908.0,
        "polygon_coordinates": [
          [
            139.329773,
            35.946916
          ],
          [
            139.330183,
            35.947165
          ],
          [
            139.330524,
            35.946796
          ],
          [
            139.330558,
            35.946816
          ],
          [
            139.330673,
            35.946692
          ],
          [
            139.330633,
            35.946668
          ],
          [
            139.330717,
            35.946578
          ],
          [
            139.330312,
            35.946333
          ],
          [
            139.329773,
            35.946916
          ]
        ],
        "calculated_area_m2": 3777.9,
        "perimeter_m": 261.3,
        "bbox": [
          139.329773,
          35.946333,
          139.330717,
          35.947165
        ],
        "polygon_source": "OSM_exact_footprint"
      }
    },
    {
      "type": "Feature",
      "id": "way/647445671",
      "geometry": {
        "type": "Polygon",
        "coordinates": [
          [
            [
              139.730152,
              35.89917
            ],
            [
              139.73052,
              35.898832
            ],
            [
              139.729788,
              35.898316
            ],
            [
              139.729756,
              35.898322
            ],
            [
              139.729465,
              35.898659
            ],
            [
              139.729469,
              35.898689
            ],
            [
              139.730152,
              35.89917
            ]
          ]
        ]
      },
      "properties": {
        "id": "way/647445671",
        "osm_id": 647445671,
        "osm_type": "way",
        "name": "イオンスタイル美園三丁目",
        "name_en": "",
        "lat": 35.898743,
        "lon": 139.729993,
        "brand": "イオン",
        "brand_wikidata": "Q305335",
        "mall_type": "イオンスタイル",
        "prefecture": "埼玉県",
        "city": "",
        "address": "埼玉県",
        "website": "",
        "opening_hours": "08:00-22:00",
        "phone": "",
        "opening_year": "2019年4月26日（新規開発）",
        "area": "売場面積 約1,574㎡",
        "former_building": "新規開発（美園東地区）",
        "demand_and_features": "浦和美園駅東側の急増した住宅街に位置する、日常使いの食品に特化した中型店舗。巨大な浦和美園店に行くまでもない毎日のスマートな買い物を求める近隣住民の足元商圏をターゲットにしている。駐車場からのアクセスの良さと、時短調理キットや冷凍食品、新鮮なこだわり野菜の品揃えが、仕事と家事に忙しい主婦層から絶賛されている。",
        "source": "OpenStreetMap",
        "priority": 2,
        "building_height_est_m": 16.0,
        "site_area_m2": 2518.4,
        "floor_area_m2": 1574.0,
        "polygon_coordinates": [
          [
            139.730152,
            35.89917
          ],
          [
            139.73052,
            35.898832
          ],
          [
            139.729788,
            35.898316
          ],
          [
            139.729756,
            35.898322
          ],
          [
            139.729465,
            35.898659
          ],
          [
            139.729469,
            35.898689
          ],
          [
            139.730152,
            35.89917
          ]
        ],
        "calculated_area_m2": 4315.5,
        "perimeter_m": 270.5,
        "bbox": [
          139.729465,
          35.898316,
          139.73052,
          35.89917
        ],
        "polygon_source": "OSM_exact_footprint"
      }
    },
    {
      "type": "Feature",
      "id": "way/151995806",
      "geometry": {
        "type": "Polygon",
        "coordinates": [
          [
            [
              140.072889,
              35.727214
            ],
            [
              140.07289,
              35.727242
            ],
            [
              140.073642,
              35.727218
            ],
            [
              140.07364,
              35.72718
            ],
            [
              140.074045,
              35.727168
            ],
            [
              140.074091,
              35.72819
            ],
            [
              140.073155,
              35.728218
            ],
            [
              140.073165,
              35.728462
            ],
            [
              140.072852,
              35.728475
            ],
            [
              140.072281,
              35.728488
            ],
            [
              140.071836,
              35.728463
            ],
            [
              140.071675,
              35.728345
            ],
            [
              140.071526,
              35.728049
            ],
            [
              140.07158,
              35.72793
            ],
            [
              140.072412,
              35.727643
            ],
            [
              140.072455,
              35.727727
            ],
            [
              140.072605,
              35.727683
            ],
            [
              140.072859,
              35.727675
            ],
            [
              140.072844,
              35.727368
            ],
            [
              140.07281,
              35.727369
            ],
            [
              140.072802,
              35.727217
            ],
            [
              140.072889,
              35.727214
            ]
          ]
        ]
      },
      "properties": {
        "id": "way/151995806",
        "osm_id": 151995806,
        "osm_type": "way",
        "name": "イオンモール八千代緑が丘",
        "name_en": "AEON",
        "lat": 35.727828,
        "lon": 140.072809,
        "brand": "AEON",
        "brand_wikidata": "Q305335",
        "mall_type": "イオンモール",
        "prefecture": "千葉県",
        "city": "",
        "address": "千葉県",
        "website": "",
        "opening_hours": "",
        "phone": "",
        "opening_year": "2005年4月2日",
        "area": "商業施設面積約34,000㎡（延床面積約86,000㎡、敷地面積約45,990㎡）",
        "former_building": "新設（イオン八千代緑が丘ショッピングセンターの核店舗として新設）",
        "demand_and_features": "東葉高速鉄道八千代緑が丘駅の改札からペデストリアンデッキで直結する「イオンモール八千代緑が丘」の核店舗。駅前かつ周辺のマンション開発と連動して開業したため、駅利用客や子育て世代のファミリー層の利用が極めて多い。食品フロアでは簡便惣菜やオーガニック食品、ファミリー向けの大容量パックが豊富。駅直結の利便性を活かし、平日夕方や週末のレジャー・買い物需要をがっちり掴んでいる。",
        "source": "OpenStreetMap",
        "priority": 2,
        "building_height_est_m": 22.0,
        "site_area_m2": 45990.0,
        "floor_area_m2": 34000.0,
        "polygon_coordinates": [
          [
            140.072889,
            35.727214
          ],
          [
            140.07289,
            35.727242
          ],
          [
            140.073642,
            35.727218
          ],
          [
            140.07364,
            35.72718
          ],
          [
            140.074045,
            35.727168
          ],
          [
            140.074091,
            35.72819
          ],
          [
            140.073155,
            35.728218
          ],
          [
            140.073165,
            35.728462
          ],
          [
            140.072852,
            35.728475
          ],
          [
            140.072281,
            35.728488
          ],
          [
            140.071836,
            35.728463
          ],
          [
            140.071675,
            35.728345
          ],
          [
            140.071526,
            35.728049
          ],
          [
            140.07158,
            35.72793
          ],
          [
            140.072412,
            35.727643
          ],
          [
            140.072455,
            35.727727
          ],
          [
            140.072605,
            35.727683
          ],
          [
            140.072859,
            35.727675
          ],
          [
            140.072844,
            35.727368
          ],
          [
            140.07281,
            35.727369
          ],
          [
            140.072802,
            35.727217
          ],
          [
            140.072889,
            35.727214
          ]
        ],
        "calculated_area_m2": 21924.6,
        "perimeter_m": 716.7,
        "bbox": [
          140.071526,
          35.727168,
          140.074091,
          35.728488
        ],
        "polygon_source": "OSM_exact_footprint"
      }
    },
    {
      "type": "Feature",
      "id": "way/646663887",
      "geometry": {
        "type": "Polygon",
        "coordinates": [
          [
            [
              139.844749,
              35.330121
            ],
            [
              139.84509,
              35.330898
            ],
            [
              139.845721,
              35.330714
            ],
            [
              139.8457,
              35.330665
            ],
            [
              139.84646,
              35.330443
            ],
            [
              139.846479,
              35.330486
            ],
            [
              139.846575,
              35.330458
            ],
            [
              139.846559,
              35.330422
            ],
            [
              139.846694,
              35.330382
            ],
            [
              139.846774,
              35.330565
            ],
            [
              139.847243,
              35.330428
            ],
            [
              139.847234,
              35.330408
            ],
            [
              139.847413,
              35.330356
            ],
            [
              139.847267,
              35.330023
            ],
            [
              139.847333,
              35.330004
            ],
            [
              139.847293,
              35.329913
            ],
            [
              139.847245,
              35.329927
            ],
            [
              139.847099,
              35.329594
            ],
            [
              139.84673,
              35.329702
            ],
            [
              139.846712,
              35.329662
            ],
            [
              139.846562,
              35.329705
            ],
            [
              139.846518,
              35.329718
            ],
            [
              139.846515,
              35.329712
            ],
            [
              139.846477,
              35.329723
            ],
            [
              139.846425,
              35.329738
            ],
            [
              139.846482,
              35.329867
            ],
            [
              139.846427,
              35.329883
            ],
            [
              139.846439,
              35.32991
            ],
            [
              139.846244,
              35.329967
            ],
            [
              139.846267,
              35.330018
            ],
            [
              139.845902,
              35.330125
            ],
            [
              139.8458,
              35.329893
            ],
            [
              139.845701,
              35.329922
            ],
            [
              139.845711,
              35.329945
            ],
            [
              139.845431,
              35.330026
            ],
            [
              139.845391,
              35.329933
            ],
            [
              139.844749,
              35.330121
            ]
          ]
        ]
      },
      "properties": {
        "id": "way/646663887",
        "osm_id": 646663887,
        "osm_type": "way",
        "name": "イオンモール富津",
        "name_en": "",
        "lat": 35.330246,
        "lon": 139.846081,
        "brand": "イオン",
        "brand_wikidata": "Q305335",
        "mall_type": "イオンモール",
        "prefecture": "千葉県",
        "city": "富津市",
        "address": "千葉県富津市青木1",
        "website": "https://futtsu-aeonmall.com/",
        "opening_hours": "",
        "phone": "0439-80-1700",
        "opening_year": "1993年9月25日（「扇屋ジャスコ富津店」として開業）",
        "area": "店舗面積約15,700㎡（敷地面積約65,438㎡）",
        "former_building": "扇屋ジャスコ富津店（イオンモール富津の核店舗、千葉県初の本格的イオンモール）",
        "demand_and_features": "富津市の中心部に近い青木地区に位置する「イオンモール富津」の核店舗。千葉県初の本格的イオンモールとして開業し、内房エリア広域からお客を集めてきた。敷地内に大容量の駐車場を備え、日常の食品需要から、アパレル、ホビー、アミューズメントまでワンストップでカバーする。近年は地域イベントの開催や地域密着型のテナント誘致を強化し、地元の人々が世代を超えて集う憩いの場となっている。",
        "source": "OpenStreetMap",
        "priority": 2,
        "building_height_est_m": 22.0,
        "site_area_m2": 65438.0,
        "floor_area_m2": 15700.0,
        "polygon_coordinates": [
          [
            139.844749,
            35.330121
          ],
          [
            139.84509,
            35.330898
          ],
          [
            139.845721,
            35.330714
          ],
          [
            139.8457,
            35.330665
          ],
          [
            139.84646,
            35.330443
          ],
          [
            139.846479,
            35.330486
          ],
          [
            139.846575,
            35.330458
          ],
          [
            139.846559,
            35.330422
          ],
          [
            139.846694,
            35.330382
          ],
          [
            139.846774,
            35.330565
          ],
          [
            139.847243,
            35.330428
          ],
          [
            139.847234,
            35.330408
          ],
          [
            139.847413,
            35.330356
          ],
          [
            139.847267,
            35.330023
          ],
          [
            139.847333,
            35.330004
          ],
          [
            139.847293,
            35.329913
          ],
          [
            139.847245,
            35.329927
          ],
          [
            139.847099,
            35.329594
          ],
          [
            139.84673,
            35.329702
          ],
          [
            139.846712,
            35.329662
          ],
          [
            139.846562,
            35.329705
          ],
          [
            139.846518,
            35.329718
          ],
          [
            139.846515,
            35.329712
          ],
          [
            139.846477,
            35.329723
          ],
          [
            139.846425,
            35.329738
          ],
          [
            139.846482,
            35.329867
          ],
          [
            139.846427,
            35.329883
          ],
          [
            139.846439,
            35.32991
          ],
          [
            139.846244,
            35.329967
          ],
          [
            139.846267,
            35.330018
          ],
          [
            139.845902,
            35.330125
          ],
          [
            139.8458,
            35.329893
          ],
          [
            139.845701,
            35.329922
          ],
          [
            139.845711,
            35.329945
          ],
          [
            139.845431,
            35.330026
          ],
          [
            139.845391,
            35.329933
          ],
          [
            139.844749,
            35.330121
          ]
        ],
        "calculated_area_m2": 17432.2,
        "perimeter_m": 740.3,
        "bbox": [
          139.844749,
          35.329594,
          139.847413,
          35.330898
        ],
        "polygon_source": "OSM_exact_footprint"
      }
    },
    {
      "type": "Feature",
      "id": "way/695894961",
      "geometry": {
        "type": "Polygon",
        "coordinates": [
          [
            [
              140.024498,
              35.657585
            ],
            [
              140.023369,
              35.65636
            ],
            [
              140.02338,
              35.656284
            ],
            [
              140.025718,
              35.65468
            ],
            [
              140.02583,
              35.654685
            ],
            [
              140.025832,
              35.654742
            ],
            [
              140.026273,
              35.655186
            ],
            [
              140.026269,
              35.655361
            ],
            [
              140.026506,
              35.65557
            ],
            [
              140.026684,
              35.655572
            ],
            [
              140.027306,
              35.656205
            ],
            [
              140.029197,
              35.654832
            ],
            [
              140.031357,
              35.653414
            ],
            [
              140.031365,
              35.653366
            ],
            [
              140.030471,
              35.652456
            ],
            [
              140.030491,
              35.652269
            ],
            [
              140.032187,
              35.651161
            ],
            [
              140.032587,
              35.651184
            ],
            [
              140.03408,
              35.652602
            ],
            [
              140.034086,
              35.652711
            ],
            [
              140.033615,
              35.653056
            ],
            [
              140.03276,
              35.653797
            ],
            [
              140.030345,
              35.655476
            ],
            [
              140.029991,
              35.655557
            ],
            [
              140.029743,
              35.655703
            ],
            [
              140.029889,
              35.655852
            ],
            [
              140.028596,
              35.656709
            ],
            [
              140.028052,
              35.656168
            ],
            [
              140.025036,
              35.658208
            ],
            [
              140.024498,
              35.657585
            ]
          ]
        ]
      },
      "properties": {
        "id": "way/695894961",
        "osm_id": 695894961,
        "osm_type": "way",
        "name": "イオンモール幕張新都心",
        "name_en": "AEON MALL Makuhari New City",
        "lat": 35.654685,
        "lon": 140.028728,
        "brand": "イオン",
        "brand_wikidata": "Q305335",
        "mall_type": "イオンモール",
        "prefecture": "千葉県",
        "city": "",
        "address": "千葉県",
        "website": "",
        "opening_hours": "",
        "phone": "",
        "opening_year": "2013年12月20日",
        "area": "総賃貸面積約128,000㎡（延床面積約402,000㎡、敷地面積約192,000㎡）",
        "former_building": "新設（イオンモールの超巨大旗艦店「イオンモール幕張新都心」グランドモールの核店舗として新設）",
        "demand_and_features": "イオンモールグループの超巨大旗艦店「イオンモール幕張新都心」のメイン店舗。JR幕張豊砂駅の開業に伴い、利便性が飛躍的に向上した。広大な店舗はライフスタイル提案型となっており、ペット用品やホビー、スポーツまで極めて専門的な売場が並ぶ。国内外からの観光客や広域のファミリー層が集まり、週末には終日賑わう。圧倒的な規模感と、最新の小売トレンドを発信する体験型店舗。",
        "source": "OpenStreetMap",
        "priority": 2,
        "building_height_est_m": 22.0,
        "site_area_m2": 192000.0,
        "floor_area_m2": 128000.0,
        "polygon_coordinates": [
          [
            140.024498,
            35.657585
          ],
          [
            140.023369,
            35.65636
          ],
          [
            140.02338,
            35.656284
          ],
          [
            140.025718,
            35.65468
          ],
          [
            140.02583,
            35.654685
          ],
          [
            140.025832,
            35.654742
          ],
          [
            140.026273,
            35.655186
          ],
          [
            140.026269,
            35.655361
          ],
          [
            140.026506,
            35.65557
          ],
          [
            140.026684,
            35.655572
          ],
          [
            140.027306,
            35.656205
          ],
          [
            140.029197,
            35.654832
          ],
          [
            140.031357,
            35.653414
          ],
          [
            140.031365,
            35.653366
          ],
          [
            140.030471,
            35.652456
          ],
          [
            140.030491,
            35.652269
          ],
          [
            140.032187,
            35.651161
          ],
          [
            140.032587,
            35.651184
          ],
          [
            140.03408,
            35.652602
          ],
          [
            140.034086,
            35.652711
          ],
          [
            140.033615,
            35.653056
          ],
          [
            140.03276,
            35.653797
          ],
          [
            140.030345,
            35.655476
          ],
          [
            140.029991,
            35.655557
          ],
          [
            140.029743,
            35.655703
          ],
          [
            140.029889,
            35.655852
          ],
          [
            140.028596,
            35.656709
          ],
          [
            140.028052,
            35.656168
          ],
          [
            140.025036,
            35.658208
          ],
          [
            140.024498,
            35.657585
          ]
        ],
        "calculated_area_m2": 188453.1,
        "perimeter_m": 2981.5,
        "bbox": [
          140.023369,
          35.651161,
          140.034086,
          35.658208
        ],
        "polygon_source": "OSM_exact_footprint"
      }
    },
    {
      "type": "Feature",
      "id": "way/143827439",
      "geometry": {
        "type": "Polygon",
        "coordinates": [
          [
            [
              140.319677,
              35.795128
            ],
            [
              140.319575,
              35.795093
            ],
            [
              140.319569,
              35.795065
            ],
            [
              140.319559,
              35.795017
            ],
            [
              140.317582,
              35.795204
            ],
            [
              140.317551,
              35.795234
            ],
            [
              140.317539,
              35.795266
            ],
            [
              140.317544,
              35.795361
            ],
            [
              140.317482,
              35.795405
            ],
            [
              140.317423,
              35.795447
            ],
            [
              140.316544,
              35.795528
            ],
            [
              140.316418,
              35.795539
            ],
            [
              140.316308,
              35.795549
            ],
            [
              140.31587,
              35.79559
            ],
            [
              140.315893,
              35.795757
            ],
            [
              140.315829,
              35.795763
            ],
            [
              140.315581,
              35.795789
            ],
            [
              140.315645,
              35.79612
            ],
            [
              140.31569,
              35.796233
            ],
            [
              140.315807,
              35.796264
            ],
            [
              140.315967,
              35.796285
            ],
            [
              140.316174,
              35.796288
            ],
            [
              140.316438,
              35.796264
            ],
            [
              140.31666,
              35.796243
            ],
            [
              140.317766,
              35.796142
            ],
            [
              140.317966,
              35.796124
            ],
            [
              140.317965,
              35.796116
            ],
            [
              140.318041,
              35.79611
            ],
            [
              140.318116,
              35.796103
            ],
            [
              140.318478,
              35.796073
            ],
            [
              140.318497,
              35.796071
            ],
            [
              140.318551,
              35.796067
            ],
            [
              140.319438,
              35.795992
            ],
            [
              140.319423,
              35.795878
            ],
            [
              140.3199,
              35.795842
            ],
            [
              140.320184,
              35.795648
            ],
            [
              140.320267,
              35.795717
            ],
            [
              140.320332,
              35.795724
            ],
            [
              140.320383,
              35.795704
            ],
            [
              140.321492,
              35.794896
            ],
            [
              140.321503,
              35.794871
            ],
            [
              140.321483,
              35.79485
            ],
            [
              140.320898,
              35.794307
            ],
            [
              140.320855,
              35.794298
            ],
            [
              140.320796,
              35.794314
            ],
            [
              140.320144,
              35.794795
            ],
            [
              140.319677,
              35.795128
            ]
          ]
        ]
      },
      "properties": {
        "id": "way/143827439",
        "osm_id": 143827439,
        "osm_type": "way",
        "name": "イオンモール成田",
        "name_en": "Aeon Mall Narita",
        "lat": 35.795293,
        "lon": 140.318542,
        "brand": "イオンモール",
        "brand_wikidata": "Q11286068",
        "mall_type": "イオンモール",
        "prefecture": "千葉県",
        "city": "成田市",
        "address": "千葉県成田市ウィング土屋",
        "website": "https://narita-aeonmall.com/",
        "opening_hours": "",
        "phone": "",
        "opening_year": "2000年（平成12年）3月18日",
        "area": "敷地面積：約135,771m²、店舗面積：約71,808m²（モール全体）",
        "former_building": "ジャスコイオン成田店（イオン成田ショッピングセンターの核店舗として開業）",
        "demand_and_features": "成田空港に極めて近い立地特性から、日本屈指のインバウンド（訪日外国人）需要を誇る「世界の玄関口」店舗です。空港と直結するシャトルバスが運行されており、店内には巨大な免税コーナー、多言語案内、日本のお土産や和菓子、抹茶関連商品の特設売場が整備されています。その一方で、成田市ウイング土屋地区のニュータウンに隣接しており、週末には広域から家族連れが集まるワンストップショッピング拠点としても機能し、グローバルとローカルの需要が高度に融合した珍しいタイプのフラッグシップ店となっています。",
        "source": "OpenStreetMap",
        "priority": 2,
        "building_height_est_m": 22.0,
        "site_area_m2": 135771.0,
        "floor_area_m2": 71808.0,
        "polygon_coordinates": [
          [
            140.319677,
            35.795128
          ],
          [
            140.319575,
            35.795093
          ],
          [
            140.319569,
            35.795065
          ],
          [
            140.319559,
            35.795017
          ],
          [
            140.317582,
            35.795204
          ],
          [
            140.317551,
            35.795234
          ],
          [
            140.317539,
            35.795266
          ],
          [
            140.317544,
            35.795361
          ],
          [
            140.317482,
            35.795405
          ],
          [
            140.317423,
            35.795447
          ],
          [
            140.316544,
            35.795528
          ],
          [
            140.316418,
            35.795539
          ],
          [
            140.316308,
            35.795549
          ],
          [
            140.31587,
            35.79559
          ],
          [
            140.315893,
            35.795757
          ],
          [
            140.315829,
            35.795763
          ],
          [
            140.315581,
            35.795789
          ],
          [
            140.315645,
            35.79612
          ],
          [
            140.31569,
            35.796233
          ],
          [
            140.315807,
            35.796264
          ],
          [
            140.315967,
            35.796285
          ],
          [
            140.316174,
            35.796288
          ],
          [
            140.316438,
            35.796264
          ],
          [
            140.31666,
            35.796243
          ],
          [
            140.317766,
            35.796142
          ],
          [
            140.317966,
            35.796124
          ],
          [
            140.317965,
            35.796116
          ],
          [
            140.318041,
            35.79611
          ],
          [
            140.318116,
            35.796103
          ],
          [
            140.318478,
            35.796073
          ],
          [
            140.318497,
            35.796071
          ],
          [
            140.318551,
            35.796067
          ],
          [
            140.319438,
            35.795992
          ],
          [
            140.319423,
            35.795878
          ],
          [
            140.3199,
            35.795842
          ],
          [
            140.320184,
            35.795648
          ],
          [
            140.320267,
            35.795717
          ],
          [
            140.320332,
            35.795724
          ],
          [
            140.320383,
            35.795704
          ],
          [
            140.321492,
            35.794896
          ],
          [
            140.321503,
            35.794871
          ],
          [
            140.321483,
            35.79485
          ],
          [
            140.320898,
            35.794307
          ],
          [
            140.320855,
            35.794298
          ],
          [
            140.320796,
            35.794314
          ],
          [
            140.320144,
            35.794795
          ],
          [
            140.319677,
            35.795128
          ]
        ],
        "calculated_area_m2": 48243.6,
        "perimeter_m": 1287.5,
        "bbox": [
          140.315581,
          35.794298,
          140.321503,
          35.796288
        ],
        "polygon_source": "OSM_exact_footprint"
      }
    },
    {
      "type": "Feature",
      "id": "way/121820707",
      "geometry": {
        "type": "Polygon",
        "coordinates": [
          [
            [
              140.026076,
              35.690625
            ],
            [
              140.026134,
              35.690428
            ],
            [
              140.026102,
              35.690419
            ],
            [
              140.026196,
              35.690049
            ],
            [
              140.026131,
              35.689677
            ],
            [
              140.025845,
              35.689704
            ],
            [
              140.025454,
              35.689807
            ],
            [
              140.025456,
              35.689868
            ],
            [
              140.025331,
              35.689882
            ],
            [
              140.025211,
              35.689896
            ],
            [
              140.02509,
              35.689927
            ],
            [
              140.025093,
              35.689957
            ],
            [
              140.024878,
              35.689992
            ],
            [
              140.024692,
              35.690095
            ],
            [
              140.024445,
              35.690121
            ],
            [
              140.024372,
              35.690146
            ],
            [
              140.024295,
              35.690173
            ],
            [
              140.024183,
              35.690227
            ],
            [
              140.024034,
              35.690243
            ],
            [
              140.023734,
              35.690365
            ],
            [
              140.023712,
              35.690334
            ],
            [
              140.023559,
              35.690394
            ],
            [
              140.023468,
              35.690431
            ],
            [
              140.02337,
              35.690472
            ],
            [
              140.023301,
              35.690531
            ],
            [
              140.023314,
              35.690562
            ],
            [
              140.023326,
              35.690592
            ],
            [
              140.023452,
              35.690892
            ],
            [
              140.023455,
              35.6909
            ],
            [
              140.025188,
              35.690713
            ],
            [
              140.025399,
              35.690684
            ],
            [
              140.025398,
              35.690706
            ],
            [
              140.026076,
              35.690625
            ]
          ]
        ]
      },
      "properties": {
        "id": "way/121820707",
        "osm_id": 121820707,
        "osm_type": "way",
        "name": "イオンモール津田沼North",
        "name_en": "ÆON MALL TSUDANUMA NORTH",
        "lat": 35.690289,
        "lon": 140.024748,
        "brand": "イオン",
        "brand_wikidata": "Q305335",
        "mall_type": "イオンモール",
        "prefecture": "千葉県",
        "city": "習志野市",
        "address": "千葉県習志野市津田沼一丁目1",
        "website": "https://www.aeon.jp/sc/tsudanuma/",
        "opening_hours": "",
        "phone": "",
        "opening_year": "2026年3月18日（2024年に閉店したイトーヨーカドー津田沼店の跡地に出店）",
        "area": "総賃貸面積約20,100㎡（津田沼12番街ビル内）",
        "former_building": "イトーヨーカドー津田沼店（駅前の代表的ビルへの居抜き出店）",
        "demand_and_features": "2024年に閉店した「イトーヨーカドー津田沼店」のビルへ、イオンリテールが駅前での利便性向上を目指して居抜き出店した店舗。新津田沼駅の南側に位置し、ノース棟（イオンスタイル津田沼North）と双璧をなす形で津田沼の駅前商業を盛り上げる。若い単身者や周辺のマンション住民に合わせ、手軽な個食用の惣菜やこだわりの冷凍食品、ドラッグストア機能を強化したライフスタイル店舗。",
        "source": "OpenStreetMap",
        "priority": 2,
        "building_height_est_m": 22.0,
        "site_area_m2": 32160.0,
        "floor_area_m2": 20100.0,
        "polygon_coordinates": [
          [
            140.026076,
            35.690625
          ],
          [
            140.026134,
            35.690428
          ],
          [
            140.026102,
            35.690419
          ],
          [
            140.026196,
            35.690049
          ],
          [
            140.026131,
            35.689677
          ],
          [
            140.025845,
            35.689704
          ],
          [
            140.025454,
            35.689807
          ],
          [
            140.025456,
            35.689868
          ],
          [
            140.025331,
            35.689882
          ],
          [
            140.025211,
            35.689896
          ],
          [
            140.02509,
            35.689927
          ],
          [
            140.025093,
            35.689957
          ],
          [
            140.024878,
            35.689992
          ],
          [
            140.024692,
            35.690095
          ],
          [
            140.024445,
            35.690121
          ],
          [
            140.024372,
            35.690146
          ],
          [
            140.024295,
            35.690173
          ],
          [
            140.024183,
            35.690227
          ],
          [
            140.024034,
            35.690243
          ],
          [
            140.023734,
            35.690365
          ],
          [
            140.023712,
            35.690334
          ],
          [
            140.023559,
            35.690394
          ],
          [
            140.023468,
            35.690431
          ],
          [
            140.02337,
            35.690472
          ],
          [
            140.023301,
            35.690531
          ],
          [
            140.023314,
            35.690562
          ],
          [
            140.023326,
            35.690592
          ],
          [
            140.023452,
            35.690892
          ],
          [
            140.023455,
            35.6909
          ],
          [
            140.025188,
            35.690713
          ],
          [
            140.025399,
            35.690684
          ],
          [
            140.025398,
            35.690706
          ],
          [
            140.026076,
            35.690625
          ]
        ],
        "calculated_area_m2": 19966.8,
        "perimeter_m": 681.2,
        "bbox": [
          140.023301,
          35.689677,
          140.026196,
          35.6909
        ],
        "polygon_source": "OSM_exact_footprint"
      }
    },
    {
      "type": "Feature",
      "id": "way/145549196",
      "geometry": {
        "type": "Polygon",
        "coordinates": [
          [
            [
              140.023565,
              35.690116
            ],
            [
              140.023419,
              35.689811
            ],
            [
              140.023541,
              35.689725
            ],
            [
              140.023665,
              35.68964
            ],
            [
              140.023816,
              35.689557
            ],
            [
              140.023968,
              35.689476
            ],
            [
              140.023981,
              35.689489
            ],
            [
              140.024244,
              35.689397
            ],
            [
              140.024396,
              35.689712
            ],
            [
              140.024498,
              35.68968
            ],
            [
              140.024537,
              35.689773
            ],
            [
              140.024264,
              35.689861
            ],
            [
              140.024258,
              35.689847
            ],
            [
              140.023855,
              35.68999
            ],
            [
              140.02386,
              35.690002
            ],
            [
              140.023565,
              35.690116
            ]
          ]
        ]
      },
      "properties": {
        "id": "way/145549196",
        "osm_id": 145549196,
        "osm_type": "way",
        "name": "イオンモール津田沼South",
        "name_en": "",
        "lat": 35.689757,
        "lon": 140.023978,
        "brand": "イオン",
        "brand_wikidata": "Q305335",
        "mall_type": "イオンモール",
        "prefecture": "千葉県",
        "city": "",
        "address": "千葉県",
        "website": "",
        "opening_hours": "",
        "phone": "",
        "opening_year": "2026年3月18日（2024年に閉店したイトーヨーカドー津田沼店の跡地に出店）",
        "area": "総賃貸面積約20,100㎡（津田沼12番街ビル内）",
        "former_building": "イトーヨーカドー津田沼店（駅前の代表的ビルへの居抜き出店）",
        "demand_and_features": "2024年に閉店した「イトーヨーカドー津田沼店」のビルへ、イオンリテールが駅前での利便性向上を目指して居抜き出店した店舗。新津田沼駅の南側に位置し、ノース棟（イオンスタイル津田沼North）と双璧をなす形で津田沼の駅前商業を盛り上げる。若い単身者や周辺のマンション住民に合わせ、手軽な個食用の惣菜やこだわりの冷凍食品、ドラッグストア機能を強化したライフスタイル店舗。",
        "source": "OpenStreetMap",
        "priority": 2,
        "building_height_est_m": 22.0,
        "site_area_m2": 32160.0,
        "floor_area_m2": 20100.0,
        "polygon_coordinates": [
          [
            140.023565,
            35.690116
          ],
          [
            140.023419,
            35.689811
          ],
          [
            140.023541,
            35.689725
          ],
          [
            140.023665,
            35.68964
          ],
          [
            140.023816,
            35.689557
          ],
          [
            140.023968,
            35.689476
          ],
          [
            140.023981,
            35.689489
          ],
          [
            140.024244,
            35.689397
          ],
          [
            140.024396,
            35.689712
          ],
          [
            140.024498,
            35.68968
          ],
          [
            140.024537,
            35.689773
          ],
          [
            140.024264,
            35.689861
          ],
          [
            140.024258,
            35.689847
          ],
          [
            140.023855,
            35.68999
          ],
          [
            140.02386,
            35.690002
          ],
          [
            140.023565,
            35.690116
          ]
        ],
        "calculated_area_m2": 3927.1,
        "perimeter_m": 283.0,
        "bbox": [
          140.023419,
          35.689397,
          140.024537,
          35.690116
        ],
        "polygon_source": "OSM_exact_footprint"
      }
    },
    {
      "type": "Feature",
      "id": "way/171995267",
      "geometry": {
        "type": "Polygon",
        "coordinates": [
          [
            [
              139.979917,
              35.713303
            ],
            [
              139.979909,
              35.713246
            ],
            [
              139.979526,
              35.710569
            ],
            [
              139.978596,
              35.710663
            ],
            [
              139.977686,
              35.710752
            ],
            [
              139.976946,
              35.710808
            ],
            [
              139.977279,
              35.713162
            ],
            [
              139.979368,
              35.712968
            ],
            [
              139.979423,
              35.71335
            ],
            [
              139.979917,
              35.713303
            ]
          ]
        ]
      },
      "properties": {
        "id": "way/171995267",
        "osm_id": 171995267,
        "osm_type": "way",
        "name": "イオンモール船橋",
        "name_en": "AEON MALL",
        "lat": 35.711959,
        "lon": 139.978431,
        "brand": "イオンモール",
        "brand_wikidata": "Q11286068",
        "mall_type": "イオンモール",
        "prefecture": "千葉県",
        "city": "船橋市",
        "address": "千葉県船橋市山手一丁目8",
        "website": "https://www.aeon.jp/sc/funabashi/",
        "opening_hours": "09:00-22:00",
        "phone": "+81-47-420-7300",
        "opening_year": "2012年4月25日",
        "area": "商業施設面積約61,600㎡（延床面積約95,000㎡、敷地面積約65,600㎡）",
        "former_building": "新設（日本建鐵船橋工場跡地の開発。隣接していた旧マックスバリュ新船橋店を統合・拡大する形で開業）",
        "demand_and_features": "東葉高速線・新京成線が交わる新船橋駅の目の前に位置する「イオンモール船橋」の核店舗。日本建鐵の工場跡地を大規模開発したエリアの象徴的存在。大規模な住宅地開発が進んだエリアで、若年ファミリー層が主な客層。食品フロアはレジゴーなどの先進ITを導入し、惣菜やオーガニック食品を豊富に展開。車でも電車でもアクセスしやすい高い利便性から、週末も平日も活気にあふれている。",
        "source": "OpenStreetMap",
        "priority": 2,
        "building_height_est_m": 22.0,
        "site_area_m2": 65600.0,
        "floor_area_m2": 61600.0,
        "polygon_coordinates": [
          [
            139.979917,
            35.713303
          ],
          [
            139.979909,
            35.713246
          ],
          [
            139.979526,
            35.710569
          ],
          [
            139.978596,
            35.710663
          ],
          [
            139.977686,
            35.710752
          ],
          [
            139.976946,
            35.710808
          ],
          [
            139.977279,
            35.713162
          ],
          [
            139.979368,
            35.712968
          ],
          [
            139.979423,
            35.71335
          ],
          [
            139.979917,
            35.713303
          ]
        ],
        "calculated_area_m2": 63266.8,
        "perimeter_m": 1078.6,
        "bbox": [
          139.976946,
          35.710569,
          139.979917,
          35.71335
        ],
        "polygon_source": "OSM_exact_footprint"
      }
    },
    {
      "type": "Feature",
      "id": "way/700833811",
      "geometry": {
        "type": "Polygon",
        "coordinates": [
          [
            [
              140.047607,
              35.647986
            ],
            [
              140.047406,
              35.647791
            ],
            [
              140.047632,
              35.647633
            ],
            [
              140.047448,
              35.647466
            ],
            [
              140.047928,
              35.647131
            ],
            [
              140.048561,
              35.646696
            ],
            [
              140.049277,
              35.646263
            ],
            [
              140.049793,
              35.646832
            ],
            [
              140.048986,
              35.647394
            ],
            [
              140.048085,
              35.648043
            ],
            [
              140.04784,
              35.647812
            ],
            [
              140.047607,
              35.647986
            ]
          ]
        ]
      },
      "properties": {
        "id": "way/700833811",
        "osm_id": 700833811,
        "osm_type": "way",
        "name": "イオンスタイル幕張ベイパーク",
        "name_en": "",
        "lat": 35.647153,
        "lon": 140.048599,
        "brand": "イオン",
        "brand_wikidata": "Q305335",
        "mall_type": "イオンスタイル",
        "prefecture": "千葉県",
        "city": "",
        "address": "千葉県",
        "website": "",
        "opening_hours": "",
        "phone": "",
        "opening_year": "2019年4月13日",
        "area": "敷地面積約15,300㎡（売場面積約2,150㎡）",
        "former_building": "新設（幕張若葉地区の巨大開発プロジェクト「幕張ベイパーク」内の新設店舗）",
        "demand_and_features": "新興のハイライズタワーマンションが林立する「幕張ベイパーク」内に位置する、都市型のライフスタイル提案スーパー。住民の日常の食卓を豊かにすることをテーマに、上質な食材やデリ（惣菜）、輸入チーズ、ワインを強化。コミュニティスペースを併設し、周辺住民の憩いの場としても機能する。おしゃれで清潔感のある店舗設計が、若いファミリー層や共働き世代に高く評価されている。",
        "source": "OpenStreetMap",
        "priority": 2,
        "building_height_est_m": 16.0,
        "site_area_m2": 15300.0,
        "floor_area_m2": 2150.0,
        "polygon_coordinates": [
          [
            140.047607,
            35.647986
          ],
          [
            140.047406,
            35.647791
          ],
          [
            140.047632,
            35.647633
          ],
          [
            140.047448,
            35.647466
          ],
          [
            140.047928,
            35.647131
          ],
          [
            140.048561,
            35.646696
          ],
          [
            140.049277,
            35.646263
          ],
          [
            140.049793,
            35.646832
          ],
          [
            140.048986,
            35.647394
          ],
          [
            140.048085,
            35.648043
          ],
          [
            140.04784,
            35.647812
          ],
          [
            140.047607,
            35.647986
          ]
        ],
        "calculated_area_m2": 18121.7,
        "perimeter_m": 637.5,
        "bbox": [
          140.047406,
          35.646263,
          140.049793,
          35.648043
        ],
        "polygon_source": "OSM_exact_footprint"
      }
    },
    {
      "type": "Feature",
      "id": "way/368220996",
      "geometry": {
        "type": "Polygon",
        "coordinates": [
          [
            [
              139.38008,
              35.662403
            ],
            [
              139.380564,
              35.662847
            ],
            [
              139.380686,
              35.662755
            ],
            [
              139.380714,
              35.662734
            ],
            [
              139.38097,
              35.662954
            ],
            [
              139.381087,
              35.662994
            ],
            [
              139.381211,
              35.662951
            ],
            [
              139.381869,
              35.66245
            ],
            [
              139.381736,
              35.662334
            ],
            [
              139.38189,
              35.662219
            ],
            [
              139.381854,
              35.662185
            ],
            [
              139.381556,
              35.661907
            ],
            [
              139.381527,
              35.661926
            ],
            [
              139.381473,
              35.66196
            ],
            [
              139.380816,
              35.661313
            ],
            [
              139.380721,
              35.66133
            ],
            [
              139.380721,
              35.661272
            ],
            [
              139.380582,
              35.661269
            ],
            [
              139.380582,
              35.661331
            ],
            [
              139.380507,
              35.661295
            ],
            [
              139.380272,
              35.661462
            ],
            [
              139.380162,
              35.661602
            ],
            [
              139.380281,
              35.661737
            ],
            [
              139.380245,
              35.661803
            ],
            [
              139.380225,
              35.661986
            ],
            [
              139.380224,
              35.662261
            ],
            [
              139.380179,
              35.662341
            ],
            [
              139.38008,
              35.662403
            ]
          ]
        ]
      },
      "properties": {
        "id": "way/368220996",
        "osm_id": 368220996,
        "osm_type": "way",
        "name": "イオンモール多摩平の森",
        "name_en": "",
        "lat": 35.662132,
        "lon": 139.380985,
        "brand": "イオン",
        "brand_wikidata": "Q305335",
        "mall_type": "イオンモール",
        "prefecture": "東京都",
        "city": "",
        "address": "東京都",
        "website": "",
        "opening_hours": "",
        "phone": "",
        "opening_year": "2014年11月20日（ソフトオープン：11月17日）",
        "area": "総賃貸面積：約24,000㎡（敷地面積：約30,900㎡、延床面積：約75,000㎡）",
        "former_building": "日本住宅公団「多摩平団地」跡地（建て替え再開発エリア）",
        "demand_and_features": "JR中央線豊田駅北口から徒歩約3分。昭和のマンモス公団団地である「多摩平団地」の建て替え再開発プロジェクトにより誕生。「緑あふれるコミュニティの庭」をテーマに掲げ、豊かな緑に囲まれた心地よい空間が特徴。周辺のファミリー層やシニア層の日常需要を取り込み、多摩平の新たな地域コミュニティの核として機能している。",
        "source": "OpenStreetMap",
        "priority": 2,
        "building_height_est_m": 22.0,
        "site_area_m2": 30900.0,
        "floor_area_m2": 24000.0,
        "polygon_coordinates": [
          [
            139.38008,
            35.662403
          ],
          [
            139.380564,
            35.662847
          ],
          [
            139.380686,
            35.662755
          ],
          [
            139.380714,
            35.662734
          ],
          [
            139.38097,
            35.662954
          ],
          [
            139.381087,
            35.662994
          ],
          [
            139.381211,
            35.662951
          ],
          [
            139.381869,
            35.66245
          ],
          [
            139.381736,
            35.662334
          ],
          [
            139.38189,
            35.662219
          ],
          [
            139.381854,
            35.662185
          ],
          [
            139.381556,
            35.661907
          ],
          [
            139.381527,
            35.661926
          ],
          [
            139.381473,
            35.66196
          ],
          [
            139.380816,
            35.661313
          ],
          [
            139.380721,
            35.66133
          ],
          [
            139.380721,
            35.661272
          ],
          [
            139.380582,
            35.661269
          ],
          [
            139.380582,
            35.661331
          ],
          [
            139.380507,
            35.661295
          ],
          [
            139.380272,
            35.661462
          ],
          [
            139.380162,
            35.661602
          ],
          [
            139.380281,
            35.661737
          ],
          [
            139.380245,
            35.661803
          ],
          [
            139.380225,
            35.661986
          ],
          [
            139.380224,
            35.662261
          ],
          [
            139.380179,
            35.662341
          ],
          [
            139.38008,
            35.662403
          ]
        ],
        "calculated_area_m2": 18820.1,
        "perimeter_m": 594.8,
        "bbox": [
          139.38008,
          35.661269,
          139.38189,
          35.662994
        ],
        "polygon_source": "OSM_exact_footprint"
      }
    },
    {
      "type": "Feature",
      "id": "way/1549637863",
      "geometry": {
        "type": "Polygon",
        "coordinates": [
          [
            [
              139.527353,
              35.744486
            ],
            [
              139.527419,
              35.744495
            ],
            [
              139.527412,
              35.744527
            ],
            [
              139.527697,
              35.744566
            ],
            [
              139.527685,
              35.744622
            ],
            [
              139.527704,
              35.744625
            ],
            [
              139.527691,
              35.74469
            ],
            [
              139.527769,
              35.744699
            ],
            [
              139.527766,
              35.744713
            ],
            [
              139.527794,
              35.744717
            ],
            [
              139.527793,
              35.744724
            ],
            [
              139.527919,
              35.74477
            ],
            [
              139.528044,
              35.744831
            ],
            [
              139.528138,
              35.744895
            ],
            [
              139.5282,
              35.744957
            ],
            [
              139.528222,
              35.744981
            ],
            [
              139.52828,
              35.744954
            ],
            [
              139.528356,
              35.74505
            ],
            [
              139.528298,
              35.745082
            ],
            [
              139.528316,
              35.745107
            ],
            [
              139.528344,
              35.745167
            ],
            [
              139.528359,
              35.745209
            ],
            [
              139.528379,
              35.745279
            ],
            [
              139.528386,
              35.745397
            ],
            [
              139.528405,
              35.745397
            ],
            [
              139.528378,
              35.745715
            ],
            [
              139.528403,
              35.745717
            ],
            [
              139.528406,
              35.745703
            ],
            [
              139.528458,
              35.745711
            ],
            [
              139.52842,
              35.745904
            ],
            [
              139.528304,
              35.745885
            ],
            [
              139.52827,
              35.74602
            ],
            [
              139.527921,
              35.745971
            ],
            [
              139.527919,
              35.745983
            ],
            [
              139.52772,
              35.745953
            ],
            [
              139.527736,
              35.74588
            ],
            [
              139.52772,
              35.745878
            ],
            [
              139.527726,
              35.745846
            ],
            [
              139.527739,
              35.745848
            ],
            [
              139.527807,
              35.74552
            ],
            [
              139.527749,
              35.745508
            ],
            [
              139.52771,
              35.745497
            ],
            [
              139.527658,
              35.745474
            ],
            [
              139.527622,
              35.745452
            ],
            [
              139.527584,
              35.745426
            ],
            [
              139.527546,
              35.745392
            ],
            [
              139.527515,
              35.745353
            ],
            [
              139.527493,
              35.74532
            ],
            [
              139.527471,
              35.745276
            ],
            [
              139.527227,
              35.745243
            ],
            [
              139.52722,
              35.745273
            ],
            [
              139.52705,
              35.745253
            ],
            [
              139.527043,
              35.745279
            ],
            [
              139.526904,
              35.745262
            ],
            [
              139.526908,
              35.745237
            ],
            [
              139.526469,
              35.745176
            ],
            [
              139.526474,
              35.74515
            ],
            [
              139.526449,
              35.745146
            ],
            [
              139.52658,
              35.745801
            ],
            [
              139.526601,
              35.745831
            ],
            [
              139.52663,
              35.745853
            ],
            [
              139.526609,
              35.745913
            ],
            [
              139.526527,
              35.745907
            ],
            [
              139.526491,
              35.745877
            ],
            [
              139.526304,
              35.744938
            ],
            [
              139.526286,
              35.74485
            ],
            [
              139.52628,
              35.744821
            ],
            [
              139.526358,
              35.744338
            ],
            [
              139.526368,
              35.74434
            ],
            [
              139.526365,
              35.744356
            ],
            [
              139.526452,
              35.744366
            ],
            [
              139.526477,
              35.744257
            ],
            [
              139.526803,
              35.744298
            ],
            [
              139.526805,
              35.744288
            ],
            [
              139.527377,
              35.744364
            ],
            [
              139.527353,
              35.744486
            ]
          ]
        ]
      },
      "properties": {
        "id": "way/1549637863",
        "osm_id": 1549637863,
        "osm_type": "way",
        "name": "イオンモール東久留米",
        "name_en": "",
        "lat": 35.745138,
        "lon": 139.527369,
        "brand": "イオン",
        "brand_wikidata": "Q305335",
        "mall_type": "イオンモール",
        "prefecture": "東京都",
        "city": "",
        "address": "東京都",
        "website": "",
        "opening_hours": "Mo-Su,PH 09:00-22:00",
        "phone": "",
        "opening_year": "2013年4月23日（イオンモール東久留米の核店舗として開業）",
        "area": "商業施設面積：約39,900㎡（直営売場面積：約17,800㎡）",
        "former_building": "みずほ銀行ひばりヶ丘グラウンド跡地",
        "demand_and_features": "「イオンモール東久留米」の核店舗で、東久留米市や西東京市、新座市などの広域のベッドタウンをカバーする大型GMS。周辺は戸建て住宅街が広がり、ファミリー層や子育て世代が多く、週末は家族連れのマイカー来店で広大な駐車場が満車となる。キッズ関連の商品や学習机、自転車、ファミリー向けの食品大容量パックの需要が高い。また、周辺のシニア層を対象にした健康食品や介護用品の展開、コミュニティスペースの提供も活発である。",
        "source": "OpenStreetMap",
        "priority": 2,
        "building_height_est_m": 22.0,
        "site_area_m2": 63840.0,
        "floor_area_m2": 39900.0,
        "polygon_coordinates": [
          [
            139.527353,
            35.744486
          ],
          [
            139.527419,
            35.744495
          ],
          [
            139.527412,
            35.744527
          ],
          [
            139.527697,
            35.744566
          ],
          [
            139.527685,
            35.744622
          ],
          [
            139.527704,
            35.744625
          ],
          [
            139.527691,
            35.74469
          ],
          [
            139.527769,
            35.744699
          ],
          [
            139.527766,
            35.744713
          ],
          [
            139.527794,
            35.744717
          ],
          [
            139.527793,
            35.744724
          ],
          [
            139.527919,
            35.74477
          ],
          [
            139.528044,
            35.744831
          ],
          [
            139.528138,
            35.744895
          ],
          [
            139.5282,
            35.744957
          ],
          [
            139.528222,
            35.744981
          ],
          [
            139.52828,
            35.744954
          ],
          [
            139.528356,
            35.74505
          ],
          [
            139.528298,
            35.745082
          ],
          [
            139.528316,
            35.745107
          ],
          [
            139.528344,
            35.745167
          ],
          [
            139.528359,
            35.745209
          ],
          [
            139.528379,
            35.745279
          ],
          [
            139.528386,
            35.745397
          ],
          [
            139.528405,
            35.745397
          ],
          [
            139.528378,
            35.745715
          ],
          [
            139.528403,
            35.745717
          ],
          [
            139.528406,
            35.745703
          ],
          [
            139.528458,
            35.745711
          ],
          [
            139.52842,
            35.745904
          ],
          [
            139.528304,
            35.745885
          ],
          [
            139.52827,
            35.74602
          ],
          [
            139.527921,
            35.745971
          ],
          [
            139.527919,
            35.745983
          ],
          [
            139.52772,
            35.745953
          ],
          [
            139.527736,
            35.74588
          ],
          [
            139.52772,
            35.745878
          ],
          [
            139.527726,
            35.745846
          ],
          [
            139.527739,
            35.745848
          ],
          [
            139.527807,
            35.74552
          ],
          [
            139.527749,
            35.745508
          ],
          [
            139.52771,
            35.745497
          ],
          [
            139.527658,
            35.745474
          ],
          [
            139.527622,
            35.745452
          ],
          [
            139.527584,
            35.745426
          ],
          [
            139.527546,
            35.745392
          ],
          [
            139.527515,
            35.745353
          ],
          [
            139.527493,
            35.74532
          ],
          [
            139.527471,
            35.745276
          ],
          [
            139.527227,
            35.745243
          ],
          [
            139.52722,
            35.745273
          ],
          [
            139.52705,
            35.745253
          ],
          [
            139.527043,
            35.745279
          ],
          [
            139.526904,
            35.745262
          ],
          [
            139.526908,
            35.745237
          ],
          [
            139.526469,
            35.745176
          ],
          [
            139.526474,
            35.74515
          ],
          [
            139.526449,
            35.745146
          ],
          [
            139.52658,
            35.745801
          ],
          [
            139.526601,
            35.745831
          ],
          [
            139.52663,
            35.745853
          ],
          [
            139.526609,
            35.745913
          ],
          [
            139.526527,
            35.745907
          ],
          [
            139.526491,
            35.745877
          ],
          [
            139.526304,
            35.744938
          ],
          [
            139.526286,
            35.74485
          ],
          [
            139.52628,
            35.744821
          ],
          [
            139.526358,
            35.744338
          ],
          [
            139.526368,
            35.74434
          ],
          [
            139.526365,
            35.744356
          ],
          [
            139.526452,
            35.744366
          ],
          [
            139.526477,
            35.744257
          ],
          [
            139.526803,
            35.744298
          ],
          [
            139.526805,
            35.744288
          ],
          [
            139.527377,
            35.744364
          ],
          [
            139.527353,
            35.744486
          ]
        ],
        "calculated_area_m2": 20519.2,
        "perimeter_m": 908.7,
        "bbox": [
          139.52628,
          35.744257,
          139.528458,
          35.74602
        ],
        "polygon_source": "OSM_exact_footprint"
      }
    },
    {
      "type": "Feature",
      "id": "way/645851369",
      "geometry": {
        "type": "Polygon",
        "coordinates": [
          [
            [
              139.684157,
              35.623076
            ],
            [
              139.684319,
              35.623056
            ],
            [
              139.684353,
              35.62303
            ],
            [
              139.684415,
              35.623026
            ],
            [
              139.683954,
              35.622767
            ],
            [
              139.683957,
              35.62283
            ],
            [
              139.6839,
              35.62283
            ],
            [
              139.683905,
              35.622938
            ],
            [
              139.684157,
              35.623076
            ]
          ]
        ]
      },
      "properties": {
        "id": "way/645851369",
        "osm_id": 645851369,
        "osm_type": "way",
        "name": "イオンスタイル碑文谷別館",
        "name_en": "",
        "lat": 35.622922,
        "lon": 139.684157,
        "brand": "イオン",
        "brand_wikidata": "Q305335",
        "mall_type": "イオンスタイル",
        "prefecture": "東京都",
        "city": "",
        "address": "東京都",
        "website": "",
        "opening_hours": "",
        "phone": "",
        "opening_year": "2016年12月18日（ダイエー碑文谷店の営業を引き継ぎ再開業）",
        "area": "店舗面積：約15,660㎡",
        "former_building": "ダイエー碑文谷店（1975年開業のダイエー旗艦店）",
        "demand_and_features": "目黒区の高級住宅街に位置し、かつてダイエーの最高峰フラッグシップショップだった建物を全面改装して誕生。目黒区周辺の目の肥えた高所得層・シニア層の顧客特性に合わせ、一般的なイオン店舗よりも高級食材やオーガニック食品、ソムリエが厳選したワイン、国内外のこだわりブランドを多数揃える。上質なライフスタイルを提案する「都市型イオンスタイル」の最高峰モデルであり、衣食住すべてにおいてプレミアムな売場展開が特徴。",
        "source": "OpenStreetMap",
        "priority": 2,
        "building_height_est_m": 16.0,
        "site_area_m2": 25056.0,
        "floor_area_m2": 15660.0,
        "polygon_coordinates": [
          [
            139.684157,
            35.623076
          ],
          [
            139.684319,
            35.623056
          ],
          [
            139.684353,
            35.62303
          ],
          [
            139.684415,
            35.623026
          ],
          [
            139.683954,
            35.622767
          ],
          [
            139.683957,
            35.62283
          ],
          [
            139.6839,
            35.62283
          ],
          [
            139.683905,
            35.622938
          ],
          [
            139.684157,
            35.623076
          ]
        ],
        "calculated_area_m2": 719.1,
        "perimeter_m": 126.8,
        "bbox": [
          139.6839,
          35.622767,
          139.684415,
          35.623076
        ],
        "polygon_source": "OSM_exact_footprint"
      }
    },
    {
      "type": "Feature",
      "id": "way/28147616",
      "geometry": {
        "type": "Polygon",
        "coordinates": [
          [
            [
              139.458334,
              35.489634
            ],
            [
              139.458582,
              35.489083
            ],
            [
              139.45888,
              35.488417
            ],
            [
              139.458318,
              35.48825
            ],
            [
              139.458321,
              35.488239
            ],
            [
              139.458134,
              35.488183
            ],
            [
              139.458093,
              35.488262
            ],
            [
              139.457783,
              35.488168
            ],
            [
              139.457494,
              35.488759
            ],
            [
              139.45743,
              35.488899
            ],
            [
              139.457378,
              35.488928
            ],
            [
              139.457338,
              35.488972
            ],
            [
              139.457309,
              35.48902
            ],
            [
              139.457284,
              35.489067
            ],
            [
              139.457267,
              35.489105
            ],
            [
              139.457253,
              35.489146
            ],
            [
              139.457241,
              35.489182
            ],
            [
              139.457234,
              35.489218
            ],
            [
              139.457226,
              35.489282
            ],
            [
              139.457222,
              35.489311
            ],
            [
              139.457223,
              35.489341
            ],
            [
              139.457229,
              35.489374
            ],
            [
              139.457239,
              35.489407
            ],
            [
              139.457258,
              35.489443
            ],
            [
              139.457271,
              35.489458
            ],
            [
              139.457287,
              35.489473
            ],
            [
              139.457304,
              35.489483
            ],
            [
              139.457324,
              35.489491
            ],
            [
              139.457347,
              35.489495
            ],
            [
              139.457369,
              35.489496
            ],
            [
              139.4574,
              35.489493
            ],
            [
              139.457695,
              35.48958
            ],
            [
              139.457896,
              35.489638
            ],
            [
              139.457917,
              35.489598
            ],
            [
              139.458195,
              35.489683
            ],
            [
              139.458235,
              35.489607
            ],
            [
              139.458334,
              35.489634
            ]
          ]
        ]
      },
      "properties": {
        "id": "way/28147616",
        "osm_id": 28147616,
        "osm_type": "way",
        "name": "イオンモール大和",
        "name_en": "",
        "lat": 35.488926,
        "lon": 139.458051,
        "brand": "イオン",
        "brand_wikidata": "Q305335",
        "mall_type": "イオンモール",
        "prefecture": "神奈川県",
        "city": "",
        "address": "神奈川県",
        "website": "",
        "opening_hours": "",
        "phone": "",
        "opening_year": "2001年12月1日",
        "area": "敷地面積: 約36,000㎡ / 延床面積: 約88,000㎡（施設全体）",
        "former_building": "いすゞ自動車（車体）大和工場跡地。※イトーヨーカドーと共同開発した「やまとオークシティ」の一角",
        "demand_and_features": "道路を挟んで競合する「イトーヨーカドー大和鶴間店」と連絡通路で接続された巨大SC「やまとオークシティ」を形成する珍しい店舗。大店立地法第1号物件。本来ライバルである2大店舗が共存共栄する形で大和市の中心的な購買・娯楽拠点を担っており、衣食住の日常利用から週末의ファミリーレジャーまで圧倒的な集客力を誇る。",
        "source": "OpenStreetMap",
        "priority": 2,
        "building_height_est_m": 22.0,
        "site_area_m2": 36000.0,
        "floor_area_m2": 88000.0,
        "polygon_coordinates": [
          [
            139.458334,
            35.489634
          ],
          [
            139.458582,
            35.489083
          ],
          [
            139.45888,
            35.488417
          ],
          [
            139.458318,
            35.48825
          ],
          [
            139.458321,
            35.488239
          ],
          [
            139.458134,
            35.488183
          ],
          [
            139.458093,
            35.488262
          ],
          [
            139.457783,
            35.488168
          ],
          [
            139.457494,
            35.488759
          ],
          [
            139.45743,
            35.488899
          ],
          [
            139.457378,
            35.488928
          ],
          [
            139.457338,
            35.488972
          ],
          [
            139.457309,
            35.48902
          ],
          [
            139.457284,
            35.489067
          ],
          [
            139.457267,
            35.489105
          ],
          [
            139.457253,
            35.489146
          ],
          [
            139.457241,
            35.489182
          ],
          [
            139.457234,
            35.489218
          ],
          [
            139.457226,
            35.489282
          ],
          [
            139.457222,
            35.489311
          ],
          [
            139.457223,
            35.489341
          ],
          [
            139.457229,
            35.489374
          ],
          [
            139.457239,
            35.489407
          ],
          [
            139.457258,
            35.489443
          ],
          [
            139.457271,
            35.489458
          ],
          [
            139.457287,
            35.489473
          ],
          [
            139.457304,
            35.489483
          ],
          [
            139.457324,
            35.489491
          ],
          [
            139.457347,
            35.489495
          ],
          [
            139.457369,
            35.489496
          ],
          [
            139.4574,
            35.489493
          ],
          [
            139.457695,
            35.48958
          ],
          [
            139.457896,
            35.489638
          ],
          [
            139.457917,
            35.489598
          ],
          [
            139.458195,
            35.489683
          ],
          [
            139.458235,
            35.489607
          ],
          [
            139.458334,
            35.489634
          ]
        ],
        "calculated_area_m2": 16169.8,
        "perimeter_m": 522.5,
        "bbox": [
          139.457222,
          35.488168,
          139.45888,
          35.489683
        ],
        "polygon_source": "OSM_exact_footprint"
      }
    },
    {
      "type": "Feature",
      "id": "way/569024020",
      "geometry": {
        "type": "Polygon",
        "coordinates": [
          [
            [
              139.425165,
              35.501892
            ],
            [
              139.425204,
              35.501884
            ],
            [
              139.425324,
              35.50186
            ],
            [
              139.425941,
              35.501731
            ],
            [
              139.425928,
              35.50169
            ],
            [
              139.426185,
              35.501645
            ],
            [
              139.426206,
              35.501142
            ],
            [
              139.426034,
              35.500767
            ],
            [
              139.425513,
              35.500931
            ],
            [
              139.425372,
              35.500636
            ],
            [
              139.425427,
              35.500619
            ],
            [
              139.425398,
              35.500558
            ],
            [
              139.42534,
              35.500574
            ],
            [
              139.425162,
              35.500181
            ],
            [
              139.425225,
              35.500161
            ],
            [
              139.424868,
              35.499391
            ],
            [
              139.424403,
              35.499542
            ],
            [
              139.424411,
              35.499566
            ],
            [
              139.424227,
              35.499621
            ],
            [
              139.424247,
              35.499673
            ],
            [
              139.424057,
              35.49973
            ],
            [
              139.424111,
              35.499847
            ],
            [
              139.424258,
              35.500167
            ],
            [
              139.424584,
              35.500878
            ],
            [
              139.424693,
              35.500844
            ],
            [
              139.42499,
              35.501533
            ],
            [
              139.425051,
              35.501513
            ],
            [
              139.425086,
              35.501587
            ],
            [
              139.425119,
              35.50166
            ],
            [
              139.42511,
              35.501664
            ],
            [
              139.425065,
              35.501678
            ],
            [
              139.425165,
              35.501892
            ]
          ]
        ]
      },
      "properties": {
        "id": "way/569024020",
        "osm_id": 569024020,
        "osm_type": "way",
        "name": "イオンモール座間",
        "name_en": "",
        "lat": 35.500642,
        "lon": 139.425132,
        "brand": "イオン",
        "brand_wikidata": "Q305335",
        "mall_type": "イオンモール",
        "prefecture": "神奈川県",
        "city": "座間市",
        "address": "神奈川県座間市広野台4",
        "website": "https://zama-aeonmall.com/",
        "opening_hours": "",
        "phone": "",
        "opening_year": "2018年3月16日（イオンモール座間の核店舗として開業）",
        "area": "商業施設面積：約55,000㎡（直営売場面積：約18,000㎡）",
        "former_building": "日産自動車座間工場跡地",
        "demand_and_features": "日産自動車座間工場の跡地に2018年にオープンした大型「イオンモール座間」の核店舗。座間市、相模原市、大和市などからのマイカー客を集める地域最大級 of GMS。車社会の郊外エリアに適応し、ファミリー層向けの体験型売場が充実。特に食品フロアのデリカテッセン「ここdeデリ」の規模が大きく、焼きたてステーキや惣菜をその場で楽しめる。また、キッズ・ホビー関連商品の展開規模も県央エリア屈指であり、ファミリーに圧倒的支持を受ける。",
        "source": "OpenStreetMap",
        "priority": 2,
        "building_height_est_m": 22.0,
        "site_area_m2": 88000.0,
        "floor_area_m2": 55000.0,
        "polygon_coordinates": [
          [
            139.425165,
            35.501892
          ],
          [
            139.425204,
            35.501884
          ],
          [
            139.425324,
            35.50186
          ],
          [
            139.425941,
            35.501731
          ],
          [
            139.425928,
            35.50169
          ],
          [
            139.426185,
            35.501645
          ],
          [
            139.426206,
            35.501142
          ],
          [
            139.426034,
            35.500767
          ],
          [
            139.425513,
            35.500931
          ],
          [
            139.425372,
            35.500636
          ],
          [
            139.425427,
            35.500619
          ],
          [
            139.425398,
            35.500558
          ],
          [
            139.42534,
            35.500574
          ],
          [
            139.425162,
            35.500181
          ],
          [
            139.425225,
            35.500161
          ],
          [
            139.424868,
            35.499391
          ],
          [
            139.424403,
            35.499542
          ],
          [
            139.424411,
            35.499566
          ],
          [
            139.424227,
            35.499621
          ],
          [
            139.424247,
            35.499673
          ],
          [
            139.424057,
            35.49973
          ],
          [
            139.424111,
            35.499847
          ],
          [
            139.424258,
            35.500167
          ],
          [
            139.424584,
            35.500878
          ],
          [
            139.424693,
            35.500844
          ],
          [
            139.42499,
            35.501533
          ],
          [
            139.425051,
            35.501513
          ],
          [
            139.425086,
            35.501587
          ],
          [
            139.425119,
            35.50166
          ],
          [
            139.42511,
            35.501664
          ],
          [
            139.425065,
            35.501678
          ],
          [
            139.425165,
            35.501892
          ]
        ],
        "calculated_area_m2": 24026.9,
        "perimeter_m": 819.4,
        "bbox": [
          139.424057,
          35.499391,
          139.426206,
          35.501892
        ],
        "polygon_source": "OSM_exact_footprint"
      }
    },
    {
      "type": "Feature",
      "id": "way/437098509",
      "geometry": {
        "type": "Polygon",
        "coordinates": [
          [
            [
              139.905149,
              35.367881
            ],
            [
              139.907227,
              35.368783
            ],
            [
              139.907271,
              35.368723
            ],
            [
              139.907382,
              35.368776
            ],
            [
              139.90734,
              35.368832
            ],
            [
              139.908885,
              35.369509
            ],
            [
              139.909582,
              35.368337
            ],
            [
              139.909952,
              35.367227
            ],
            [
              139.910097,
              35.365931
            ],
            [
              139.909504,
              35.363166
            ],
            [
              139.909011,
              35.363088
            ],
            [
              139.90748,
              35.362415
            ],
            [
              139.907328,
              35.362394
            ],
            [
              139.907223,
              35.362477
            ],
            [
              139.905662,
              35.364827
            ],
            [
              139.905473,
              35.365437
            ],
            [
              139.9055,
              35.367285
            ],
            [
              139.905149,
              35.367881
            ]
          ]
        ]
      },
      "properties": {
        "id": "way/437098509",
        "osm_id": 437098509,
        "osm_type": "way",
        "name": "イオンモール木更津",
        "name_en": "",
        "lat": 35.365952,
        "lon": 139.907623,
        "brand": "イオン",
        "brand_wikidata": "Q305335",
        "mall_type": "イオンモール",
        "prefecture": "神奈川県",
        "city": "",
        "address": "神奈川県",
        "website": "",
        "opening_hours": "",
        "phone": "",
        "opening_year": "2014年10月18日",
        "area": "商業施設面積：約68,000㎡（敷地面積：約283,500㎡、延床面積：約94,700㎡、施設全体）",
        "former_building": "日本製鉄（旧・新日本製鐵）君津製鉄所の遊休地（旧「イオン木更津店」の移転オープン）",
        "demand_and_features": "木更津港に面した広大な製鉄所跡地に開発されたモールの中核店舗。カート利用がしやすい超バリアフリー設計や、敷地内に本格的なゴーカートサーキット「木更津サーキット」を併設するアミューズメント性の高さが特徴。木更津・君津・富津など房総半島西部の広域からファミリー層・シニア層が集い、衣食住すべてを網羅するエリア最大級の生活・娯楽拠点として君臨している。",
        "source": "OpenStreetMap",
        "priority": 2,
        "building_height_est_m": 22.0,
        "site_area_m2": 283500.0,
        "floor_area_m2": 68000.0,
        "polygon_coordinates": [
          [
            139.905149,
            35.367881
          ],
          [
            139.907227,
            35.368783
          ],
          [
            139.907271,
            35.368723
          ],
          [
            139.907382,
            35.368776
          ],
          [
            139.90734,
            35.368832
          ],
          [
            139.908885,
            35.369509
          ],
          [
            139.909582,
            35.368337
          ],
          [
            139.909952,
            35.367227
          ],
          [
            139.910097,
            35.365931
          ],
          [
            139.909504,
            35.363166
          ],
          [
            139.909011,
            35.363088
          ],
          [
            139.90748,
            35.362415
          ],
          [
            139.907328,
            35.362394
          ],
          [
            139.907223,
            35.362477
          ],
          [
            139.905662,
            35.364827
          ],
          [
            139.905473,
            35.365437
          ],
          [
            139.9055,
            35.367285
          ],
          [
            139.905149,
            35.367881
          ]
        ],
        "calculated_area_m2": 243798.9,
        "perimeter_m": 1998.4,
        "bbox": [
          139.905149,
          35.362394,
          139.910097,
          35.369509
        ],
        "polygon_source": "OSM_exact_footprint"
      }
    },
    {
      "type": "Feature",
      "id": "way/1447103099",
      "geometry": {
        "type": "Polygon",
        "coordinates": [
          [
            [
              139.458029,
              35.492494
            ],
            [
              139.457419,
              35.492312
            ],
            [
              139.457629,
              35.491844
            ],
            [
              139.45765,
              35.491838
            ],
            [
              139.458244,
              35.492014
            ],
            [
              139.458029,
              35.492494
            ]
          ]
        ]
      },
      "properties": {
        "id": "way/1447103099",
        "osm_id": 1447103099,
        "osm_type": "way",
        "name": "イオンスタイル下鶴間",
        "name_en": "",
        "lat": 35.492166,
        "lon": 139.457831,
        "brand": "イオン",
        "brand_wikidata": "Q305335",
        "mall_type": "イオンスタイル",
        "prefecture": "神奈川県",
        "city": "",
        "address": "神奈川県",
        "website": "",
        "opening_hours": "",
        "phone": "",
        "opening_year": "2001年12月1日",
        "area": "敷地面積: 約36,000㎡ / 延床面積: 約88,000㎡（施設全体）",
        "former_building": "いすゞ自動車（車体）大和工場跡地。※イトーヨーカドーと共同開発した「やまとオークシティ」の一角",
        "demand_and_features": "道路を挟んで競合する「イトーヨーカドー大和鶴間店」と連絡通路で接続された巨大SC「やまとオークシティ」を形成する珍しい店舗。大店立地法第1号物件。本来ライバルである2大店舗が共存共栄する形で大和市の中心的な購買・娯楽拠点を担っており、衣食住の日常利用から週末의ファミリーレジャーまで圧倒的な集客力を誇る。",
        "source": "OpenStreetMap",
        "priority": 2,
        "building_height_est_m": 16.0,
        "site_area_m2": 36000.0,
        "floor_area_m2": 88000.0,
        "polygon_coordinates": [
          [
            139.458029,
            35.492494
          ],
          [
            139.457419,
            35.492312
          ],
          [
            139.457629,
            35.491844
          ],
          [
            139.45765,
            35.491838
          ],
          [
            139.458244,
            35.492014
          ],
          [
            139.458029,
            35.492494
          ]
        ],
        "calculated_area_m2": 3320.8,
        "perimeter_m": 229.8,
        "bbox": [
          139.457419,
          35.491838,
          139.458244,
          35.492494
        ],
        "polygon_source": "OSM_exact_footprint"
      }
    },
    {
      "type": "Feature",
      "id": "way/255358774",
      "geometry": {
        "type": "Polygon",
        "coordinates": [
          [
            [
              139.538472,
              35.409351
            ],
            [
              139.538182,
              35.409432
            ],
            [
              139.5382,
              35.409473
            ],
            [
              139.537824,
              35.409585
            ],
            [
              139.537573,
              35.409026
            ],
            [
              139.537755,
              35.408974
            ],
            [
              139.537949,
              35.408922
            ],
            [
              139.538255,
              35.408843
            ],
            [
              139.538472,
              35.409351
            ]
          ]
        ]
      },
      "properties": {
        "id": "way/255358774",
        "osm_id": 255358774,
        "osm_type": "way",
        "name": "イオンスタイル戸塚",
        "name_en": "",
        "lat": 35.409214,
        "lon": 139.538023,
        "brand": "イオン",
        "brand_wikidata": "Q305335",
        "mall_type": "イオンスタイル",
        "prefecture": "神奈川県",
        "city": "横浜市",
        "address": "神奈川県横浜市戸塚区",
        "website": "",
        "opening_hours": "",
        "phone": "",
        "opening_year": "2020年3月13日（旧イオン戸塚店・ダイエー戸塚店の建て替え）",
        "area": "店舗面積：約5,310㎡",
        "former_building": "ダイエー戸塚店（1972年開業） ➔ イオン戸塚店",
        "demand_and_features": "1972年に「ダイエー戸塚店（戸塚ショッパーズプラザ）」として開業した老舗店舗を、半世紀ぶりにスクラップ＆ビルドして「イオンスタイル戸塚」としてリニューアルオープン。JR戸塚駅から少し離れた国道1号線沿いに位置。かつての大型総合スーパーから、食とヘルス＆ビューティに特化したスリムな都市型店舗にシフトした。周辺のニューファミリー層向けに惣菜や簡便食品、冷凍食品を最大強化。車での買い物客が中心のデイリー店舗。",
        "source": "OpenStreetMap",
        "priority": 2,
        "building_height_est_m": 16.0,
        "site_area_m2": 8496.0,
        "floor_area_m2": 5310.0,
        "polygon_coordinates": [
          [
            139.538472,
            35.409351
          ],
          [
            139.538182,
            35.409432
          ],
          [
            139.5382,
            35.409473
          ],
          [
            139.537824,
            35.409585
          ],
          [
            139.537573,
            35.409026
          ],
          [
            139.537755,
            35.408974
          ],
          [
            139.537949,
            35.408922
          ],
          [
            139.538255,
            35.408843
          ],
          [
            139.538472,
            35.409351
          ]
        ],
        "calculated_area_m2": 4072.8,
        "perimeter_m": 259.4,
        "bbox": [
          139.537573,
          35.408843,
          139.538472,
          35.409585
        ],
        "polygon_source": "OSM_exact_footprint"
      }
    },
    {
      "type": "Feature",
      "id": "way/658411177",
      "geometry": {
        "type": "Polygon",
        "coordinates": [
          [
            [
              139.410319,
              35.334654
            ],
            [
              139.410037,
              35.334499
            ],
            [
              139.409767,
              35.334347
            ],
            [
              139.409456,
              35.334243
            ],
            [
              139.408966,
              35.334142
            ],
            [
              139.408194,
              35.334004
            ],
            [
              139.407983,
              35.334605
            ],
            [
              139.40879,
              35.335773
            ],
            [
              139.409113,
              35.335241
            ],
            [
              139.409778,
              35.335487
            ],
            [
              139.410319,
              35.334654
            ]
          ]
        ]
      },
      "properties": {
        "id": "way/658411177",
        "osm_id": 658411177,
        "osm_type": "way",
        "name": "イオンスタイル湘南茅ヶ崎",
        "name_en": "",
        "lat": 35.334889,
        "lon": 139.409151,
        "brand": "イオン",
        "brand_wikidata": "Q305335",
        "mall_type": "イオンスタイル",
        "prefecture": "神奈川県",
        "city": "",
        "address": "神奈川県",
        "website": "",
        "opening_hours": "",
        "phone": "",
        "opening_year": "1995年3月1日（2023年6月1日に「そよら湘南茅ヶ崎」へリニューアル）",
        "area": "敷地面積: 約25,467㎡ / 商業施設面積: 約23,067㎡",
        "former_building": "茅ヶ崎サティ（ニチイ・マイカルグループが開業、日本精麦工場跡地）",
        "demand_and_features": "元「茅ヶ崎サティ」。近隣の旧ジャスコ「イオン茅ヶ崎中央店」と併存し、長年住民に愛されてきた。2023年に関東初の都市型SC「そよら湘南茅ヶ崎」に刷新され、核店舗の「イオンスタイル湘南茅ヶ崎」とともにシネコン、カフェ、各種クリニックを内包。日々の生活用事を短時間で快適に済ませられる「通い型」施設として抜群の安定感を誇る。",
        "source": "OpenStreetMap",
        "priority": 2,
        "building_height_est_m": 16.0,
        "site_area_m2": 25467.0,
        "floor_area_m2": 23067.0,
        "polygon_coordinates": [
          [
            139.410319,
            35.334654
          ],
          [
            139.410037,
            35.334499
          ],
          [
            139.409767,
            35.334347
          ],
          [
            139.409456,
            35.334243
          ],
          [
            139.408966,
            35.334142
          ],
          [
            139.408194,
            35.334004
          ],
          [
            139.407983,
            35.334605
          ],
          [
            139.40879,
            35.335773
          ],
          [
            139.409113,
            35.335241
          ],
          [
            139.409778,
            35.335487
          ],
          [
            139.410319,
            35.334654
          ]
        ],
        "calculated_area_m2": 23587.9,
        "perimeter_m": 662.7,
        "bbox": [
          139.407983,
          35.334004,
          139.410319,
          35.335773
        ],
        "polygon_source": "OSM_exact_footprint"
      }
    },
    {
      "type": "Feature",
      "id": "way/420057252",
      "geometry": {
        "type": "Polygon",
        "coordinates": [
          [
            [
              139.078681,
              37.876652
            ],
            [
              139.079858,
              37.874463
            ],
            [
              139.07995,
              37.874438
            ],
            [
              139.084106,
              37.875865
            ],
            [
              139.084134,
              37.875919
            ],
            [
              139.083774,
              37.876602
            ],
            [
              139.083218,
              37.877432
            ],
            [
              139.082737,
              37.878095
            ],
            [
              139.081549,
              37.877673
            ],
            [
              139.079966,
              37.877093
            ],
            [
              139.078681,
              37.876652
            ]
          ]
        ]
      },
      "properties": {
        "id": "way/420057252",
        "osm_id": 420057252,
        "osm_type": "way",
        "name": "イオンモール新潟南",
        "name_en": "",
        "lat": 37.876266,
        "lon": 139.081408,
        "brand": "イオン",
        "brand_wikidata": "Q305335",
        "mall_type": "イオンモール",
        "prefecture": "新潟県",
        "city": "",
        "address": "新潟県",
        "website": "",
        "opening_hours": "",
        "phone": "",
        "opening_year": "2007年10月26日",
        "area": "敷地面積: 約112,466㎡、商業施設面積: 約69,079㎡ (施設全体)",
        "former_building": "新規開発（歴史的には亀田地区へ約30年ぶりの「ジャスコ再進出」プロジェクト。開業当初のモール名は「イオン新潟南SC」、のちに「イオンモール新潟南」を経て2024年に現モール名へ改称）",
        "demand_and_features": "日本海東北自動車道「新潟亀田IC」直結という抜群の道路アクセスを誇る、新潟県下最大級のメガモール「イオンモール新潟亀田インター」の核店舗。約4,000台の駐車場、シネコン（イオンシネマ）を完備。新潟市内全域のみならず、下越地方や近隣市町村などの広域から集客する絶対的な地域商業・エンタメのハブ。館内には「モールウォーキング」コースが設定され、地域の健康増進スポットとしても機能しています。",
        "source": "OpenStreetMap",
        "priority": 2,
        "building_height_est_m": 22.0,
        "site_area_m2": 112466.0,
        "floor_area_m2": 69079.0,
        "polygon_coordinates": [
          [
            139.078681,
            37.876652
          ],
          [
            139.079858,
            37.874463
          ],
          [
            139.07995,
            37.874438
          ],
          [
            139.084106,
            37.875865
          ],
          [
            139.084134,
            37.875919
          ],
          [
            139.083774,
            37.876602
          ],
          [
            139.083218,
            37.877432
          ],
          [
            139.082737,
            37.878095
          ],
          [
            139.081549,
            37.877673
          ],
          [
            139.079966,
            37.877093
          ],
          [
            139.078681,
            37.876652
          ]
        ],
        "calculated_area_m2": 109294.7,
        "perimeter_m": 1337.0,
        "bbox": [
          139.078681,
          37.874438,
          139.084134,
          37.878095
        ],
        "polygon_source": "OSM_exact_footprint"
      }
    },
    {
      "type": "Feature",
      "id": "way/1287641022",
      "geometry": {
        "type": "Polygon",
        "coordinates": [
          [
            [
              138.995028,
              37.897008
            ],
            [
              138.995078,
              37.896975
            ],
            [
              138.995064,
              37.896963
            ],
            [
              138.995392,
              37.89675
            ],
            [
              138.995351,
              37.896714
            ],
            [
              138.9954,
              37.896679
            ],
            [
              138.995143,
              37.896435
            ],
            [
              138.995151,
              37.89643
            ],
            [
              138.995085,
              37.896366
            ],
            [
              138.995077,
              37.896371
            ],
            [
              138.994893,
              37.896195
            ],
            [
              138.994637,
              37.89636
            ],
            [
              138.994752,
              37.896474
            ],
            [
              138.994705,
              37.896505
            ],
            [
              138.994823,
              37.896622
            ],
            [
              138.994775,
              37.896647
            ],
            [
              138.994837,
              37.89671
            ],
            [
              138.994809,
              37.896729
            ],
            [
              138.994847,
              37.896767
            ],
            [
              138.994832,
              37.896779
            ],
            [
              138.994899,
              37.89687
            ],
            [
              138.995028,
              37.897008
            ]
          ]
        ]
      },
      "properties": {
        "id": "way/1287641022",
        "osm_id": 1287641022,
        "osm_type": "way",
        "name": "イオンスタイル青山西大通",
        "name_en": "",
        "lat": 37.896602,
        "lon": 138.995019,
        "brand": "イオン",
        "brand_wikidata": "Q305335",
        "mall_type": "イオンスタイル",
        "prefecture": "新潟県",
        "city": "新潟市",
        "address": "新潟県新潟市西区2",
        "website": "",
        "opening_hours": "Mo-Su 08:00-22:00",
        "phone": "",
        "opening_year": "1973年（「清水フードセンター青山店」として開業、2024年5月30日に「イオンスタイル青山西大通」へリニューアル）",
        "area": "詳細非公表（ココカラファイン等を併設する、都市型・小商圏型の食品スーパー）",
        "former_building": "清水フードセンター青山店（清水商事運営、2023年3月にイオンリテールに吸収合併）",
        "demand_and_features": "新潟市西区の主要幹線道路沿いに位置する小商圏型店舗。1973年開業の老舗「清水フードセンター青山店」を前身とし、2024年5月に「イオンスタイル」へと転換。冷凍食品や惣菜コーナーを大幅に強化し、共働き世帯や単身者の即食・簡便ニーズに特化。近隣の大型GMS「イオン新潟青山店（旧ジャスコ）」と機能的な役割分担（日常のクイックな買い分け）を形成している。",
        "source": "OpenStreetMap",
        "priority": 2,
        "building_height_est_m": 16.0,
        "site_area_m2": 2964.0,
        "floor_area_m2": 1630.2,
        "polygon_coordinates": [
          [
            138.995028,
            37.897008
          ],
          [
            138.995078,
            37.896975
          ],
          [
            138.995064,
            37.896963
          ],
          [
            138.995392,
            37.89675
          ],
          [
            138.995351,
            37.896714
          ],
          [
            138.9954,
            37.896679
          ],
          [
            138.995143,
            37.896435
          ],
          [
            138.995151,
            37.89643
          ],
          [
            138.995085,
            37.896366
          ],
          [
            138.995077,
            37.896371
          ],
          [
            138.994893,
            37.896195
          ],
          [
            138.994637,
            37.89636
          ],
          [
            138.994752,
            37.896474
          ],
          [
            138.994705,
            37.896505
          ],
          [
            138.994823,
            37.896622
          ],
          [
            138.994775,
            37.896647
          ],
          [
            138.994837,
            37.89671
          ],
          [
            138.994809,
            37.896729
          ],
          [
            138.994847,
            37.896767
          ],
          [
            138.994832,
            37.896779
          ],
          [
            138.994899,
            37.89687
          ],
          [
            138.995028,
            37.897008
          ]
        ],
        "calculated_area_m2": 2964.0,
        "perimeter_m": 249.4,
        "bbox": [
          138.994637,
          37.896195,
          138.9954,
          37.897008
        ],
        "polygon_source": "OSM_exact_footprint"
      }
    },
    {
      "type": "Feature",
      "id": "way/809617637",
      "geometry": {
        "type": "Polygon",
        "coordinates": [
          [
            [
              137.014446,
              36.724385
            ],
            [
              137.014901,
              36.724275
            ],
            [
              137.014872,
              36.724199
            ],
            [
              137.014418,
              36.724309
            ],
            [
              137.014446,
              36.724385
            ]
          ]
        ]
      },
      "properties": {
        "id": "way/809617637",
        "osm_id": 809617637,
        "osm_type": "way",
        "name": "イオンモール高岡　連絡通路",
        "name_en": "AEON Mall",
        "lat": 36.724292,
        "lon": 137.014659,
        "brand": "イオンモール",
        "brand_wikidata": "Q11286068",
        "mall_type": "イオンモール",
        "prefecture": "富山県",
        "city": "",
        "address": "富山県",
        "website": "",
        "opening_hours": "",
        "phone": "",
        "opening_year": "2002年9月19日",
        "area": "直営売場面積：約18,500㎡（商業施設面積：約82,000㎡）",
        "former_building": "新規開発（開業時は「ジャスコ高岡南店」、のちにイオン高岡南店を経て現職）",
        "demand_and_features": "高岡駅の南側、新高岡駅至近に位置する北陸最大級の超大型ショッピングセンター「イオンモール高岡」の核店舗。高岡市のみならず、射水市、砺波市、氷見市、さらには石川県能登地方からも広域集客を行う。シネコンや多数の専門店、大規模なキッズ・ファミリー向けゾーンを備え、週末は多くの家族連れで終日賑わう。富山県西部における若者や若年ファミリーの消費・レジャーの中心的な役割を担っている。",
        "source": "OpenStreetMap",
        "priority": 2,
        "building_height_est_m": 22.0,
        "site_area_m2": 29600.0,
        "floor_area_m2": 18500.0,
        "polygon_coordinates": [
          [
            137.014446,
            36.724385
          ],
          [
            137.014901,
            36.724275
          ],
          [
            137.014872,
            36.724199
          ],
          [
            137.014418,
            36.724309
          ],
          [
            137.014446,
            36.724385
          ]
        ],
        "calculated_area_m2": 371.7,
        "perimeter_m": 102.2,
        "bbox": [
          137.014418,
          36.724199,
          137.014901,
          36.724385
        ],
        "polygon_source": "OSM_exact_footprint"
      }
    },
    {
      "type": "Feature",
      "id": "way/387786539",
      "geometry": {
        "type": "Polygon",
        "coordinates": [
          [
            [
              137.014754,
              36.723903
            ],
            [
              137.014748,
              36.723867
            ],
            [
              137.014764,
              36.723831
            ],
            [
              137.014798,
              36.723808
            ],
            [
              137.015465,
              36.723647
            ],
            [
              137.015474,
              36.72365
            ],
            [
              137.015505,
              36.7236
            ],
            [
              137.015593,
              36.723637
            ],
            [
              137.015558,
              36.723689
            ],
            [
              137.015597,
              36.723696
            ],
            [
              137.017315,
              36.723277
            ],
            [
              137.0173,
              36.723239
            ],
            [
              137.018406,
              36.722975
            ],
            [
              137.01842,
              36.723012
            ],
            [
              137.018588,
              36.722971
            ],
            [
              137.018652,
              36.72296
            ],
            [
              137.018678,
              36.722958
            ],
            [
              137.018883,
              36.723466
            ],
            [
              137.018929,
              36.723798
            ],
            [
              137.018774,
              36.723834
            ],
            [
              137.018779,
              36.72385
            ],
            [
              137.018737,
              36.72386
            ],
            [
              137.018747,
              36.723886
            ],
            [
              137.018359,
              36.72398
            ],
            [
              137.018375,
              36.724019
            ],
            [
              137.017884,
              36.724136
            ],
            [
              137.017905,
              36.724188
            ],
            [
              137.017818,
              36.724208
            ],
            [
              137.017715,
              36.724233
            ],
            [
              137.017695,
              36.724182
            ],
            [
              137.017653,
              36.724193
            ],
            [
              137.017627,
              36.724131
            ],
            [
              137.017553,
              36.724149
            ],
            [
              137.017565,
              36.724181
            ],
            [
              137.017273,
              36.724253
            ],
            [
              137.017296,
              36.724314
            ],
            [
              137.017162,
              36.724346
            ],
            [
              137.01714,
              36.724286
            ],
            [
              137.01667,
              36.724397
            ],
            [
              137.016603,
              36.7244
            ],
            [
              137.016565,
              36.724388
            ],
            [
              137.016549,
              36.724383
            ],
            [
              137.016509,
              36.724356
            ],
            [
              137.015966,
              36.724486
            ],
            [
              137.015996,
              36.724561
            ],
            [
              137.015878,
              36.724599
            ],
            [
              137.015949,
              36.724631
            ],
            [
              137.015932,
              36.724657
            ],
            [
              137.015872,
              36.724748
            ],
            [
              137.015841,
              36.724736
            ],
            [
              137.0158,
              36.72472
            ],
            [
              137.015804,
              36.724781
            ],
            [
              137.015773,
              36.724787
            ],
            [
              137.015812,
              36.724891
            ],
            [
              137.015174,
              36.725034
            ],
            [
              137.014965,
              36.724471
            ],
            [
              137.014901,
              36.724275
            ],
            [
              137.014872,
              36.724199
            ],
            [
              137.014754,
              36.723903
            ]
          ]
        ]
      },
      "properties": {
        "id": "way/387786539",
        "osm_id": 387786539,
        "osm_type": "way",
        "name": "イオンモール高岡東棟",
        "name_en": "AEON Mall",
        "lat": 36.723996,
        "lon": 137.016839,
        "brand": "イオンモール",
        "brand_wikidata": "Q11286068",
        "mall_type": "イオンモール",
        "prefecture": "富山県",
        "city": "高岡市",
        "address": "富山県高岡市",
        "website": "https://takaoka-aeonmall.com/",
        "opening_hours": "",
        "phone": "",
        "opening_year": "2002年9月19日",
        "area": "直営売場面積：約18,500㎡（商業施設面積：約82,000㎡）",
        "former_building": "新規開発（開業時は「ジャスコ高岡南店」、のちにイオン高岡南店を経て現職）",
        "demand_and_features": "高岡駅の南側、新高岡駅至近に位置する北陸最大級の超大型ショッピングセンター「イオンモール高岡」の核店舗。高岡市のみならず、射水市、砺波市、氷見市、さらには石川県能登地方からも広域集客を行う。シネコンや多数の専門店、大規模なキッズ・ファミリー向けゾーンを備え、週末は多くの家族連れで終日賑わう。富山県西部における若者や若年ファミリーの消費・レジャーの中心的な役割を担っている。",
        "source": "OpenStreetMap",
        "priority": 2,
        "building_height_est_m": 22.0,
        "site_area_m2": 29600.0,
        "floor_area_m2": 18500.0,
        "polygon_coordinates": [
          [
            137.014754,
            36.723903
          ],
          [
            137.014748,
            36.723867
          ],
          [
            137.014764,
            36.723831
          ],
          [
            137.014798,
            36.723808
          ],
          [
            137.015465,
            36.723647
          ],
          [
            137.015474,
            36.72365
          ],
          [
            137.015505,
            36.7236
          ],
          [
            137.015593,
            36.723637
          ],
          [
            137.015558,
            36.723689
          ],
          [
            137.015597,
            36.723696
          ],
          [
            137.017315,
            36.723277
          ],
          [
            137.0173,
            36.723239
          ],
          [
            137.018406,
            36.722975
          ],
          [
            137.01842,
            36.723012
          ],
          [
            137.018588,
            36.722971
          ],
          [
            137.018652,
            36.72296
          ],
          [
            137.018678,
            36.722958
          ],
          [
            137.018883,
            36.723466
          ],
          [
            137.018929,
            36.723798
          ],
          [
            137.018774,
            36.723834
          ],
          [
            137.018779,
            36.72385
          ],
          [
            137.018737,
            36.72386
          ],
          [
            137.018747,
            36.723886
          ],
          [
            137.018359,
            36.72398
          ],
          [
            137.018375,
            36.724019
          ],
          [
            137.017884,
            36.724136
          ],
          [
            137.017905,
            36.724188
          ],
          [
            137.017818,
            36.724208
          ],
          [
            137.017715,
            36.724233
          ],
          [
            137.017695,
            36.724182
          ],
          [
            137.017653,
            36.724193
          ],
          [
            137.017627,
            36.724131
          ],
          [
            137.017553,
            36.724149
          ],
          [
            137.017565,
            36.724181
          ],
          [
            137.017273,
            36.724253
          ],
          [
            137.017296,
            36.724314
          ],
          [
            137.017162,
            36.724346
          ],
          [
            137.01714,
            36.724286
          ],
          [
            137.01667,
            36.724397
          ],
          [
            137.016603,
            36.7244
          ],
          [
            137.016565,
            36.724388
          ],
          [
            137.016549,
            36.724383
          ],
          [
            137.016509,
            36.724356
          ],
          [
            137.015966,
            36.724486
          ],
          [
            137.015996,
            36.724561
          ],
          [
            137.015878,
            36.724599
          ],
          [
            137.015949,
            36.724631
          ],
          [
            137.015932,
            36.724657
          ],
          [
            137.015872,
            36.724748
          ],
          [
            137.015841,
            36.724736
          ],
          [
            137.0158,
            36.72472
          ],
          [
            137.015804,
            36.724781
          ],
          [
            137.015773,
            36.724787
          ],
          [
            137.015812,
            36.724891
          ],
          [
            137.015174,
            36.725034
          ],
          [
            137.014965,
            36.724471
          ],
          [
            137.014901,
            36.724275
          ],
          [
            137.014872,
            36.724199
          ],
          [
            137.014754,
            36.723903
          ]
        ],
        "calculated_area_m2": 40098.4,
        "perimeter_m": 1076.9,
        "bbox": [
          137.014748,
          36.722958,
          137.018929,
          36.725034
        ],
        "polygon_source": "OSM_exact_footprint"
      }
    },
    {
      "type": "Feature",
      "id": "way/809617636",
      "geometry": {
        "type": "Polygon",
        "coordinates": [
          [
            [
              137.011902,
              36.725119
            ],
            [
              137.012444,
              36.725093
            ],
            [
              137.012437,
              36.724976
            ],
            [
              137.012404,
              36.724976
            ],
            [
              137.012395,
              36.724826
            ],
            [
              137.012853,
              36.724803
            ],
            [
              137.012859,
              36.724869
            ],
            [
              137.013085,
              36.724858
            ],
            [
              137.013088,
              36.724868
            ],
            [
              137.01309,
              36.724878
            ],
            [
              137.013343,
              36.724841
            ],
            [
              137.013337,
              36.724822
            ],
            [
              137.013557,
              36.724767
            ],
            [
              137.013543,
              36.72473
            ],
            [
              137.013971,
              36.724625
            ],
            [
              137.014073,
              36.72467
            ],
            [
              137.014102,
              36.724747
            ],
            [
              137.014064,
              36.724755
            ],
            [
              137.014092,
              36.724828
            ],
            [
              137.014097,
              36.724844
            ],
            [
              137.014134,
              36.724835
            ],
            [
              137.014164,
              36.724915
            ],
            [
              137.014338,
              36.724874
            ],
            [
              137.014344,
              36.724888
            ],
            [
              137.014462,
              36.724858
            ],
            [
              137.014457,
              36.724845
            ],
            [
              137.014622,
              36.724806
            ],
            [
              137.01458,
              36.724691
            ],
            [
              137.01455,
              36.724696
            ],
            [
              137.014446,
              36.724385
            ],
            [
              137.014418,
              36.724309
            ],
            [
              137.01432,
              36.724078
            ],
            [
              137.013609,
              36.724255
            ],
            [
              137.013599,
              36.724228
            ],
            [
              137.013566,
              36.724237
            ],
            [
              137.01355,
              36.724198
            ],
            [
              137.013391,
              36.724237
            ],
            [
              137.013406,
              36.724275
            ],
            [
              137.013347,
              36.724289
            ],
            [
              137.013313,
              36.724198
            ],
            [
              137.013016,
              36.72427
            ],
            [
              137.013057,
              36.724377
            ],
            [
              137.012366,
              36.72441
            ],
            [
              137.012359,
              36.724328
            ],
            [
              137.012333,
              36.72433
            ],
            [
              137.012332,
              36.724322
            ],
            [
              137.012261,
              36.724324
            ],
            [
              137.012261,
              36.724333
            ],
            [
              137.012013,
              36.724344
            ],
            [
              137.011863,
              36.724596
            ],
            [
              137.011902,
              36.725119
            ]
          ]
        ]
      },
      "properties": {
        "id": "way/809617636",
        "osm_id": 809617636,
        "osm_type": "way",
        "name": "イオンモール高岡西棟",
        "name_en": "AEON Mall",
        "lat": 36.724598,
        "lon": 137.013242,
        "brand": "イオンモール",
        "brand_wikidata": "Q11286068",
        "mall_type": "イオンモール",
        "prefecture": "富山県",
        "city": "高岡市",
        "address": "富山県高岡市",
        "website": "https://takaoka-aeonmall.com/",
        "opening_hours": "",
        "phone": "",
        "opening_year": "2002年9月19日",
        "area": "直営売場面積：約18,500㎡（商業施設面積：約82,000㎡）",
        "former_building": "新規開発（開業時は「ジャスコ高岡南店」、のちにイオン高岡南店を経て現職）",
        "demand_and_features": "高岡駅の南側、新高岡駅至近に位置する北陸最大級の超大型ショッピングセンター「イオンモール高岡」の核店舗。高岡市のみならず、射水市、砺波市、氷見市、さらには石川県能登地方からも広域集客を行う。シネコンや多数の専門店、大規模なキッズ・ファミリー向けゾーンを備え、週末は多くの家族連れで終日賑わう。富山県西部における若者や若年ファミリーの消費・レジャーの中心的な役割を担っている。",
        "source": "OpenStreetMap",
        "priority": 2,
        "building_height_est_m": 22.0,
        "site_area_m2": 29600.0,
        "floor_area_m2": 18500.0,
        "polygon_coordinates": [
          [
            137.011902,
            36.725119
          ],
          [
            137.012444,
            36.725093
          ],
          [
            137.012437,
            36.724976
          ],
          [
            137.012404,
            36.724976
          ],
          [
            137.012395,
            36.724826
          ],
          [
            137.012853,
            36.724803
          ],
          [
            137.012859,
            36.724869
          ],
          [
            137.013085,
            36.724858
          ],
          [
            137.013088,
            36.724868
          ],
          [
            137.01309,
            36.724878
          ],
          [
            137.013343,
            36.724841
          ],
          [
            137.013337,
            36.724822
          ],
          [
            137.013557,
            36.724767
          ],
          [
            137.013543,
            36.72473
          ],
          [
            137.013971,
            36.724625
          ],
          [
            137.014073,
            36.72467
          ],
          [
            137.014102,
            36.724747
          ],
          [
            137.014064,
            36.724755
          ],
          [
            137.014092,
            36.724828
          ],
          [
            137.014097,
            36.724844
          ],
          [
            137.014134,
            36.724835
          ],
          [
            137.014164,
            36.724915
          ],
          [
            137.014338,
            36.724874
          ],
          [
            137.014344,
            36.724888
          ],
          [
            137.014462,
            36.724858
          ],
          [
            137.014457,
            36.724845
          ],
          [
            137.014622,
            36.724806
          ],
          [
            137.01458,
            36.724691
          ],
          [
            137.01455,
            36.724696
          ],
          [
            137.014446,
            36.724385
          ],
          [
            137.014418,
            36.724309
          ],
          [
            137.01432,
            36.724078
          ],
          [
            137.013609,
            36.724255
          ],
          [
            137.013599,
            36.724228
          ],
          [
            137.013566,
            36.724237
          ],
          [
            137.01355,
            36.724198
          ],
          [
            137.013391,
            36.724237
          ],
          [
            137.013406,
            36.724275
          ],
          [
            137.013347,
            36.724289
          ],
          [
            137.013313,
            36.724198
          ],
          [
            137.013016,
            36.72427
          ],
          [
            137.013057,
            36.724377
          ],
          [
            137.012366,
            36.72441
          ],
          [
            137.012359,
            36.724328
          ],
          [
            137.012333,
            36.72433
          ],
          [
            137.012332,
            36.724322
          ],
          [
            137.012261,
            36.724324
          ],
          [
            137.012261,
            36.724333
          ],
          [
            137.012013,
            36.724344
          ],
          [
            137.011863,
            36.724596
          ],
          [
            137.011902,
            36.725119
          ]
        ],
        "calculated_area_m2": 15050.5,
        "perimeter_m": 765.2,
        "bbox": [
          137.011863,
          36.724078,
          137.014622,
          36.725119
        ],
        "polygon_source": "OSM_exact_footprint"
      }
    },
    {
      "type": "Feature",
      "id": "way/544502739",
      "geometry": {
        "type": "Polygon",
        "coordinates": [
          [
            [
              136.464821,
              36.395225
            ],
            [
              136.464893,
              36.394838
            ],
            [
              136.464987,
              36.394837
            ],
            [
              136.465013,
              36.394607
            ],
            [
              136.467294,
              36.394784
            ],
            [
              136.467334,
              36.394686
            ],
            [
              136.469093,
              36.394805
            ],
            [
              136.469023,
              36.395556
            ],
            [
              136.46754,
              36.395456
            ],
            [
              136.467556,
              36.395337
            ],
            [
              136.466849,
              36.395267
            ],
            [
              136.466839,
              36.395364
            ],
            [
              136.466546,
              36.395344
            ],
            [
              136.466563,
              36.395131
            ],
            [
              136.465967,
              36.395077
            ],
            [
              136.465998,
              36.395145
            ],
            [
              136.465803,
              36.395131
            ],
            [
              136.465756,
              36.395305
            ],
            [
              136.465548,
              36.395286
            ],
            [
              136.465512,
              36.395492
            ],
            [
              136.464891,
              36.395464
            ],
            [
              136.464928,
              36.395224
            ],
            [
              136.464821,
              36.395225
            ]
          ]
        ]
      },
      "properties": {
        "id": "way/544502739",
        "osm_id": 544502739,
        "osm_type": "way",
        "name": "イオンモール新小松",
        "name_en": "AEON Mall New Komatsu",
        "lat": 36.395082,
        "lon": 136.466957,
        "brand": "イオン",
        "brand_wikidata": "Q305335",
        "mall_type": "イオンモール",
        "prefecture": "石川県",
        "city": "小松市",
        "address": "石川県小松市清六町",
        "website": "https://shinkomatsu-aeonmall.com/",
        "opening_hours": "",
        "phone": "",
        "opening_year": "2017年3月24日",
        "area": "敷地面積: 約128,000㎡、商業施設面積: 約63,000㎡ (施設全体)",
        "former_building": "新規開発（小松沖地区の開発。歴史的には小松駅前の旧ジャスコ小松店を起源とする、市内第2の郊外型店）",
        "demand_and_features": "石川県南部の交通の要衝に位置する、北陸最大級の「イオンモール新小松」の核店舗。九谷焼などの伝統工芸や地元小松トマトといった地場産品のPRに力を入れており、加賀文化をふんだんに取り入れたローカライズ展開が特徴。石川県南部（小松・加賀）の生活圏を支えるだけでなく、イオンモールのない福井県嶺北地方からも多くの人々が週末レ品に訪れる、北陸南部の巨大レジャー・商業の拠点として極めて高く需要されています。",
        "source": "OpenStreetMap",
        "priority": 2,
        "building_height_est_m": 22.0,
        "site_area_m2": 128000.0,
        "floor_area_m2": 63000.0,
        "polygon_coordinates": [
          [
            136.464821,
            36.395225
          ],
          [
            136.464893,
            36.394838
          ],
          [
            136.464987,
            36.394837
          ],
          [
            136.465013,
            36.394607
          ],
          [
            136.467294,
            36.394784
          ],
          [
            136.467334,
            36.394686
          ],
          [
            136.469093,
            36.394805
          ],
          [
            136.469023,
            36.395556
          ],
          [
            136.46754,
            36.395456
          ],
          [
            136.467556,
            36.395337
          ],
          [
            136.466849,
            36.395267
          ],
          [
            136.466839,
            36.395364
          ],
          [
            136.466546,
            36.395344
          ],
          [
            136.466563,
            36.395131
          ],
          [
            136.465967,
            36.395077
          ],
          [
            136.465998,
            36.395145
          ],
          [
            136.465803,
            36.395131
          ],
          [
            136.465756,
            36.395305
          ],
          [
            136.465548,
            36.395286
          ],
          [
            136.465512,
            36.395492
          ],
          [
            136.464891,
            36.395464
          ],
          [
            136.464928,
            36.395224
          ],
          [
            136.464821,
            36.395225
          ]
        ],
        "calculated_area_m2": 27003.7,
        "perimeter_m": 1039.4,
        "bbox": [
          136.464821,
          36.394607,
          136.469093,
          36.395556
        ],
        "polygon_source": "OSM_exact_footprint"
      }
    },
    {
      "type": "Feature",
      "id": "way/849832596",
      "geometry": {
        "type": "Polygon",
        "coordinates": [
          [
            [
              136.58012,
              36.546215
            ],
            [
              136.583677,
              36.546362
            ],
            [
              136.583744,
              36.546315
            ],
            [
              136.583826,
              36.546252
            ],
            [
              136.583947,
              36.545968
            ],
            [
              136.584219,
              36.545639
            ],
            [
              136.584284,
              36.545519
            ],
            [
              136.584314,
              36.545419
            ],
            [
              136.584336,
              36.545314
            ],
            [
              136.58434,
              36.54518
            ],
            [
              136.584353,
              36.542863
            ],
            [
              136.584194,
              36.542736
            ],
            [
              136.583592,
              36.54275
            ],
            [
              136.581829,
              36.542791
            ],
            [
              136.581504,
              36.542802
            ],
            [
              136.580178,
              36.542816
            ],
            [
              136.579781,
              36.542864
            ],
            [
              136.57973,
              36.542905
            ],
            [
              136.580024,
              36.546095
            ],
            [
              136.580116,
              36.546093
            ],
            [
              136.58012,
              36.546215
            ]
          ]
        ]
      },
      "properties": {
        "id": "way/849832596",
        "osm_id": 849832596,
        "osm_type": "way",
        "name": "イオンモール白山",
        "name_en": "",
        "lat": 36.544549,
        "lon": 136.582042,
        "brand": "イオン",
        "brand_wikidata": "Q305335",
        "mall_type": "イオンモール",
        "prefecture": "石川県",
        "city": "白山市",
        "address": "石川県白山市横江町",
        "website": "https://hakusan.aeonmall.com",
        "opening_hours": "",
        "phone": "",
        "opening_year": "2021年7月19日",
        "area": "直営売場面積：約19,000㎡（商業施設面積：約74,000㎡）",
        "former_building": "新規開発（北陸最大級のイオンモール白山の核店舗としてオープン）",
        "demand_and_features": "金沢市西部に隣接する白山市横江地区の再開発地に誕生した、北陸最新のフラッグシップ店舗。国道8号線バイパスや海側環状線からのアクセスに極めて優れる。最新の「イオンスタイル」として、充実した冷凍食品専門コーナーや惣菜デリ、北陸初出店の専門店を多数擁する。体験型の買い物スペースや、スマートレジ（レジゴー）などのDXを推進し、若いファミリー層からシニア層まで、北陸3県から広域集客を誇る新たなランドマーク。",
        "source": "OpenStreetMap",
        "priority": 2,
        "building_height_est_m": 22.0,
        "site_area_m2": 30400.0,
        "floor_area_m2": 19000.0,
        "polygon_coordinates": [
          [
            136.58012,
            36.546215
          ],
          [
            136.583677,
            36.546362
          ],
          [
            136.583744,
            36.546315
          ],
          [
            136.583826,
            36.546252
          ],
          [
            136.583947,
            36.545968
          ],
          [
            136.584219,
            36.545639
          ],
          [
            136.584284,
            36.545519
          ],
          [
            136.584314,
            36.545419
          ],
          [
            136.584336,
            36.545314
          ],
          [
            136.58434,
            36.54518
          ],
          [
            136.584353,
            36.542863
          ],
          [
            136.584194,
            36.542736
          ],
          [
            136.583592,
            36.54275
          ],
          [
            136.581829,
            36.542791
          ],
          [
            136.581504,
            36.542802
          ],
          [
            136.580178,
            36.542816
          ],
          [
            136.579781,
            36.542864
          ],
          [
            136.57973,
            36.542905
          ],
          [
            136.580024,
            36.546095
          ],
          [
            136.580116,
            36.546093
          ],
          [
            136.58012,
            36.546215
          ]
        ],
        "calculated_area_m2": 151928.5,
        "perimeter_m": 1519.3,
        "bbox": [
          136.57973,
          36.542736,
          136.584353,
          36.546362
        ],
        "polygon_source": "OSM_exact_footprint"
      }
    },
    {
      "type": "Feature",
      "id": "way/244677548",
      "geometry": {
        "type": "Polygon",
        "coordinates": [
          [
            [
              136.820652,
              35.392486
            ],
            [
              136.820671,
              35.39242
            ],
            [
              136.820839,
              35.391835
            ],
            [
              136.82239,
              35.392176
            ],
            [
              136.822746,
              35.392051
            ],
            [
              136.823119,
              35.391957
            ],
            [
              136.823506,
              35.391948
            ],
            [
              136.823844,
              35.391651
            ],
            [
              136.82379,
              35.391572
            ],
            [
              136.824407,
              35.391026
            ],
            [
              136.825276,
              35.391717
            ],
            [
              136.825015,
              35.391937
            ],
            [
              136.824793,
              35.392123
            ],
            [
              136.82489,
              35.392218
            ],
            [
              136.824677,
              35.392393
            ],
            [
              136.824499,
              35.392252
            ],
            [
              136.824063,
              35.392681
            ],
            [
              136.82431,
              35.393538
            ],
            [
              136.82347,
              35.393714
            ],
            [
              136.823202,
              35.393651
            ],
            [
              136.822999,
              35.39298
            ],
            [
              136.822274,
              35.392832
            ],
            [
              136.820652,
              35.392486
            ]
          ]
        ]
      },
      "properties": {
        "id": "way/244677548",
        "osm_id": 244677548,
        "osm_type": "way",
        "name": "イオンモール各務原インター",
        "name_en": "",
        "lat": 35.39237,
        "lon": 136.822964,
        "brand": "イオン",
        "brand_wikidata": "Q305335",
        "mall_type": "イオンモール",
        "prefecture": "岐阜県",
        "city": "",
        "address": "岐阜県",
        "website": "",
        "opening_hours": "",
        "phone": "",
        "opening_year": "2007年7月28日",
        "area": "95,157 m² (敷地面積 145,822 m²)",
        "former_building": "新規開業 (核店舗はジャスコ各務原店からイオン各務原店を経て現職)",
        "demand_and_features": "岐阜県最大級のメガモール「イオンモール各務原インター」の核店舗。東海北陸自動車道「各務原IC」至近、国道21号バイパス沿いという圧倒的な車社会に適応した郊外型・広域集客型モール。シネマコンプレックス（イオンシネマ）や200以上の専門店街、約6,000台の駐車場を備え、日常の買い物需要に加え、週末のレジャー・エンターテインメント施設として岐阜県内および愛知県北部からも絶大な集客力を誇る。2023年末の改装で衣料品売場を専門店化するなど、先進的な売り場づくりを展開している。",
        "source": "OpenStreetMap",
        "priority": 2,
        "building_height_est_m": 22.0,
        "site_area_m2": 145822.0,
        "floor_area_m2": 65619.9,
        "polygon_coordinates": [
          [
            136.820652,
            35.392486
          ],
          [
            136.820671,
            35.39242
          ],
          [
            136.820839,
            35.391835
          ],
          [
            136.82239,
            35.392176
          ],
          [
            136.822746,
            35.392051
          ],
          [
            136.823119,
            35.391957
          ],
          [
            136.823506,
            35.391948
          ],
          [
            136.823844,
            35.391651
          ],
          [
            136.82379,
            35.391572
          ],
          [
            136.824407,
            35.391026
          ],
          [
            136.825276,
            35.391717
          ],
          [
            136.825015,
            35.391937
          ],
          [
            136.824793,
            35.392123
          ],
          [
            136.82489,
            35.392218
          ],
          [
            136.824677,
            35.392393
          ],
          [
            136.824499,
            35.392252
          ],
          [
            136.824063,
            35.392681
          ],
          [
            136.82431,
            35.393538
          ],
          [
            136.82347,
            35.393714
          ],
          [
            136.823202,
            35.393651
          ],
          [
            136.822999,
            35.39298
          ],
          [
            136.822274,
            35.392832
          ],
          [
            136.820652,
            35.392486
          ]
        ],
        "calculated_area_m2": 47861.6,
        "perimeter_m": 1258.2,
        "bbox": [
          136.820652,
          35.391026,
          136.825276,
          35.393714
        ],
        "polygon_source": "OSM_exact_footprint"
      }
    },
    {
      "type": "Feature",
      "id": "way/230421369",
      "geometry": {
        "type": "Polygon",
        "coordinates": [
          [
            [
              136.77458,
              35.350881
            ],
            [
              136.774998,
              35.350142
            ],
            [
              136.774392,
              35.34991
            ],
            [
              136.774403,
              35.349717
            ],
            [
              136.774295,
              35.34959
            ],
            [
              136.774156,
              35.34952
            ],
            [
              136.774118,
              35.348956
            ],
            [
              136.774328,
              35.348943
            ],
            [
              136.774306,
              35.347941
            ],
            [
              136.772842,
              35.34795
            ],
            [
              136.772879,
              35.348816
            ],
            [
              136.773051,
              35.348816
            ],
            [
              136.773078,
              35.349004
            ],
            [
              136.773174,
              35.348978
            ],
            [
              136.773346,
              35.350579
            ],
            [
              136.77458,
              35.350881
            ]
          ]
        ]
      },
      "properties": {
        "id": "way/230421369",
        "osm_id": 230421369,
        "osm_type": "way",
        "name": "イオンモール木曽川キリオ",
        "name_en": "",
        "lat": 35.349411,
        "lon": 136.77392,
        "brand": "イオン",
        "brand_wikidata": "Q305335",
        "mall_type": "イオンモール",
        "prefecture": "岐阜県",
        "city": "",
        "address": "岐阜県",
        "website": "",
        "opening_hours": "",
        "phone": "",
        "opening_year": "2004年6月24日（ダイヤモンドシティ・キリオの核店舗「ジャスコ木曽川店」として開業）",
        "area": "約19,000 m²（直営売場面積、イオンモール木曽川全体の店舗面積は約63,000 m²）",
        "former_building": "ジャスコ木曽川店（ダイヤモンドシティ・キリオ）",
        "demand_and_features": "愛知県一宮市北部に位置する「イオンモール木曽川」の核店舗. 名鉄名古屋本線黒田駅から徒歩約3分と駅チカであり、かつ主要幹線道路やICにも近いため、一宮市や木曽川を越えた岐阜県南部（各務原市・羽島市など）から非常に広い範囲の顧客を集める。周辺のニュータウン開発に伴って流入した30〜40代ファミリーを中心に絶大な支持を得ており、週末は専門店街やアミューズメント施設とともに非常に高い集客力を見せる。キッズ用品や生鮮食品、生活雑貨の品揃えが豊富で地域の生活の要。",
        "source": "OpenStreetMap",
        "priority": 2,
        "building_height_est_m": 22.0,
        "site_area_m2": 100800.0,
        "floor_area_m2": 63000.0,
        "polygon_coordinates": [
          [
            136.77458,
            35.350881
          ],
          [
            136.774998,
            35.350142
          ],
          [
            136.774392,
            35.34991
          ],
          [
            136.774403,
            35.349717
          ],
          [
            136.774295,
            35.34959
          ],
          [
            136.774156,
            35.34952
          ],
          [
            136.774118,
            35.348956
          ],
          [
            136.774328,
            35.348943
          ],
          [
            136.774306,
            35.347941
          ],
          [
            136.772842,
            35.34795
          ],
          [
            136.772879,
            35.348816
          ],
          [
            136.773051,
            35.348816
          ],
          [
            136.773078,
            35.349004
          ],
          [
            136.773174,
            35.348978
          ],
          [
            136.773346,
            35.350579
          ],
          [
            136.77458,
            35.350881
          ]
        ],
        "calculated_area_m2": 36330.4,
        "perimeter_m": 965.6,
        "bbox": [
          136.772842,
          35.347941,
          136.774998,
          35.350881
        ],
        "polygon_source": "OSM_exact_footprint"
      }
    },
    {
      "type": "Feature",
      "id": "way/189307274",
      "geometry": {
        "type": "Polygon",
        "coordinates": [
          [
            [
              137.761187,
              34.740641
            ],
            [
              137.76131,
              34.739821
            ],
            [
              137.761514,
              34.738477
            ],
            [
              137.762533,
              34.73856
            ],
            [
              137.762447,
              34.739182
            ],
            [
              137.762528,
              34.739336
            ],
            [
              137.762801,
              34.739588
            ],
            [
              137.762989,
              34.739663
            ],
            [
              137.763654,
              34.739729
            ],
            [
              137.764421,
              34.739804
            ],
            [
              137.76506,
              34.739848
            ],
            [
              137.765049,
              34.739976
            ],
            [
              137.765129,
              34.73998
            ],
            [
              137.764995,
              34.741179
            ],
            [
              137.763917,
              34.741073
            ],
            [
              137.763928,
              34.740954
            ],
            [
              137.763821,
              34.740945
            ],
            [
              137.763831,
              34.74084
            ],
            [
              137.761187,
              34.740641
            ]
          ]
        ]
      },
      "properties": {
        "id": "way/189307274",
        "osm_id": 189307274,
        "osm_type": "way",
        "name": "イオンモール浜松市野",
        "name_en": "AEON",
        "lat": 34.739828,
        "lon": 137.763158,
        "brand": "イオン",
        "brand_wikidata": "Q305335",
        "mall_type": "イオンモール",
        "prefecture": "静岡県",
        "city": "浜松市",
        "address": "静岡県浜松市中央区",
        "website": "https://www.aeon.jp/sc/hamamatsuichino/",
        "opening_hours": "09:00-22:00",
        "phone": "053-468-1880",
        "opening_year": "2005年6月24日",
        "area": "直営売場面積：約18,000㎡（商業施設面積：約57,000㎡）",
        "former_building": "新規開発（開業時は「ジャスコ浜松市野店」）",
        "demand_and_features": "浜松市の中心部から北東へ車で15分、東名高速浜松ICや環状線に近い「イオンモール浜松市野」の核店舗。旧ジャスコ浜松市野店。旧浜松市内の最大級のショッピングセンターであり、磐田市や袋井市などの周辺自治体からも広く集客する。圧倒的な専門店数とアミューズメント施設を有し、週末は若者やファミリーで大混雑。直営食品売場も深夜まで営業しており、地元の日常消費と週末レジャーの両面で圧倒的なシェア獲得に繋がっている。",
        "source": "OpenStreetMap",
        "priority": 2,
        "building_height_est_m": 22.0,
        "site_area_m2": 28800.0,
        "floor_area_m2": 18000.0,
        "polygon_coordinates": [
          [
            137.761187,
            34.740641
          ],
          [
            137.76131,
            34.739821
          ],
          [
            137.761514,
            34.738477
          ],
          [
            137.762533,
            34.73856
          ],
          [
            137.762447,
            34.739182
          ],
          [
            137.762528,
            34.739336
          ],
          [
            137.762801,
            34.739588
          ],
          [
            137.762989,
            34.739663
          ],
          [
            137.763654,
            34.739729
          ],
          [
            137.764421,
            34.739804
          ],
          [
            137.76506,
            34.739848
          ],
          [
            137.765049,
            34.739976
          ],
          [
            137.765129,
            34.73998
          ],
          [
            137.764995,
            34.741179
          ],
          [
            137.763917,
            34.741073
          ],
          [
            137.763928,
            34.740954
          ],
          [
            137.763821,
            34.740945
          ],
          [
            137.763831,
            34.74084
          ],
          [
            137.761187,
            34.740641
          ]
        ],
        "calculated_area_m2": 57242.3,
        "perimeter_m": 1201.2,
        "bbox": [
          137.761187,
          34.738477,
          137.765129,
          34.741179
        ],
        "polygon_source": "OSM_exact_footprint"
      }
    },
    {
      "type": "Feature",
      "id": "way/189307792",
      "geometry": {
        "type": "Polygon",
        "coordinates": [
          [
            [
              137.653192,
              34.697802
            ],
            [
              137.653098,
              34.697797
            ],
            [
              137.652156,
              34.697739
            ],
            [
              137.651824,
              34.697719
            ],
            [
              137.65102,
              34.69767
            ],
            [
              137.650974,
              34.697667
            ],
            [
              137.650871,
              34.69766
            ],
            [
              137.650682,
              34.697649
            ],
            [
              137.650602,
              34.697644
            ],
            [
              137.650538,
              34.69764
            ],
            [
              137.650181,
              34.697619
            ],
            [
              137.650059,
              34.697612
            ],
            [
              137.649635,
              34.697586
            ],
            [
              137.649259,
              34.697564
            ],
            [
              137.648602,
              34.697525
            ],
            [
              137.648481,
              34.697518
            ],
            [
              137.648406,
              34.697452
            ],
            [
              137.648406,
              34.697338
            ],
            [
              137.648404,
              34.697304
            ],
            [
              137.648399,
              34.697231
            ],
            [
              137.648389,
              34.697126
            ],
            [
              137.648379,
              34.69707
            ],
            [
              137.648365,
              34.696997
            ],
            [
              137.648786,
              34.696609
            ],
            [
              137.648848,
              34.696556
            ],
            [
              137.648914,
              34.696508
            ],
            [
              137.648985,
              34.696463
            ],
            [
              137.649536,
              34.696149
            ],
            [
              137.649615,
              34.696102
            ],
            [
              137.649689,
              34.69605
            ],
            [
              137.649758,
              34.695993
            ],
            [
              137.649822,
              34.695932
            ],
            [
              137.649863,
              34.69589
            ],
            [
              137.649911,
              34.695856
            ],
            [
              137.649967,
              34.695833
            ],
            [
              137.650031,
              34.695823
            ],
            [
              137.65009,
              34.695819
            ],
            [
              137.650151,
              34.695804
            ],
            [
              137.650207,
              34.695781
            ],
            [
              137.65032,
              34.695723
            ],
            [
              137.65043,
              34.695774
            ],
            [
              137.650521,
              34.695819
            ],
            [
              137.650615,
              34.695864
            ],
            [
              137.650711,
              34.695907
            ],
            [
              137.65083,
              34.695958
            ],
            [
              137.65095,
              34.696007
            ],
            [
              137.651071,
              34.696054
            ],
            [
              137.651194,
              34.696098
            ],
            [
              137.651252,
              34.696118
            ],
            [
              137.651318,
              34.696141
            ],
            [
              137.651443,
              34.696181
            ],
            [
              137.652001,
              34.696355
            ],
            [
              137.652039,
              34.696367
            ],
            [
              137.652367,
              34.696467
            ],
            [
              137.653282,
              34.696733
            ],
            [
              137.653304,
              34.696739
            ],
            [
              137.653337,
              34.696778
            ],
            [
              137.653246,
              34.697761
            ],
            [
              137.653192,
              34.697802
            ]
          ]
        ]
      },
      "properties": {
        "id": "way/189307792",
        "osm_id": 189307792,
        "osm_type": "way",
        "name": "イオンモール浜松志都呂",
        "name_en": "AEON MALL",
        "lat": 34.696763,
        "lon": 137.650851,
        "brand": "イオン",
        "brand_wikidata": "Q305335",
        "mall_type": "イオンモール",
        "prefecture": "静岡県",
        "city": "",
        "address": "静岡県",
        "website": "https://hamamatsushitoro-aeonmall.com/",
        "opening_hours": "",
        "phone": "",
        "opening_year": "2004年8月6日",
        "area": "直営売場面積：約19,000㎡（商業施設面積：約65,000㎡）",
        "former_building": "新規開発（開業時は「ジャスコ浜松志都呂店」）",
        "demand_and_features": "浜松市西部の主要エリア、浜名湖に近い志都呂地区に位置する「イオンモール浜松志都呂」の核店舗。旧ジャスコ浜松志都呂店。周辺の志都呂・雄踏地区の新興ベッドタウン化に伴い開業。車社会の遠州地方に対応した約3,500台の駐車場を備え、湖西市や豊橋市方面からの来客も多い。週末のファミリーの広域レジャー需要や、大型子供用品、ファッション、デイリー食品までカバーする、地域ナンバーワンのGMSとしての役割を全うしている。",
        "source": "OpenStreetMap",
        "priority": 2,
        "building_height_est_m": 22.0,
        "site_area_m2": 30400.0,
        "floor_area_m2": 19000.0,
        "polygon_coordinates": [
          [
            137.653192,
            34.697802
          ],
          [
            137.653098,
            34.697797
          ],
          [
            137.652156,
            34.697739
          ],
          [
            137.651824,
            34.697719
          ],
          [
            137.65102,
            34.69767
          ],
          [
            137.650974,
            34.697667
          ],
          [
            137.650871,
            34.69766
          ],
          [
            137.650682,
            34.697649
          ],
          [
            137.650602,
            34.697644
          ],
          [
            137.650538,
            34.69764
          ],
          [
            137.650181,
            34.697619
          ],
          [
            137.650059,
            34.697612
          ],
          [
            137.649635,
            34.697586
          ],
          [
            137.649259,
            34.697564
          ],
          [
            137.648602,
            34.697525
          ],
          [
            137.648481,
            34.697518
          ],
          [
            137.648406,
            34.697452
          ],
          [
            137.648406,
            34.697338
          ],
          [
            137.648404,
            34.697304
          ],
          [
            137.648399,
            34.697231
          ],
          [
            137.648389,
            34.697126
          ],
          [
            137.648379,
            34.69707
          ],
          [
            137.648365,
            34.696997
          ],
          [
            137.648786,
            34.696609
          ],
          [
            137.648848,
            34.696556
          ],
          [
            137.648914,
            34.696508
          ],
          [
            137.648985,
            34.696463
          ],
          [
            137.649536,
            34.696149
          ],
          [
            137.649615,
            34.696102
          ],
          [
            137.649689,
            34.69605
          ],
          [
            137.649758,
            34.695993
          ],
          [
            137.649822,
            34.695932
          ],
          [
            137.649863,
            34.69589
          ],
          [
            137.649911,
            34.695856
          ],
          [
            137.649967,
            34.695833
          ],
          [
            137.650031,
            34.695823
          ],
          [
            137.65009,
            34.695819
          ],
          [
            137.650151,
            34.695804
          ],
          [
            137.650207,
            34.695781
          ],
          [
            137.65032,
            34.695723
          ],
          [
            137.65043,
            34.695774
          ],
          [
            137.650521,
            34.695819
          ],
          [
            137.650615,
            34.695864
          ],
          [
            137.650711,
            34.695907
          ],
          [
            137.65083,
            34.695958
          ],
          [
            137.65095,
            34.696007
          ],
          [
            137.651071,
            34.696054
          ],
          [
            137.651194,
            34.696098
          ],
          [
            137.651252,
            34.696118
          ],
          [
            137.651318,
            34.696141
          ],
          [
            137.651443,
            34.696181
          ],
          [
            137.652001,
            34.696355
          ],
          [
            137.652039,
            34.696367
          ],
          [
            137.652367,
            34.696467
          ],
          [
            137.653282,
            34.696733
          ],
          [
            137.653304,
            34.696739
          ],
          [
            137.653337,
            34.696778
          ],
          [
            137.653246,
            34.697761
          ],
          [
            137.653192,
            34.697802
          ]
        ],
        "calculated_area_m2": 68756.1,
        "perimeter_m": 1141.3,
        "bbox": [
          137.648365,
          34.695723,
          137.653337,
          34.697802
        ],
        "polygon_source": "OSM_exact_footprint"
      }
    },
    {
      "type": "Feature",
      "id": "way/1286275161",
      "geometry": {
        "type": "Polygon",
        "coordinates": [
          [
            [
              137.703157,
              34.697838
            ],
            [
              137.703616,
              34.697731
            ],
            [
              137.703672,
              34.69789
            ],
            [
              137.703697,
              34.697884
            ],
            [
              137.703736,
              34.697997
            ],
            [
              137.70371,
              34.698002
            ],
            [
              137.703815,
              34.698303
            ],
            [
              137.703355,
              34.69841
            ],
            [
              137.703181,
              34.697908
            ],
            [
              137.703145,
              34.697917
            ],
            [
              137.703126,
              34.697865
            ],
            [
              137.703163,
              34.697856
            ],
            [
              137.703157,
              34.697838
            ]
          ]
        ]
      },
      "properties": {
        "id": "way/1286275161",
        "osm_id": 1286275161,
        "osm_type": "way",
        "name": "イオンスタイル浜松西伊場",
        "name_en": "AEON STYLE",
        "lat": 34.698071,
        "lon": 137.70347,
        "brand": "イオン",
        "brand_wikidata": "Q11285951",
        "mall_type": "イオンスタイル",
        "prefecture": "静岡県",
        "city": "",
        "address": "静岡県",
        "website": "",
        "opening_hours": "08:00-22:00",
        "phone": "",
        "opening_year": "2023年10月28日",
        "area": "店舗面積：約1,950㎡",
        "former_building": "新規開発（日本たばこ産業(JT)浜松工場跡地のスマートタウン再開発）",
        "demand_and_features": "浜松市中央区西伊場町の先進的エコタウン開発地域にオープンした最新の食品・ヘルスケア特化型スーパー。売場には、地場農産物や浜名湖周辺の鮮魚、こだわりの惣菜を豊富に揃えるほか、調剤薬局やドラッグ・化粧品ゾーンが充実。周辺に新築されたZEH住宅街の若い子育てファミリー層の時短・スマート消費にマッチ。エコ推進とスマートレジを体験できる次世代店舗として人気急上昇中である。",
        "source": "OpenStreetMap",
        "priority": 2,
        "building_height_est_m": 16.0,
        "site_area_m2": 3120.0,
        "floor_area_m2": 1950.0,
        "polygon_coordinates": [
          [
            137.703157,
            34.697838
          ],
          [
            137.703616,
            34.697731
          ],
          [
            137.703672,
            34.69789
          ],
          [
            137.703697,
            34.697884
          ],
          [
            137.703736,
            34.697997
          ],
          [
            137.70371,
            34.698002
          ],
          [
            137.703815,
            34.698303
          ],
          [
            137.703355,
            34.69841
          ],
          [
            137.703181,
            34.697908
          ],
          [
            137.703145,
            34.697917
          ],
          [
            137.703126,
            34.697865
          ],
          [
            137.703163,
            34.697856
          ],
          [
            137.703157,
            34.697838
          ]
        ],
        "calculated_area_m2": 2928.0,
        "perimeter_m": 230.9,
        "bbox": [
          137.703126,
          34.697731,
          137.703815,
          34.69841
        ],
        "polygon_source": "OSM_exact_footprint"
      }
    },
    {
      "type": "Feature",
      "id": "way/274202739",
      "geometry": {
        "type": "Polygon",
        "coordinates": [
          [
            [
              136.826737,
              35.105131
            ],
            [
              136.826773,
              35.10511
            ],
            [
              136.82697,
              35.103384
            ],
            [
              136.826975,
              35.103334
            ],
            [
              136.826979,
              35.1033
            ],
            [
              136.82705,
              35.102678
            ],
            [
              136.826999,
              35.102685
            ],
            [
              136.826793,
              35.101761
            ],
            [
              136.826773,
              35.101741
            ],
            [
              136.820763,
              35.102019
            ],
            [
              136.820728,
              35.102056
            ],
            [
              136.821102,
              35.104597
            ],
            [
              136.821178,
              35.105094
            ],
            [
              136.82298,
              35.104929
            ],
            [
              136.823151,
              35.104913
            ],
            [
              136.823272,
              35.1054
            ],
            [
              136.823317,
              35.105426
            ],
            [
              136.826737,
              35.105131
            ]
          ]
        ]
      },
      "properties": {
        "id": "way/274202739",
        "osm_id": 274202739,
        "osm_type": "way",
        "name": "イオンモール 名古屋茶屋",
        "name_en": "",
        "lat": 35.103583,
        "lon": 136.823889,
        "brand": "イオン",
        "brand_wikidata": "Q305335",
        "mall_type": "イオンモール",
        "prefecture": "愛知県",
        "city": "",
        "address": "愛知県",
        "website": "",
        "opening_hours": "",
        "phone": "",
        "opening_year": "2014年6月27日（イオンモール名古屋茶屋の核店舗として開業）",
        "area": "約19,000 m²（直営売場面積、イオンモール全体の総賃貸面積は約75,000 m²）",
        "former_building": "新規開発",
        "demand_and_features": "名古屋市南西部の港区茶屋地区における大規模な土地区画整理事業地内に新規開発された、超大型商業施設「イオンモール名古屋茶屋」の核店舗。周辺の宅地開発に伴って流入した30〜40代の若年ファミリー層を主ターゲットとする。最新の冷凍食品やデリカ、地場産の新鮮野菜などの食料品を強力に展開。デジタル技術を活用した「レジゴー」やスマートレジもいち早く導入。広大な平面・立体駐車場やシネマコンプレックスを併設し、週末の家族連れのワンストップショッピングおよびレジャー需要を一手に担う地域の商業の中心地。",
        "source": "OpenStreetMap",
        "priority": 2,
        "building_height_est_m": 22.0,
        "site_area_m2": 120000.0,
        "floor_area_m2": 75000.0,
        "polygon_coordinates": [
          [
            136.826737,
            35.105131
          ],
          [
            136.826773,
            35.10511
          ],
          [
            136.82697,
            35.103384
          ],
          [
            136.826975,
            35.103334
          ],
          [
            136.826979,
            35.1033
          ],
          [
            136.82705,
            35.102678
          ],
          [
            136.826999,
            35.102685
          ],
          [
            136.826793,
            35.101761
          ],
          [
            136.826773,
            35.101741
          ],
          [
            136.820763,
            35.102019
          ],
          [
            136.820728,
            35.102056
          ],
          [
            136.821102,
            35.104597
          ],
          [
            136.821178,
            35.105094
          ],
          [
            136.82298,
            35.104929
          ],
          [
            136.823151,
            35.104913
          ],
          [
            136.823272,
            35.1054
          ],
          [
            136.823317,
            35.105426
          ],
          [
            136.826737,
            35.105131
          ]
        ],
        "calculated_area_m2": 198061.8,
        "perimeter_m": 1831.3,
        "bbox": [
          136.820728,
          35.101741,
          136.82705,
          35.105426
        ],
        "polygon_source": "OSM_exact_footprint"
      }
    },
    {
      "type": "Feature",
      "id": "way/604103494",
      "geometry": {
        "type": "Polygon",
        "coordinates": [
          [
            [
              136.911211,
              35.134781
            ],
            [
              136.911208,
              35.134855
            ],
            [
              136.910839,
              35.134848
            ],
            [
              136.910837,
              35.13489
            ],
            [
              136.910816,
              35.13489
            ],
            [
              136.910798,
              35.134889
            ],
            [
              136.910784,
              35.135297
            ],
            [
              136.910778,
              35.135536
            ],
            [
              136.911322,
              35.135545
            ],
            [
              136.911322,
              35.135532
            ],
            [
              136.911322,
              35.135508
            ],
            [
              136.911332,
              35.135259
            ],
            [
              136.911407,
              35.135264
            ],
            [
              136.911418,
              35.13486
            ],
            [
              136.911341,
              35.134858
            ],
            [
              136.911343,
              35.134783
            ],
            [
              136.911311,
              35.134783
            ],
            [
              136.911211,
              35.134781
            ]
          ]
        ]
      },
      "properties": {
        "id": "way/604103494",
        "osm_id": 604103494,
        "osm_type": "way",
        "name": "イオンモールアネックス",
        "name_en": "",
        "lat": 35.135163,
        "lon": 136.911098,
        "brand": "イオン",
        "brand_wikidata": "Q305335",
        "mall_type": "イオンモール",
        "prefecture": "愛知県",
        "city": "",
        "address": "愛知県",
        "website": "",
        "opening_hours": "",
        "phone": "",
        "opening_year": "2003年7月5日",
        "area": "直営売場面積：約19,800㎡（商業施設面積：約62,000㎡）",
        "former_building": "新規開発（開業時は「ジャスコ熱田店」）",
        "demand_and_features": "名古屋市熱田区、金山総合駅から徒歩圏内（シャトルバス運行）の便利な立地に構える超大型総合スーパー。旧ジャスコ熱田店。中区や瑞穂区、昭和区といった名古屋市中心部からの集客力も非常に高く、都心部と郊外モールの利便性を兼ね備える。衣料品、食品、インテリア、育児用品までフルラインの最先端MDを展開。ファミリーから単身者、外国人観光客まで幅広い層の多様な都市生活ニーズに完璧に応えている。",
        "source": "OpenStreetMap",
        "priority": 2,
        "building_height_est_m": 22.0,
        "site_area_m2": 31680.0,
        "floor_area_m2": 19800.0,
        "polygon_coordinates": [
          [
            136.911211,
            35.134781
          ],
          [
            136.911208,
            35.134855
          ],
          [
            136.910839,
            35.134848
          ],
          [
            136.910837,
            35.13489
          ],
          [
            136.910816,
            35.13489
          ],
          [
            136.910798,
            35.134889
          ],
          [
            136.910784,
            35.135297
          ],
          [
            136.910778,
            35.135536
          ],
          [
            136.911322,
            35.135545
          ],
          [
            136.911322,
            35.135532
          ],
          [
            136.911322,
            35.135508
          ],
          [
            136.911332,
            35.135259
          ],
          [
            136.911407,
            35.135264
          ],
          [
            136.911418,
            35.13486
          ],
          [
            136.911341,
            35.134858
          ],
          [
            136.911343,
            35.134783
          ],
          [
            136.911311,
            35.134783
          ],
          [
            136.911211,
            35.134781
          ]
        ],
        "calculated_area_m2": 4162.5,
        "perimeter_m": 281.6,
        "bbox": [
          136.910778,
          35.134781,
          136.911418,
          35.135545
        ],
        "polygon_source": "OSM_exact_footprint"
      }
    },
    {
      "type": "Feature",
      "id": "way/195842672",
      "geometry": {
        "type": "Polygon",
        "coordinates": [
          [
            [
              136.945438,
              35.054183
            ],
            [
              136.945395,
              35.054056
            ],
            [
              136.947219,
              35.050951
            ],
            [
              136.947884,
              35.051052
            ],
            [
              136.94974,
              35.051808
            ],
            [
              136.948218,
              35.054608
            ],
            [
              136.947497,
              35.054328
            ],
            [
              136.947194,
              35.054803
            ],
            [
              136.947087,
              35.054844
            ],
            [
              136.945438,
              35.054183
            ]
          ]
        ]
      },
      "properties": {
        "id": "way/195842672",
        "osm_id": 195842672,
        "osm_type": "way",
        "name": "イオンモール大高",
        "name_en": "",
        "lat": 35.052898,
        "lon": 136.947567,
        "brand": "イオン",
        "brand_wikidata": "Q305335",
        "mall_type": "イオンモール",
        "prefecture": "愛知県",
        "city": "",
        "address": "愛知県",
        "website": "",
        "opening_hours": "",
        "phone": "",
        "opening_year": "2008年3月25日（核店舗のジャスコ大高店として開業）",
        "area": "約21,000 m²（直営売場面積、イオンモール全体の商業施設面積は約76,000 m²）",
        "former_building": "新規開発（核店舗はジャスコ大高店として開業し、2011年にイオン大高店へ）",
        "demand_and_features": "JR東海道本線南大高駅に直結し、知多半島道路大高ICや国道23号などの主要幹線道路に近い極めて交通利便性の高い立地にある超大型ショッピングモールの核店舗。周辺の名古屋市緑区や大府市、東海市などの広域からファミリー層を中心に絶大な集客力を誇る。食品からファッション、生活雑貨まで網羅するフルラインの直営売場に加え、多数の専門店街や映画館を擁し、週末や休日には朝から晩まで賑わいを見せる。地域の日常生活におけるインフラ機能と、週末の広域型レジャー需要を一身に引き受ける地域最大級 of 商業的拠点である。",
        "source": "OpenStreetMap",
        "priority": 2,
        "building_height_est_m": 22.0,
        "site_area_m2": 121600.0,
        "floor_area_m2": 76000.0,
        "polygon_coordinates": [
          [
            136.945438,
            35.054183
          ],
          [
            136.945395,
            35.054056
          ],
          [
            136.947219,
            35.050951
          ],
          [
            136.947884,
            35.051052
          ],
          [
            136.94974,
            35.051808
          ],
          [
            136.948218,
            35.054608
          ],
          [
            136.947497,
            35.054328
          ],
          [
            136.947194,
            35.054803
          ],
          [
            136.947087,
            35.054844
          ],
          [
            136.945438,
            35.054183
          ]
        ],
        "calculated_area_m2": 98113.9,
        "perimeter_m": 1295.4,
        "bbox": [
          136.945395,
          35.050951,
          136.94974,
          35.054844
        ],
        "polygon_source": "OSM_exact_footprint"
      }
    },
    {
      "type": "Feature",
      "id": "way/1545659077",
      "geometry": {
        "type": "Polygon",
        "coordinates": [
          [
            [
              137.163989,
              34.939409
            ],
            [
              137.163891,
              34.938948
            ],
            [
              137.163813,
              34.93896
            ],
            [
              137.163804,
              34.938917
            ],
            [
              137.163878,
              34.938906
            ],
            [
              137.163873,
              34.938885
            ],
            [
              137.163854,
              34.938803
            ],
            [
              137.163814,
              34.938635
            ],
            [
              137.1638,
              34.938573
            ],
            [
              137.16374,
              34.938319
            ],
            [
              137.163723,
              34.938239
            ],
            [
              137.163658,
              34.93825
            ],
            [
              137.163603,
              34.938006
            ],
            [
              137.163666,
              34.937996
            ],
            [
              137.163692,
              34.938126
            ],
            [
              137.163856,
              34.938104
            ],
            [
              137.163863,
              34.938133
            ],
            [
              137.164315,
              34.938067
            ],
            [
              137.16428,
              34.937894
            ],
            [
              137.164167,
              34.937906
            ],
            [
              137.164163,
              34.937883
            ],
            [
              137.164037,
              34.9379
            ],
            [
              137.163907,
              34.937674
            ],
            [
              137.163867,
              34.937604
            ],
            [
              137.163745,
              34.937392
            ],
            [
              137.163709,
              34.937329
            ],
            [
              137.163703,
              34.93732
            ],
            [
              137.163333,
              34.937465
            ],
            [
              137.163159,
              34.937173
            ],
            [
              137.163072,
              34.937026
            ],
            [
              137.163119,
              34.936994
            ],
            [
              137.163082,
              34.936933
            ],
            [
              137.163114,
              34.936914
            ],
            [
              137.163044,
              34.936768
            ],
            [
              137.163546,
              34.936569
            ],
            [
              137.163778,
              34.936476
            ],
            [
              137.1641,
              34.936348
            ],
            [
              137.164209,
              34.936305
            ],
            [
              137.164459,
              34.936205
            ],
            [
              137.164427,
              34.936166
            ],
            [
              137.164606,
              34.936097
            ],
            [
              137.164632,
              34.936143
            ],
            [
              137.164757,
              34.936355
            ],
            [
              137.164932,
              34.936654
            ],
            [
              137.164725,
              34.93674
            ],
            [
              137.164715,
              34.936798
            ],
            [
              137.164714,
              34.936855
            ],
            [
              137.164718,
              34.936884
            ],
            [
              137.164727,
              34.93691
            ],
            [
              137.16475,
              34.936961
            ],
            [
              137.164731,
              34.936974
            ],
            [
              137.164863,
              34.937266
            ],
            [
              137.164925,
              34.937414
            ],
            [
              137.164971,
              34.937567
            ],
            [
              137.165006,
              34.93772
            ],
            [
              137.165038,
              34.937874
            ],
            [
              137.165071,
              34.938028
            ],
            [
              137.165078,
              34.938108
            ],
            [
              137.165073,
              34.938185
            ],
            [
              137.165147,
              34.938232
            ],
            [
              137.165045,
              34.938342
            ],
            [
              137.16498,
              34.938303
            ],
            [
              137.164914,
              34.938334
            ],
            [
              137.164843,
              34.938354
            ],
            [
              137.164695,
              34.938372
            ],
            [
              137.164702,
              34.938418
            ],
            [
              137.164717,
              34.938417
            ],
            [
              137.164753,
              34.938584
            ],
            [
              137.164772,
              34.938667
            ],
            [
              137.164781,
              34.938709
            ],
            [
              137.164786,
              34.938751
            ],
            [
              137.164782,
              34.938785
            ],
            [
              137.164775,
              34.938817
            ],
            [
              137.164754,
              34.938877
            ],
            [
              137.164794,
              34.939073
            ],
            [
              137.164749,
              34.939078
            ],
            [
              137.164719,
              34.938938
            ],
            [
              137.164692,
              34.938941
            ],
            [
              137.164766,
              34.939305
            ],
            [
              137.16438,
              34.939355
            ],
            [
              137.164389,
              34.939407
            ],
            [
              137.164189,
              34.939437
            ],
            [
              137.16406,
              34.939456
            ],
            [
              137.164047,
              34.939401
            ],
            [
              137.163989,
              34.939409
            ]
          ]
        ]
      },
      "properties": {
        "id": "way/1545659077",
        "osm_id": 1545659077,
        "osm_type": "way",
        "name": "イオンモール岡崎",
        "name_en": "Aeon Mall Okazaki",
        "lat": 34.937776,
        "lon": 137.164096,
        "brand": "イオンモール",
        "brand_wikidata": "Q11286068",
        "mall_type": "イオンモール",
        "prefecture": "愛知県",
        "city": "",
        "address": "愛知県",
        "website": "",
        "opening_hours": "",
        "phone": "+81 564 57 2211",
        "opening_year": "2000年9月22日（ジャスコ岡崎南店として開業）",
        "area": "約19,700 m²（直営売場面積、イオンモール岡崎全体の店舗面積は約84,400 m²）",
        "former_building": "ジャスコ岡崎南店（イオン岡崎ショッピングセンター）",
        "demand_and_features": "東海地方屈指の巨大ショッピングモール「イオンモール岡崎」の核店舗。旧ジャスコ岡崎南店からイオン岡崎店を経て、大規模な改装により「イオンスタイル岡崎」へと進化を遂げた。岡崎市内のみならず、西三河地域全域から広域集客を誇る。車社会のニーズに応える約4,300台の駐車場を備え、最新のキッズ向け売場「キッズリパブリック」や、デリカ・冷凍食品を大幅に強化した食品フロアを展開。専門店街やシネマコンプレックスとともに、地域の週末レジャーと日常消費の両面を支える中核施設。",
        "source": "OpenStreetMap",
        "priority": 2,
        "building_height_est_m": 22.0,
        "site_area_m2": 135040.0,
        "floor_area_m2": 84400.0,
        "polygon_coordinates": [
          [
            137.163989,
            34.939409
          ],
          [
            137.163891,
            34.938948
          ],
          [
            137.163813,
            34.93896
          ],
          [
            137.163804,
            34.938917
          ],
          [
            137.163878,
            34.938906
          ],
          [
            137.163873,
            34.938885
          ],
          [
            137.163854,
            34.938803
          ],
          [
            137.163814,
            34.938635
          ],
          [
            137.1638,
            34.938573
          ],
          [
            137.16374,
            34.938319
          ],
          [
            137.163723,
            34.938239
          ],
          [
            137.163658,
            34.93825
          ],
          [
            137.163603,
            34.938006
          ],
          [
            137.163666,
            34.937996
          ],
          [
            137.163692,
            34.938126
          ],
          [
            137.163856,
            34.938104
          ],
          [
            137.163863,
            34.938133
          ],
          [
            137.164315,
            34.938067
          ],
          [
            137.16428,
            34.937894
          ],
          [
            137.164167,
            34.937906
          ],
          [
            137.164163,
            34.937883
          ],
          [
            137.164037,
            34.9379
          ],
          [
            137.163907,
            34.937674
          ],
          [
            137.163867,
            34.937604
          ],
          [
            137.163745,
            34.937392
          ],
          [
            137.163709,
            34.937329
          ],
          [
            137.163703,
            34.93732
          ],
          [
            137.163333,
            34.937465
          ],
          [
            137.163159,
            34.937173
          ],
          [
            137.163072,
            34.937026
          ],
          [
            137.163119,
            34.936994
          ],
          [
            137.163082,
            34.936933
          ],
          [
            137.163114,
            34.936914
          ],
          [
            137.163044,
            34.936768
          ],
          [
            137.163546,
            34.936569
          ],
          [
            137.163778,
            34.936476
          ],
          [
            137.1641,
            34.936348
          ],
          [
            137.164209,
            34.936305
          ],
          [
            137.164459,
            34.936205
          ],
          [
            137.164427,
            34.936166
          ],
          [
            137.164606,
            34.936097
          ],
          [
            137.164632,
            34.936143
          ],
          [
            137.164757,
            34.936355
          ],
          [
            137.164932,
            34.936654
          ],
          [
            137.164725,
            34.93674
          ],
          [
            137.164715,
            34.936798
          ],
          [
            137.164714,
            34.936855
          ],
          [
            137.164718,
            34.936884
          ],
          [
            137.164727,
            34.93691
          ],
          [
            137.16475,
            34.936961
          ],
          [
            137.164731,
            34.936974
          ],
          [
            137.164863,
            34.937266
          ],
          [
            137.164925,
            34.937414
          ],
          [
            137.164971,
            34.937567
          ],
          [
            137.165006,
            34.93772
          ],
          [
            137.165038,
            34.937874
          ],
          [
            137.165071,
            34.938028
          ],
          [
            137.165078,
            34.938108
          ],
          [
            137.165073,
            34.938185
          ],
          [
            137.165147,
            34.938232
          ],
          [
            137.165045,
            34.938342
          ],
          [
            137.16498,
            34.938303
          ],
          [
            137.164914,
            34.938334
          ],
          [
            137.164843,
            34.938354
          ],
          [
            137.164695,
            34.938372
          ],
          [
            137.164702,
            34.938418
          ],
          [
            137.164717,
            34.938417
          ],
          [
            137.164753,
            34.938584
          ],
          [
            137.164772,
            34.938667
          ],
          [
            137.164781,
            34.938709
          ],
          [
            137.164786,
            34.938751
          ],
          [
            137.164782,
            34.938785
          ],
          [
            137.164775,
            34.938817
          ],
          [
            137.164754,
            34.938877
          ],
          [
            137.164794,
            34.939073
          ],
          [
            137.164749,
            34.939078
          ],
          [
            137.164719,
            34.938938
          ],
          [
            137.164692,
            34.938941
          ],
          [
            137.164766,
            34.939305
          ],
          [
            137.16438,
            34.939355
          ],
          [
            137.164389,
            34.939407
          ],
          [
            137.164189,
            34.939437
          ],
          [
            137.16406,
            34.939456
          ],
          [
            137.164047,
            34.939401
          ],
          [
            137.163989,
            34.939409
          ]
        ],
        "calculated_area_m2": 36427.3,
        "perimeter_m": 1207.9,
        "bbox": [
          137.163044,
          34.936097,
          137.165147,
          34.939456
        ],
        "polygon_source": "OSM_exact_footprint"
      }
    },
    {
      "type": "Feature",
      "id": "way/100486215",
      "geometry": {
        "type": "Polygon",
        "coordinates": [
          [
            [
              136.936784,
              35.115266
            ],
            [
              136.936773,
              35.114995
            ],
            [
              136.936901,
              35.114183
            ],
            [
              136.936912,
              35.113935
            ],
            [
              136.936935,
              35.113787
            ],
            [
              136.936981,
              35.113675
            ],
            [
              136.937007,
              35.113517
            ],
            [
              136.936804,
              35.113369
            ],
            [
              136.936412,
              35.113245
            ],
            [
              136.936294,
              35.113226
            ],
            [
              136.93582,
              35.11327
            ],
            [
              136.935418,
              35.11333
            ],
            [
              136.935302,
              35.113349
            ],
            [
              136.935028,
              35.113431
            ],
            [
              136.9341,
              35.113478
            ],
            [
              136.933556,
              35.113455
            ],
            [
              136.933517,
              35.113476
            ],
            [
              136.933278,
              35.114734
            ],
            [
              136.933293,
              35.114758
            ],
            [
              136.933395,
              35.114767
            ],
            [
              136.933507,
              35.11481
            ],
            [
              136.933591,
              35.114892
            ],
            [
              136.933813,
              35.115018
            ],
            [
              136.934683,
              35.11535
            ],
            [
              136.935372,
              35.115691
            ],
            [
              136.935666,
              35.115551
            ],
            [
              136.935766,
              35.115529
            ],
            [
              136.935908,
              35.115526
            ],
            [
              136.936091,
              35.115528
            ],
            [
              136.936111,
              35.1155
            ],
            [
              136.93618,
              35.115263
            ],
            [
              136.936226,
              35.115242
            ],
            [
              136.936733,
              35.115315
            ],
            [
              136.936781,
              35.115314
            ],
            [
              136.936782,
              35.11529
            ],
            [
              136.936784,
              35.115266
            ]
          ]
        ]
      },
      "properties": {
        "id": "way/100486215",
        "osm_id": 100486215,
        "osm_type": "way",
        "name": "イオンモール新瑞橋",
        "name_en": "AEONMALL Aratamabashi",
        "lat": 35.114458,
        "lon": 136.935142,
        "brand": "イオン",
        "brand_wikidata": "Q305335",
        "mall_type": "イオンモール",
        "prefecture": "愛知県",
        "city": "",
        "address": "愛知県",
        "website": "",
        "opening_hours": "",
        "phone": "",
        "opening_year": "2010年3月9日",
        "area": "直営売場面積：約16,200㎡（商業施設面積：約48,000㎡）",
        "former_building": "新規開発（住友軽金属工業名古屋製造所跡地の再開発）",
        "demand_and_features": "名古屋市南区と瑞穂区の境界付近、地下鉄新瑞橋駅から徒歩圏内の好立地に位置する。周辺は人口密度の高い成熟した住宅地。駅から徒歩で訪れる単身者・シニアから、広大な駐車場を利用する近隣の車ファミリー層まで幅広く対応。都市型店舗として簡便・即食ニーズに特化した高品質な惣菜や冷凍食品、オーガニック製品などを多数配置し、名古屋市南東部の中核的な生活拠点として強く支持されている。",
        "source": "OpenStreetMap",
        "priority": 2,
        "building_height_est_m": 22.0,
        "site_area_m2": 25920.0,
        "floor_area_m2": 16200.0,
        "polygon_coordinates": [
          [
            136.936784,
            35.115266
          ],
          [
            136.936773,
            35.114995
          ],
          [
            136.936901,
            35.114183
          ],
          [
            136.936912,
            35.113935
          ],
          [
            136.936935,
            35.113787
          ],
          [
            136.936981,
            35.113675
          ],
          [
            136.937007,
            35.113517
          ],
          [
            136.936804,
            35.113369
          ],
          [
            136.936412,
            35.113245
          ],
          [
            136.936294,
            35.113226
          ],
          [
            136.93582,
            35.11327
          ],
          [
            136.935418,
            35.11333
          ],
          [
            136.935302,
            35.113349
          ],
          [
            136.935028,
            35.113431
          ],
          [
            136.9341,
            35.113478
          ],
          [
            136.933556,
            35.113455
          ],
          [
            136.933517,
            35.113476
          ],
          [
            136.933278,
            35.114734
          ],
          [
            136.933293,
            35.114758
          ],
          [
            136.933395,
            35.114767
          ],
          [
            136.933507,
            35.11481
          ],
          [
            136.933591,
            35.114892
          ],
          [
            136.933813,
            35.115018
          ],
          [
            136.934683,
            35.11535
          ],
          [
            136.935372,
            35.115691
          ],
          [
            136.935666,
            35.115551
          ],
          [
            136.935766,
            35.115529
          ],
          [
            136.935908,
            35.115526
          ],
          [
            136.936091,
            35.115528
          ],
          [
            136.936111,
            35.1155
          ],
          [
            136.93618,
            35.115263
          ],
          [
            136.936226,
            35.115242
          ],
          [
            136.936733,
            35.115315
          ],
          [
            136.936781,
            35.115314
          ],
          [
            136.936782,
            35.11529
          ],
          [
            136.936784,
            35.115266
          ]
        ],
        "calculated_area_m2": 67965.5,
        "perimeter_m": 1048.6,
        "bbox": [
          136.933278,
          35.113226,
          136.937007,
          35.115691
        ],
        "polygon_source": "OSM_exact_footprint"
      }
    },
    {
      "type": "Feature",
      "id": "way/1334664412",
      "geometry": {
        "type": "Polygon",
        "coordinates": [
          [
            [
              136.661791,
              35.074244
            ],
            [
              136.662686,
              35.074032
            ],
            [
              136.662721,
              35.074003
            ],
            [
              136.662824,
              35.073841
            ],
            [
              136.662835,
              35.073816
            ],
            [
              136.662816,
              35.073746
            ],
            [
              136.66262,
              35.07317
            ],
            [
              136.664374,
              35.072741
            ],
            [
              136.664033,
              35.071878
            ],
            [
              136.663821,
              35.071379
            ],
            [
              136.663718,
              35.071162
            ],
            [
              136.663625,
              35.071109
            ],
            [
              136.663586,
              35.070995
            ],
            [
              136.663623,
              35.070928
            ],
            [
              136.663159,
              35.069987
            ],
            [
              136.662144,
              35.070238
            ],
            [
              136.66232,
              35.070729
            ],
            [
              136.661746,
              35.070854
            ],
            [
              136.661659,
              35.070602
            ],
            [
              136.661135,
              35.070729
            ],
            [
              136.661178,
              35.070841
            ],
            [
              136.66103,
              35.07088
            ],
            [
              136.661206,
              35.071393
            ],
            [
              136.661257,
              35.071529
            ],
            [
              136.661313,
              35.07155
            ],
            [
              136.661927,
              35.071404
            ],
            [
              136.662101,
              35.071907
            ],
            [
              136.661491,
              35.072054
            ],
            [
              136.661835,
              35.072953
            ],
            [
              136.661858,
              35.073011
            ],
            [
              136.66199,
              35.073401
            ],
            [
              136.661947,
              35.07341
            ],
            [
              136.661928,
              35.073441
            ],
            [
              136.661791,
              35.074244
            ]
          ]
        ]
      },
      "properties": {
        "id": "way/1334664412",
        "osm_id": 1334664412,
        "osm_type": "way",
        "name": "イオンモール桑名",
        "name_en": "ÆON MALL KUWANA",
        "lat": 35.072115,
        "lon": 136.662702,
        "brand": "イオン",
        "brand_wikidata": "Q305335",
        "mall_type": "イオンモール",
        "prefecture": "愛知県",
        "city": "",
        "address": "愛知県",
        "website": "",
        "opening_hours": "",
        "phone": "",
        "opening_year": "1995年3月24日（マイカル桑名・桑名サティとして開業）",
        "area": "約39,000 m²（店舗面積、イオンモール桑名全体は約65,000 m²）",
        "former_building": "桑名サティ（マイカル桑名）",
        "demand_and_features": "桑名市の新興ニュータウン「新西方」に建設された超大型モール「イオンモール桑名（旧マイカル桑名）」の核店舗。1995年の開業時は3つのアンカー（サティ、映画館、スポーツクラブ）を持つ「マイカルタウン」の先駆けとして一世を風靡。イオン桑名店は食料品や衣料、日用品の巨大な品揃えを維持しており、桑名市や東員町、いなべ市から非常に多くのファミリー層を集める。映画館（イオンシネマ）併設で、週末のレジャー消費の拠点として健在。",
        "source": "OpenStreetMap",
        "priority": 2,
        "building_height_est_m": 22.0,
        "site_area_m2": 104000.0,
        "floor_area_m2": 65000.0,
        "polygon_coordinates": [
          [
            136.661791,
            35.074244
          ],
          [
            136.662686,
            35.074032
          ],
          [
            136.662721,
            35.074003
          ],
          [
            136.662824,
            35.073841
          ],
          [
            136.662835,
            35.073816
          ],
          [
            136.662816,
            35.073746
          ],
          [
            136.66262,
            35.07317
          ],
          [
            136.664374,
            35.072741
          ],
          [
            136.664033,
            35.071878
          ],
          [
            136.663821,
            35.071379
          ],
          [
            136.663718,
            35.071162
          ],
          [
            136.663625,
            35.071109
          ],
          [
            136.663586,
            35.070995
          ],
          [
            136.663623,
            35.070928
          ],
          [
            136.663159,
            35.069987
          ],
          [
            136.662144,
            35.070238
          ],
          [
            136.66232,
            35.070729
          ],
          [
            136.661746,
            35.070854
          ],
          [
            136.661659,
            35.070602
          ],
          [
            136.661135,
            35.070729
          ],
          [
            136.661178,
            35.070841
          ],
          [
            136.66103,
            35.07088
          ],
          [
            136.661206,
            35.071393
          ],
          [
            136.661257,
            35.071529
          ],
          [
            136.661313,
            35.07155
          ],
          [
            136.661927,
            35.071404
          ],
          [
            136.662101,
            35.071907
          ],
          [
            136.661491,
            35.072054
          ],
          [
            136.661835,
            35.072953
          ],
          [
            136.661858,
            35.073011
          ],
          [
            136.66199,
            35.073401
          ],
          [
            136.661947,
            35.07341
          ],
          [
            136.661928,
            35.073441
          ],
          [
            136.661791,
            35.074244
          ]
        ],
        "calculated_area_m2": 71638.2,
        "perimeter_m": 1502.4,
        "bbox": [
          136.66103,
          35.069987,
          136.664374,
          35.074244
        ],
        "polygon_source": "OSM_exact_footprint"
      }
    },
    {
      "type": "Feature",
      "id": "way/194176864",
      "geometry": {
        "type": "Polygon",
        "coordinates": [
          [
            [
              136.907167,
              35.138326
            ],
            [
              136.907413,
              35.138007
            ],
            [
              136.907486,
              35.13791
            ],
            [
              136.907579,
              35.137787
            ],
            [
              136.907823,
              35.137422
            ],
            [
              136.908025,
              35.137073
            ],
            [
              136.908105,
              35.136911
            ],
            [
              136.908227,
              35.136671
            ],
            [
              136.908498,
              35.136057
            ],
            [
              136.908505,
              35.136041
            ],
            [
              136.908678,
              35.135647
            ],
            [
              136.908693,
              35.135612
            ],
            [
              136.908713,
              35.135568
            ],
            [
              136.908732,
              35.135524
            ],
            [
              136.909462,
              35.135545
            ],
            [
              136.91009,
              35.135564
            ],
            [
              136.910767,
              35.135578
            ],
            [
              136.9108,
              35.134503
            ],
            [
              136.911316,
              35.134512
            ],
            [
              136.911452,
              35.134514
            ],
            [
              136.911473,
              35.134534
            ],
            [
              136.911444,
              35.135591
            ],
            [
              136.911402,
              35.137128
            ],
            [
              136.910169,
              35.137108
            ],
            [
              136.910154,
              35.138412
            ],
            [
              136.907185,
              35.138364
            ],
            [
              136.907167,
              35.138326
            ]
          ]
        ]
      },
      "properties": {
        "id": "way/194176864",
        "osm_id": 194176864,
        "osm_type": "way",
        "name": "イオンモール熱田",
        "name_en": "",
        "lat": 35.136458,
        "lon": 136.90932,
        "brand": "イオン",
        "brand_wikidata": "Q305335",
        "mall_type": "イオンモール",
        "prefecture": "愛知県",
        "city": "",
        "address": "愛知県",
        "website": "",
        "opening_hours": "",
        "phone": "",
        "opening_year": "2003年7月5日",
        "area": "直営売場面積：約19,800㎡（商業施設面積：約62,000㎡）",
        "former_building": "新規開発（開業時は「ジャスコ熱田店」）",
        "demand_and_features": "名古屋市熱田区、金山総合駅から徒歩圏内（シャトルバス運行）の便利な立地に構える超大型総合スーパー。旧ジャスコ熱田店。中区や瑞穂区、昭和区といった名古屋市中心部からの集客力も非常に高く、都心部と郊外モールの利便性を兼ね備える。衣料品、食品、インテリア、育児用品までフルラインの最先端MDを展開。ファミリーから単身者、外国人観光客まで幅広い層の多様な都市生活ニーズに完璧に応えている。",
        "source": "OpenStreetMap",
        "priority": 2,
        "building_height_est_m": 22.0,
        "site_area_m2": 31680.0,
        "floor_area_m2": 19800.0,
        "polygon_coordinates": [
          [
            136.907167,
            35.138326
          ],
          [
            136.907413,
            35.138007
          ],
          [
            136.907486,
            35.13791
          ],
          [
            136.907579,
            35.137787
          ],
          [
            136.907823,
            35.137422
          ],
          [
            136.908025,
            35.137073
          ],
          [
            136.908105,
            35.136911
          ],
          [
            136.908227,
            35.136671
          ],
          [
            136.908498,
            35.136057
          ],
          [
            136.908505,
            35.136041
          ],
          [
            136.908678,
            35.135647
          ],
          [
            136.908693,
            35.135612
          ],
          [
            136.908713,
            35.135568
          ],
          [
            136.908732,
            35.135524
          ],
          [
            136.909462,
            35.135545
          ],
          [
            136.91009,
            35.135564
          ],
          [
            136.910767,
            35.135578
          ],
          [
            136.9108,
            35.134503
          ],
          [
            136.911316,
            35.134512
          ],
          [
            136.911452,
            35.134514
          ],
          [
            136.911473,
            35.134534
          ],
          [
            136.911444,
            35.135591
          ],
          [
            136.911402,
            35.137128
          ],
          [
            136.910169,
            35.137108
          ],
          [
            136.910154,
            35.138412
          ],
          [
            136.907185,
            35.138364
          ],
          [
            136.907167,
            35.138326
          ]
        ],
        "calculated_area_m2": 88111.5,
        "perimeter_m": 1527.0,
        "bbox": [
          136.907167,
          35.134503,
          136.911473,
          35.138412
        ],
        "polygon_source": "OSM_exact_footprint"
      }
    },
    {
      "type": "Feature",
      "id": "way/564716393",
      "geometry": {
        "type": "Polygon",
        "coordinates": [
          [
            [
              137.352099,
              34.827476
            ],
            [
              137.352032,
              34.827557
            ],
            [
              137.350034,
              34.82784
            ],
            [
              137.3499,
              34.827855
            ],
            [
              137.349769,
              34.82786
            ],
            [
              137.349646,
              34.827847
            ],
            [
              137.349558,
              34.827828
            ],
            [
              137.349479,
              34.827802
            ],
            [
              137.349395,
              34.827768
            ],
            [
              137.349326,
              34.827725
            ],
            [
              137.349252,
              34.827671
            ],
            [
              137.349202,
              34.827621
            ],
            [
              137.349152,
              34.827561
            ],
            [
              137.349112,
              34.827509
            ],
            [
              137.349079,
              34.827448
            ],
            [
              137.34905,
              34.82738
            ],
            [
              137.349032,
              34.827304
            ],
            [
              137.348963,
              34.826839
            ],
            [
              137.348952,
              34.826739
            ],
            [
              137.348945,
              34.826635
            ],
            [
              137.348948,
              34.82655
            ],
            [
              137.348961,
              34.826473
            ],
            [
              137.348994,
              34.826453
            ],
            [
              137.349068,
              34.826382
            ],
            [
              137.349087,
              34.826279
            ],
            [
              137.349113,
              34.826187
            ],
            [
              137.34915,
              34.826096
            ],
            [
              137.349196,
              34.826006
            ],
            [
              137.349263,
              34.825881
            ],
            [
              137.349701,
              34.825182
            ],
            [
              137.349865,
              34.824934
            ],
            [
              137.349939,
              34.824817
            ],
            [
              137.350036,
              34.824615
            ],
            [
              137.350122,
              34.824436
            ],
            [
              137.3502,
              34.824261
            ],
            [
              137.35095,
              34.823053
            ],
            [
              137.351186,
              34.822699
            ],
            [
              137.351719,
              34.823117
            ],
            [
              137.352098,
              34.823374
            ],
            [
              137.352345,
              34.823502
            ],
            [
              137.352561,
              34.823594
            ],
            [
              137.352832,
              34.82367
            ],
            [
              137.353184,
              34.823748
            ],
            [
              137.353496,
              34.823805
            ],
            [
              137.353678,
              34.823837
            ],
            [
              137.353807,
              34.823861
            ],
            [
              137.353885,
              34.823898
            ],
            [
              137.353595,
              34.824301
            ],
            [
              137.353022,
              34.82507
            ],
            [
              137.352016,
              34.826363
            ],
            [
              137.351964,
              34.826539
            ],
            [
              137.351932,
              34.826671
            ],
            [
              137.351929,
              34.826685
            ],
            [
              137.351926,
              34.826793
            ],
            [
              137.351939,
              34.826925
            ],
            [
              137.352076,
              34.827399
            ],
            [
              137.352099,
              34.827476
            ]
          ]
        ]
      },
      "properties": {
        "id": "way/564716393",
        "osm_id": 564716393,
        "osm_type": "way",
        "name": "イオンモール豊川",
        "name_en": "AEON MALL",
        "lat": 34.82528,
        "lon": 137.351415,
        "brand": "イオンモール",
        "brand_wikidata": "Q11286068",
        "mall_type": "イオンモール",
        "prefecture": "愛知県",
        "city": "愛知県豊川市",
        "address": "愛知県愛知県豊川市",
        "website": "",
        "opening_hours": "",
        "phone": "",
        "opening_year": "2023年4月4日（イオンモール豊川の核店舗として開業）",
        "area": "約18,000 m²（直営店舗面積、イオンモール全体の総賃貸面積は約63,000 m²）",
        "former_building": "新規開発（スズキ豊川工場跡地）",
        "demand_and_features": "2023年にスズキ豊川工場跡地にオープンした、東三河地区最大級の商業施設「イオンモール豊川」の核店舗。名鉄豊川線八幡駅に隣接し、国道1号などの主要道路からの車アクセスも抜群。食品フロアは「東三河の美味しさ」をテーマに地元の水産物や三河牛などを豊富に取り揃え、最新の「レジゴー」やセルフレジ、ドライブスルー型受け取りサービスを完備。若年ファミリーからシニアまで圧倒的な支持を得ており、週末の広域レジャー客と日常の買い出し需要の両面に対応している。",
        "source": "OpenStreetMap",
        "priority": 2,
        "building_height_est_m": 22.0,
        "site_area_m2": 100800.0,
        "floor_area_m2": 63000.0,
        "polygon_coordinates": [
          [
            137.352099,
            34.827476
          ],
          [
            137.352032,
            34.827557
          ],
          [
            137.350034,
            34.82784
          ],
          [
            137.3499,
            34.827855
          ],
          [
            137.349769,
            34.82786
          ],
          [
            137.349646,
            34.827847
          ],
          [
            137.349558,
            34.827828
          ],
          [
            137.349479,
            34.827802
          ],
          [
            137.349395,
            34.827768
          ],
          [
            137.349326,
            34.827725
          ],
          [
            137.349252,
            34.827671
          ],
          [
            137.349202,
            34.827621
          ],
          [
            137.349152,
            34.827561
          ],
          [
            137.349112,
            34.827509
          ],
          [
            137.349079,
            34.827448
          ],
          [
            137.34905,
            34.82738
          ],
          [
            137.349032,
            34.827304
          ],
          [
            137.348963,
            34.826839
          ],
          [
            137.348952,
            34.826739
          ],
          [
            137.348945,
            34.826635
          ],
          [
            137.348948,
            34.82655
          ],
          [
            137.348961,
            34.826473
          ],
          [
            137.348994,
            34.826453
          ],
          [
            137.349068,
            34.826382
          ],
          [
            137.349087,
            34.826279
          ],
          [
            137.349113,
            34.826187
          ],
          [
            137.34915,
            34.826096
          ],
          [
            137.349196,
            34.826006
          ],
          [
            137.349263,
            34.825881
          ],
          [
            137.349701,
            34.825182
          ],
          [
            137.349865,
            34.824934
          ],
          [
            137.349939,
            34.824817
          ],
          [
            137.350036,
            34.824615
          ],
          [
            137.350122,
            34.824436
          ],
          [
            137.3502,
            34.824261
          ],
          [
            137.35095,
            34.823053
          ],
          [
            137.351186,
            34.822699
          ],
          [
            137.351719,
            34.823117
          ],
          [
            137.352098,
            34.823374
          ],
          [
            137.352345,
            34.823502
          ],
          [
            137.352561,
            34.823594
          ],
          [
            137.352832,
            34.82367
          ],
          [
            137.353184,
            34.823748
          ],
          [
            137.353496,
            34.823805
          ],
          [
            137.353678,
            34.823837
          ],
          [
            137.353807,
            34.823861
          ],
          [
            137.353885,
            34.823898
          ],
          [
            137.353595,
            34.824301
          ],
          [
            137.353022,
            34.82507
          ],
          [
            137.352016,
            34.826363
          ],
          [
            137.351964,
            34.826539
          ],
          [
            137.351932,
            34.826671
          ],
          [
            137.351929,
            34.826685
          ],
          [
            137.351926,
            34.826793
          ],
          [
            137.351939,
            34.826925
          ],
          [
            137.352076,
            34.827399
          ],
          [
            137.352099,
            34.827476
          ]
        ],
        "calculated_area_m2": 138195.5,
        "perimeter_m": 1612.1,
        "bbox": [
          137.348945,
          34.822699,
          137.353885,
          34.82786
        ],
        "polygon_source": "OSM_exact_footprint"
      }
    },
    {
      "type": "Feature",
      "id": "way/976407493",
      "geometry": {
        "type": "Polygon",
        "coordinates": [
          [
            [
              136.995309,
              35.146771
            ],
            [
              136.995697,
              35.146491
            ],
            [
              136.995417,
              35.146216
            ],
            [
              136.995389,
              35.14584
            ],
            [
              136.995348,
              35.145805
            ],
            [
              136.99511,
              35.145809
            ],
            [
              136.995008,
              35.145844
            ],
            [
              136.995021,
              35.145957
            ],
            [
              136.994996,
              35.146015
            ],
            [
              136.994725,
              35.146237
            ],
            [
              136.995034,
              35.14651
            ],
            [
              136.995309,
              35.146771
            ]
          ]
        ]
      },
      "properties": {
        "id": "way/976407493",
        "osm_id": 976407493,
        "osm_type": "way",
        "name": "イオンスタイル高針",
        "name_en": "",
        "lat": 35.146288,
        "lon": 136.995211,
        "brand": "イオン",
        "brand_wikidata": "Q305335",
        "mall_type": "イオンスタイル",
        "prefecture": "愛知県",
        "city": "",
        "address": "愛知県",
        "website": "",
        "opening_hours": "",
        "phone": "",
        "opening_year": "2021年11月3日（マックスバリュ高針原店をリニューアルしてイオンスタイル高針原として開業）",
        "area": "約1,700 m²（売場面積、敷地面積は約10,000 m²）",
        "former_building": "マックスバリュ高針原店（さらに前身は2019年閉店のホームセンターハイエースの跡地）",
        "demand_and_features": "名古屋市名東区南部の住宅街に位置する、比較的小型の食品特化型イオンスタイル。旧マックスバリュ高針原店の全面改装により誕生した。名東区の客層に合わせ、オーガニック食材、高感度デリカ、冷凍食品、時短・簡便食材の品揃えを大幅に強化している。無料駐車場を備えたコンパクトで買い回りしやすい「地域の高感度な冷蔵庫」として機能。日々の食生活を豊かにする高品質な品揃えを提案し、忙しい共働きファミリー層やシニア層の日常的な食のニーズに的確に応え、高い支持を集めている。",
        "source": "OpenStreetMap",
        "priority": 2,
        "building_height_est_m": 16.0,
        "site_area_m2": 10000.0,
        "floor_area_m2": 10000.0,
        "polygon_coordinates": [
          [
            136.995309,
            35.146771
          ],
          [
            136.995697,
            35.146491
          ],
          [
            136.995417,
            35.146216
          ],
          [
            136.995389,
            35.14584
          ],
          [
            136.995348,
            35.145805
          ],
          [
            136.99511,
            35.145809
          ],
          [
            136.995008,
            35.145844
          ],
          [
            136.995021,
            35.145957
          ],
          [
            136.994996,
            35.146015
          ],
          [
            136.994725,
            35.146237
          ],
          [
            136.995034,
            35.14651
          ],
          [
            136.995309,
            35.146771
          ]
        ],
        "calculated_area_m2": 4755.0,
        "perimeter_m": 299.0,
        "bbox": [
          136.994725,
          35.145805,
          136.995697,
          35.146771
        ],
        "polygon_source": "OSM_exact_footprint"
      }
    },
    {
      "type": "Feature",
      "id": "way/683918986",
      "geometry": {
        "type": "Polygon",
        "coordinates": [
          [
            [
              136.82613,
              34.88466
            ],
            [
              136.826169,
              34.884589
            ],
            [
              136.826395,
              34.884177
            ],
            [
              136.826368,
              34.884167
            ],
            [
              136.826433,
              34.883352
            ],
            [
              136.826639,
              34.883364
            ],
            [
              136.826684,
              34.882781
            ],
            [
              136.826708,
              34.882553
            ],
            [
              136.826607,
              34.882547
            ],
            [
              136.826661,
              34.881906
            ],
            [
              136.826764,
              34.881913
            ],
            [
              136.826816,
              34.881344
            ],
            [
              136.826717,
              34.881339
            ],
            [
              136.826775,
              34.88069
            ],
            [
              136.826874,
              34.880695
            ],
            [
              136.826881,
              34.880647
            ],
            [
              136.826989,
              34.880656
            ],
            [
              136.827044,
              34.880026
            ],
            [
              136.826942,
              34.880018
            ],
            [
              136.826961,
              34.879717
            ],
            [
              136.825972,
              34.879662
            ],
            [
              136.825894,
              34.880563
            ],
            [
              136.825987,
              34.880568
            ],
            [
              136.825859,
              34.882016
            ],
            [
              136.825666,
              34.882007
            ],
            [
              136.825607,
              34.882658
            ],
            [
              136.825904,
              34.882675
            ],
            [
              136.825852,
              34.883242
            ],
            [
              136.825765,
              34.883238
            ],
            [
              136.82573,
              34.883692
            ],
            [
              136.825632,
              34.8838
            ],
            [
              136.825324,
              34.884362
            ],
            [
              136.825588,
              34.884461
            ],
            [
              136.825683,
              34.884412
            ],
            [
              136.825837,
              34.884469
            ],
            [
              136.825859,
              34.884562
            ],
            [
              136.82613,
              34.88466
            ]
          ]
        ]
      },
      "properties": {
        "id": "way/683918986",
        "osm_id": 683918986,
        "osm_type": "way",
        "name": "イオンモール常滑",
        "name_en": "AEON MALL Tokoname",
        "lat": 34.882161,
        "lon": 136.826184,
        "brand": "イオンモール",
        "brand_wikidata": "Q11286068",
        "mall_type": "イオンモール",
        "prefecture": "三重県",
        "city": "",
        "address": "三重県",
        "website": "",
        "opening_hours": "",
        "phone": "",
        "opening_year": "2015年12月4日（イオンモール常滑の核店舗として開業）",
        "area": "約19,800 m²（直営売場面積、イオンモール全体の店舗面積は約87,800 m²）",
        "former_building": "新規開発",
        "demand_and_features": "名鉄りんくう常滑駅直結、中部国際空港（セントレア）の対岸りんくう地区に新規開発されたメガモール「イオンモール常滑」の核店舗。空港利用者やインバウンド観光客をターゲットとし、お土産品や免税サービスを完備。また、屋外アクティビティパークを併設しており、知多半島全域からのファミリー層やレジャー客を集める。常滑焼の和テイストを取り入れたモダンな内装が特徴で、三河・知多の地場産生鮮食品や惣菜が非常に充実し、週末を中心に活況を呈している。",
        "source": "OpenStreetMap",
        "priority": 2,
        "building_height_est_m": 22.0,
        "site_area_m2": 140480.0,
        "floor_area_m2": 87800.0,
        "polygon_coordinates": [
          [
            136.82613,
            34.88466
          ],
          [
            136.826169,
            34.884589
          ],
          [
            136.826395,
            34.884177
          ],
          [
            136.826368,
            34.884167
          ],
          [
            136.826433,
            34.883352
          ],
          [
            136.826639,
            34.883364
          ],
          [
            136.826684,
            34.882781
          ],
          [
            136.826708,
            34.882553
          ],
          [
            136.826607,
            34.882547
          ],
          [
            136.826661,
            34.881906
          ],
          [
            136.826764,
            34.881913
          ],
          [
            136.826816,
            34.881344
          ],
          [
            136.826717,
            34.881339
          ],
          [
            136.826775,
            34.88069
          ],
          [
            136.826874,
            34.880695
          ],
          [
            136.826881,
            34.880647
          ],
          [
            136.826989,
            34.880656
          ],
          [
            136.827044,
            34.880026
          ],
          [
            136.826942,
            34.880018
          ],
          [
            136.826961,
            34.879717
          ],
          [
            136.825972,
            34.879662
          ],
          [
            136.825894,
            34.880563
          ],
          [
            136.825987,
            34.880568
          ],
          [
            136.825859,
            34.882016
          ],
          [
            136.825666,
            34.882007
          ],
          [
            136.825607,
            34.882658
          ],
          [
            136.825904,
            34.882675
          ],
          [
            136.825852,
            34.883242
          ],
          [
            136.825765,
            34.883238
          ],
          [
            136.82573,
            34.883692
          ],
          [
            136.825632,
            34.8838
          ],
          [
            136.825324,
            34.884362
          ],
          [
            136.825588,
            34.884461
          ],
          [
            136.825683,
            34.884412
          ],
          [
            136.825837,
            34.884469
          ],
          [
            136.825859,
            34.884562
          ],
          [
            136.82613,
            34.88466
          ]
        ],
        "calculated_area_m2": 43558.6,
        "perimeter_m": 1401.4,
        "bbox": [
          136.825324,
          34.879662,
          136.827044,
          34.88466
        ],
        "polygon_source": "OSM_exact_footprint"
      }
    },
    {
      "type": "Feature",
      "id": "way/319085681",
      "geometry": {
        "type": "Polygon",
        "coordinates": [
          [
            [
              135.91648,
              34.998072
            ],
            [
              135.916456,
              34.997748
            ],
            [
              135.916707,
              34.99748
            ],
            [
              135.918319,
              34.997375
            ],
            [
              135.918367,
              34.998025
            ],
            [
              135.916695,
              34.998111
            ],
            [
              135.916686,
              34.998055
            ],
            [
              135.916519,
              34.998069
            ],
            [
              135.91648,
              34.998072
            ]
          ]
        ]
      },
      "properties": {
        "id": "way/319085681",
        "osm_id": 319085681,
        "osm_type": "way",
        "name": "イオンモール草津スポーツ&レジャー棟",
        "name_en": "",
        "lat": 34.997743,
        "lon": 135.917412,
        "brand": "イオン",
        "brand_wikidata": "Q305335",
        "mall_type": "イオンモール",
        "prefecture": "滋賀県",
        "city": "",
        "address": "滋賀県",
        "website": "",
        "opening_hours": "",
        "phone": "",
        "opening_year": "2008年11月26日",
        "area": "敷地面積: 約165,410㎡、商業施設面積: 約86,137㎡ (施設全体)",
        "former_building": "新規開発（核店舗はマイカル運営の「草津サティ」）",
        "demand_and_features": "琵琶湖東岸、近江大橋のたもとに位置する西日本最大級のメガモール「イオンモール草津」の核店舗。太陽光発電や壁面緑化、琵琶湖の絶滅危惧種を保護する水田を敷地内に備える「環境共生型モール」の先駆的事例。草津サティとして開業後、イオンスタイルに転換。温浴施設（草津湯元 水春）やシネコン、約200の専門店街を抱え、草津市・大津市を含む琵琶湖周辺広域から圧倒的な集客力を誇り、地域最大の週末レジャー・ワンストップショッピング拠点として機能しています。",
        "source": "OpenStreetMap",
        "priority": 2,
        "building_height_est_m": 22.0,
        "site_area_m2": 165410.0,
        "floor_area_m2": 86137.0,
        "polygon_coordinates": [
          [
            135.91648,
            34.998072
          ],
          [
            135.916456,
            34.997748
          ],
          [
            135.916707,
            34.99748
          ],
          [
            135.918319,
            34.997375
          ],
          [
            135.918367,
            34.998025
          ],
          [
            135.916695,
            34.998111
          ],
          [
            135.916686,
            34.998055
          ],
          [
            135.916519,
            34.998069
          ],
          [
            135.91648,
            34.998072
          ]
        ],
        "calculated_area_m2": 11692.0,
        "perimeter_m": 470.7,
        "bbox": [
          135.916456,
          34.997375,
          135.918367,
          34.998111
        ],
        "polygon_source": "OSM_exact_footprint"
      }
    },
    {
      "type": "Feature",
      "id": "way/305806459",
      "geometry": {
        "type": "Polygon",
        "coordinates": [
          [
            [
              135.910485,
              34.998441
            ],
            [
              135.910416,
              34.997689
            ],
            [
              135.910953,
              34.997665
            ],
            [
              135.910957,
              34.997612
            ],
            [
              135.911096,
              34.997604
            ],
            [
              135.911096,
              34.997647
            ],
            [
              135.911958,
              34.9976
            ],
            [
              135.911967,
              34.997647
            ],
            [
              135.912025,
              34.997644
            ],
            [
              135.912848,
              34.9976
            ],
            [
              135.912846,
              34.997525
            ],
            [
              135.913033,
              34.997564
            ],
            [
              135.913053,
              34.99752
            ],
            [
              135.913106,
              34.997473
            ],
            [
              135.913175,
              34.997448
            ],
            [
              135.913285,
              34.997448
            ],
            [
              135.913363,
              34.997474
            ],
            [
              135.914001,
              34.997099
            ],
            [
              135.914059,
              34.997166
            ],
            [
              135.914461,
              34.996932
            ],
            [
              135.914858,
              34.997395
            ],
            [
              135.914779,
              34.997447
            ],
            [
              135.914898,
              34.997575
            ],
            [
              135.914248,
              34.99795
            ],
            [
              135.914185,
              34.997884
            ],
            [
              135.913528,
              34.998258
            ],
            [
              135.913473,
              34.998336
            ],
            [
              135.913391,
              34.998372
            ],
            [
              135.913304,
              34.998377
            ],
            [
              135.91278,
              34.998405
            ],
            [
              135.912754,
              34.998477
            ],
            [
              135.912693,
              34.998542
            ],
            [
              135.912648,
              34.998581
            ],
            [
              135.912594,
              34.998608
            ],
            [
              135.912529,
              34.998632
            ],
            [
              135.912464,
              34.998643
            ],
            [
              135.912396,
              34.998641
            ],
            [
              135.912306,
              34.99863
            ],
            [
              135.912239,
              34.998594
            ],
            [
              135.912172,
              34.99856
            ],
            [
              135.912117,
              34.998503
            ],
            [
              135.912078,
              34.998428
            ],
            [
              135.911045,
              34.998495
            ],
            [
              135.911045,
              34.998453
            ],
            [
              135.9109,
              34.998458
            ],
            [
              135.9109,
              34.998429
            ],
            [
              135.910485,
              34.998441
            ]
          ]
        ]
      },
      "properties": {
        "id": "way/305806459",
        "osm_id": 305806459,
        "osm_type": "way",
        "name": "イオンモール草津モール棟",
        "name_en": "",
        "lat": 34.997788,
        "lon": 135.912657,
        "brand": "イオン",
        "brand_wikidata": "Q305335",
        "mall_type": "イオンモール",
        "prefecture": "滋賀県",
        "city": "",
        "address": "滋賀県",
        "website": "",
        "opening_hours": "",
        "phone": "",
        "opening_year": "2008年11月26日",
        "area": "敷地面積: 約165,410㎡、商業施設面積: 約86,137㎡ (施設全体)",
        "former_building": "新規開発（核店舗はマイカル運営の「草津サティ」）",
        "demand_and_features": "琵琶湖東岸、近江大橋のたもとに位置する西日本最大級のメガモール「イオンモール草津」の核店舗。太陽光発電や壁面緑化、琵琶湖の絶滅危惧種を保護する水田を敷地内に備える「環境共生型モール」の先駆的事例。草津サティとして開業後、イオンスタイルに転換。温浴施設（草津湯元 水春）やシネコン、約200の専門店街を抱え、草津市・大津市を含む琵琶湖周辺広域から圧倒的な集客力を誇り、地域最大の週末レジャー・ワンストップショッピング拠点として機能しています。",
        "source": "OpenStreetMap",
        "priority": 2,
        "building_height_est_m": 22.0,
        "site_area_m2": 165410.0,
        "floor_area_m2": 86137.0,
        "polygon_coordinates": [
          [
            135.910485,
            34.998441
          ],
          [
            135.910416,
            34.997689
          ],
          [
            135.910953,
            34.997665
          ],
          [
            135.910957,
            34.997612
          ],
          [
            135.911096,
            34.997604
          ],
          [
            135.911096,
            34.997647
          ],
          [
            135.911958,
            34.9976
          ],
          [
            135.911967,
            34.997647
          ],
          [
            135.912025,
            34.997644
          ],
          [
            135.912848,
            34.9976
          ],
          [
            135.912846,
            34.997525
          ],
          [
            135.913033,
            34.997564
          ],
          [
            135.913053,
            34.99752
          ],
          [
            135.913106,
            34.997473
          ],
          [
            135.913175,
            34.997448
          ],
          [
            135.913285,
            34.997448
          ],
          [
            135.913363,
            34.997474
          ],
          [
            135.914001,
            34.997099
          ],
          [
            135.914059,
            34.997166
          ],
          [
            135.914461,
            34.996932
          ],
          [
            135.914858,
            34.997395
          ],
          [
            135.914779,
            34.997447
          ],
          [
            135.914898,
            34.997575
          ],
          [
            135.914248,
            34.99795
          ],
          [
            135.914185,
            34.997884
          ],
          [
            135.913528,
            34.998258
          ],
          [
            135.913473,
            34.998336
          ],
          [
            135.913391,
            34.998372
          ],
          [
            135.913304,
            34.998377
          ],
          [
            135.91278,
            34.998405
          ],
          [
            135.912754,
            34.998477
          ],
          [
            135.912693,
            34.998542
          ],
          [
            135.912648,
            34.998581
          ],
          [
            135.912594,
            34.998608
          ],
          [
            135.912529,
            34.998632
          ],
          [
            135.912464,
            34.998643
          ],
          [
            135.912396,
            34.998641
          ],
          [
            135.912306,
            34.99863
          ],
          [
            135.912239,
            34.998594
          ],
          [
            135.912172,
            34.99856
          ],
          [
            135.912117,
            34.998503
          ],
          [
            135.912078,
            34.998428
          ],
          [
            135.911045,
            34.998495
          ],
          [
            135.911045,
            34.998453
          ],
          [
            135.9109,
            34.998458
          ],
          [
            135.9109,
            34.998429
          ],
          [
            135.910485,
            34.998441
          ]
        ],
        "calculated_area_m2": 37194.2,
        "perimeter_m": 1068.1,
        "bbox": [
          135.910416,
          34.996932,
          135.914898,
          34.998643
        ],
        "polygon_source": "OSM_exact_footprint"
      }
    },
    {
      "type": "Feature",
      "id": "way/192625337",
      "geometry": {
        "type": "Polygon",
        "coordinates": [
          [
            [
              135.72621,
              34.997351
            ],
            [
              135.726211,
              34.997468
            ],
            [
              135.726516,
              34.997641
            ],
            [
              135.727278,
              34.998101
            ],
            [
              135.727276,
              34.99812
            ],
            [
              135.727394,
              34.998125
            ],
            [
              135.727391,
              34.998228
            ],
            [
              135.727946,
              34.998238
            ],
            [
              135.727972,
              34.997741
            ],
            [
              135.727973,
              34.997687
            ],
            [
              135.727974,
              34.997667
            ],
            [
              135.727992,
              34.996871
            ],
            [
              135.727286,
              34.996853
            ],
            [
              135.726484,
              34.996833
            ],
            [
              135.726235,
              34.996831
            ],
            [
              135.726233,
              34.996849
            ],
            [
              135.726229,
              34.99697
            ],
            [
              135.725951,
              34.996967
            ],
            [
              135.725948,
              34.99735
            ],
            [
              135.726103,
              34.997352
            ],
            [
              135.726181,
              34.997351
            ],
            [
              135.72621,
              34.997351
            ]
          ]
        ]
      },
      "properties": {
        "id": "way/192625337",
        "osm_id": 192625337,
        "osm_type": "way",
        "name": "イオンモール 京都五条",
        "name_en": "AEON",
        "lat": 34.997535,
        "lon": 135.72697,
        "brand": "イオンモール",
        "brand_wikidata": "Q11286068",
        "mall_type": "イオンモール",
        "prefecture": "京都府",
        "city": "京都市",
        "address": "京都府京都市右京区",
        "website": "https://kyotogojyo-aeonmall.com/",
        "opening_hours": "",
        "phone": "",
        "opening_year": "2004年3月3日（ダイヤモンドシティ・ハナの核店舗「ジャスコ京都五条店」として開業）",
        "area": "約14,800 m²（直営売場面積、イオンモール全体の店舗面積は約35,000 m²）",
        "former_building": "ジャスコ京都五条店（ダイヤモンドシティ・ハナ）",
        "demand_and_features": "五条通（国道9号）沿いに位置する「イオンモール京都五条」の核店舗。かつてのダイヤモンドシティ・ハナ。右京区・西京区などの住宅街に近く、ファミリー層や自家用車での来店者が非常に多い。京都らしい落ち着いた和テイストの内装と、充実した和菓子・銘産品売場が特徴。2020年代にイオンスタイルへと転換され、デリカやオーガニック食品、冷凍食品の品揃えを大幅に強化。コンパクトで買い回りしやすいモールとして、週末・平日を問わず安定した集客力を持つ。",
        "source": "OpenStreetMap",
        "priority": 2,
        "building_height_est_m": 22.0,
        "site_area_m2": 56000.0,
        "floor_area_m2": 35000.0,
        "polygon_coordinates": [
          [
            135.72621,
            34.997351
          ],
          [
            135.726211,
            34.997468
          ],
          [
            135.726516,
            34.997641
          ],
          [
            135.727278,
            34.998101
          ],
          [
            135.727276,
            34.99812
          ],
          [
            135.727394,
            34.998125
          ],
          [
            135.727391,
            34.998228
          ],
          [
            135.727946,
            34.998238
          ],
          [
            135.727972,
            34.997741
          ],
          [
            135.727973,
            34.997687
          ],
          [
            135.727974,
            34.997667
          ],
          [
            135.727992,
            34.996871
          ],
          [
            135.727286,
            34.996853
          ],
          [
            135.726484,
            34.996833
          ],
          [
            135.726235,
            34.996831
          ],
          [
            135.726233,
            34.996849
          ],
          [
            135.726229,
            34.99697
          ],
          [
            135.725951,
            34.996967
          ],
          [
            135.725948,
            34.99735
          ],
          [
            135.726103,
            34.997352
          ],
          [
            135.726181,
            34.997351
          ],
          [
            135.72621,
            34.997351
          ]
        ],
        "calculated_area_m2": 20593.7,
        "perimeter_m": 626.2,
        "bbox": [
          135.725948,
          34.996831,
          135.727992,
          34.998238
        ],
        "polygon_source": "OSM_exact_footprint"
      }
    },
    {
      "type": "Feature",
      "id": "way/202088298",
      "geometry": {
        "type": "Polygon",
        "coordinates": [
          [
            [
              135.754126,
              34.983493
            ],
            [
              135.755099,
              34.983482
            ],
            [
              135.755144,
              34.983426
            ],
            [
              135.755145,
              34.983253
            ],
            [
              135.755154,
              34.982939
            ],
            [
              135.755171,
              34.982939
            ],
            [
              135.755172,
              34.982857
            ],
            [
              135.755206,
              34.982856
            ],
            [
              135.755202,
              34.982589
            ],
            [
              135.75526,
              34.982588
            ],
            [
              135.755261,
              34.982518
            ],
            [
              135.755262,
              34.982462
            ],
            [
              135.755265,
              34.9822
            ],
            [
              135.755266,
              34.982034
            ],
            [
              135.754818,
              34.98204
            ],
            [
              135.754823,
              34.981973
            ],
            [
              135.753993,
              34.981972
            ],
            [
              135.753983,
              34.983322
            ],
            [
              135.754128,
              34.983322
            ],
            [
              135.754126,
              34.983493
            ]
          ]
        ]
      },
      "properties": {
        "id": "way/202088298",
        "osm_id": 202088298,
        "osm_type": "way",
        "name": "イオンモールKYOTO",
        "name_en": "AEON Mall Kyoto",
        "lat": 34.982732,
        "lon": 135.754625,
        "brand": "イオン",
        "brand_wikidata": "Q305335",
        "mall_type": "イオンモール",
        "prefecture": "京都府",
        "city": "京都市",
        "address": "京都府京都市南区",
        "website": "https://kyoto.aeonmall.jp/",
        "opening_hours": "",
        "phone": "",
        "opening_year": "",
        "area": "",
        "former_building": "",
        "demand_and_features": "",
        "source": "OpenStreetMap",
        "priority": 2,
        "building_height_est_m": 22.0,
        "site_area_m2": 18073.0,
        "floor_area_m2": 9940.2,
        "polygon_coordinates": [
          [
            135.754126,
            34.983493
          ],
          [
            135.755099,
            34.983482
          ],
          [
            135.755144,
            34.983426
          ],
          [
            135.755145,
            34.983253
          ],
          [
            135.755154,
            34.982939
          ],
          [
            135.755171,
            34.982939
          ],
          [
            135.755172,
            34.982857
          ],
          [
            135.755206,
            34.982856
          ],
          [
            135.755202,
            34.982589
          ],
          [
            135.75526,
            34.982588
          ],
          [
            135.755261,
            34.982518
          ],
          [
            135.755262,
            34.982462
          ],
          [
            135.755265,
            34.9822
          ],
          [
            135.755266,
            34.982034
          ],
          [
            135.754818,
            34.98204
          ],
          [
            135.754823,
            34.981973
          ],
          [
            135.753993,
            34.981972
          ],
          [
            135.753983,
            34.983322
          ],
          [
            135.754128,
            34.983322
          ],
          [
            135.754126,
            34.983493
          ]
        ],
        "calculated_area_m2": 18073.0,
        "perimeter_m": 565.2,
        "bbox": [
          135.753983,
          34.981972,
          135.755266,
          34.983493
        ],
        "polygon_source": "OSM_exact_footprint"
      }
    },
    {
      "type": "Feature",
      "id": "way/193843663",
      "geometry": {
        "type": "Polygon",
        "coordinates": [
          [
            [
              135.746072,
              34.89353
            ],
            [
              135.746086,
              34.893696
            ],
            [
              135.746008,
              34.893705
            ],
            [
              135.746086,
              34.894287
            ],
            [
              135.747227,
              34.894184
            ],
            [
              135.747084,
              34.893152
            ],
            [
              135.746953,
              34.892209
            ],
            [
              135.745534,
              34.89233
            ],
            [
              135.745324,
              34.892562
            ],
            [
              135.74507,
              34.892844
            ],
            [
              135.745026,
              34.892892
            ],
            [
              135.745091,
              34.893425
            ],
            [
              135.745355,
              34.893574
            ],
            [
              135.746072,
              34.89353
            ]
          ]
        ]
      },
      "properties": {
        "id": "way/193843663",
        "osm_id": 193843663,
        "osm_type": "way",
        "name": "イオンモール久御山",
        "name_en": "",
        "lat": 34.893248,
        "lon": 135.746127,
        "brand": "イオン",
        "brand_wikidata": "Q305335",
        "mall_type": "イオンモール",
        "prefecture": "京都府",
        "city": "",
        "address": "京都府",
        "website": "",
        "opening_hours": "",
        "phone": "",
        "opening_year": "1999年7月2日",
        "area": "商業施設面積 33,636㎡",
        "former_building": "ジャスコ久御山ショッピングセンター (新規開発)",
        "demand_and_features": "国道1号沿いの交通の要衝に立地する「イオンモール久御山」の核店舗。1999年に「ジャスコ久御山ショッピングセンター」として開業。店舗面積33,636㎡。シネマコンプレックスなどを併設し、久御山町内だけでなく、周辺の宇治市や京都市伏見区、枚方市などの広域から自家用車で訪れる週末ファミリー層が中心顧客。平日も周辺の工業団地や流通関係者などの日常的な買い物・飲食需要が非常に高く、巨大な地域コミュニティの商業拠点となっている。",
        "source": "OpenStreetMap",
        "priority": 2,
        "building_height_est_m": 22.0,
        "site_area_m2": 53817.6,
        "floor_area_m2": 33636.0,
        "polygon_coordinates": [
          [
            135.746072,
            34.89353
          ],
          [
            135.746086,
            34.893696
          ],
          [
            135.746008,
            34.893705
          ],
          [
            135.746086,
            34.894287
          ],
          [
            135.747227,
            34.894184
          ],
          [
            135.747084,
            34.893152
          ],
          [
            135.746953,
            34.892209
          ],
          [
            135.745534,
            34.89233
          ],
          [
            135.745324,
            34.892562
          ],
          [
            135.74507,
            34.892844
          ],
          [
            135.745026,
            34.892892
          ],
          [
            135.745091,
            34.893425
          ],
          [
            135.745355,
            34.893574
          ],
          [
            135.746072,
            34.89353
          ]
        ],
        "calculated_area_m2": 31901.7,
        "perimeter_m": 776.8,
        "bbox": [
          135.745026,
          34.892209,
          135.747227,
          34.894287
        ],
        "polygon_source": "OSM_exact_footprint"
      }
    },
    {
      "type": "Feature",
      "id": "way/1297601994",
      "geometry": {
        "type": "Polygon",
        "coordinates": [
          [
            [
              135.734753,
              35.016067
            ],
            [
              135.735222,
              35.01606
            ],
            [
              135.735216,
              35.015753
            ],
            [
              135.73458,
              35.015762
            ],
            [
              135.734586,
              35.016018
            ],
            [
              135.734751,
              35.016016
            ],
            [
              135.734753,
              35.016067
            ]
          ]
        ]
      },
      "properties": {
        "id": "way/1297601994",
        "osm_id": 1297601994,
        "osm_type": "way",
        "name": "イオンスタイル 西ノ京小町",
        "name_en": "",
        "lat": 35.01591,
        "lon": 135.734901,
        "brand": "イオン",
        "brand_wikidata": "Q305335",
        "mall_type": "イオンスタイル",
        "prefecture": "京都府",
        "city": "",
        "address": "京都府",
        "website": "",
        "opening_hours": "",
        "phone": "",
        "opening_year": "2022年11月2日（イオンスタイル西ノ京小町として開業）",
        "area": "約997.4 m²（店舗面積、敷地面積は3,486.9 m²）",
        "former_building": "新規開発（富永製作所の工場跡地）",
        "demand_and_features": "二条駅や円町駅に近い中京区西ノ京地区の住宅エリアに位置する都市型・高感度の小型イオンスタイル。「西ノ京小町」として日常の食生活にこだわりを持つ周辺のファミリーやシニア層に特化。コンパクトな店内でありながら、旬の生鮮食品や健康を意識したデリカ、冷凍食品、輸入食品などを豊富に展開。「ちょっといいもの」がすぐ買える手軽さが特徴で、レジ待ちのないセルフレジなども完備し、多忙な現役世帯やシニア層から愛されている。",
        "source": "OpenStreetMap",
        "priority": 2,
        "building_height_est_m": 16.0,
        "site_area_m2": 3486.9,
        "floor_area_m2": 3486.9,
        "polygon_coordinates": [
          [
            135.734753,
            35.016067
          ],
          [
            135.735222,
            35.01606
          ],
          [
            135.735216,
            35.015753
          ],
          [
            135.73458,
            35.015762
          ],
          [
            135.734586,
            35.016018
          ],
          [
            135.734751,
            35.016016
          ],
          [
            135.734753,
            35.016067
          ]
        ],
        "calculated_area_m2": 1883.2,
        "perimeter_m": 183.7,
        "bbox": [
          135.73458,
          35.015753,
          135.735222,
          35.016067
        ],
        "polygon_source": "OSM_exact_footprint"
      }
    },
    {
      "type": "Feature",
      "id": "way/1196745466",
      "geometry": {
        "type": "Polygon",
        "coordinates": [
          [
            [
              135.747342,
              35.03078
            ],
            [
              135.747525,
              35.030794
            ],
            [
              135.747526,
              35.030766
            ],
            [
              135.747525,
              35.030705
            ],
            [
              135.747759,
              35.030702
            ],
            [
              135.747753,
              35.031041
            ],
            [
              135.747343,
              35.031039
            ],
            [
              135.747343,
              35.030999
            ],
            [
              135.747343,
              35.030908
            ],
            [
              135.747342,
              35.03078
            ]
          ]
        ]
      },
      "properties": {
        "id": "way/1196745466",
        "osm_id": 1196745466,
        "osm_type": "way",
        "name": "イオンスタイル西陣小町",
        "name_en": "",
        "lat": 35.030872,
        "lon": 135.74755,
        "brand": "イオン",
        "brand_wikidata": "Q305335",
        "mall_type": "イオンスタイル",
        "prefecture": "京都府",
        "city": "",
        "address": "京都府",
        "website": "",
        "opening_hours": "",
        "phone": "",
        "opening_year": "2021年3月10日（イオンスタイル西陣小町として開業）",
        "area": "約906 m²（売場面積、敷地面積は約1,591 m²）",
        "former_building": "新規開発（ラーメン店等の跡地。2000年に撤退した旧ジャスコ西陣店から21年ぶりの地域への再出店）",
        "demand_and_features": "歴史ある西陣織の街並みが色濃く残る京都市上京区の住宅街に位置する、平屋の都市型・小型スーパー。「西陣小町」として、京都の歴史的景観に調和するよう格子をあしらった和モダンな外観が最大の特徴である。2000年に撤退した旧ジャスコ西陣店から21年ぶりとなる地域への出店であり、細い道路が多く遠出が難しい歴史的市街地において、近近のシニア層やこだわり派のファミリー世帯の日常に特化。新鮮な京野菜や京都の伝統食材、デリカを豊富に品揃えし、「歩いて通える高品質な街のスーパー」として定着している。",
        "source": "OpenStreetMap",
        "priority": 2,
        "building_height_est_m": 16.0,
        "site_area_m2": 1591.0,
        "floor_area_m2": 1591.0,
        "polygon_coordinates": [
          [
            135.747342,
            35.03078
          ],
          [
            135.747525,
            35.030794
          ],
          [
            135.747526,
            35.030766
          ],
          [
            135.747525,
            35.030705
          ],
          [
            135.747759,
            35.030702
          ],
          [
            135.747753,
            35.031041
          ],
          [
            135.747343,
            35.031039
          ],
          [
            135.747343,
            35.030999
          ],
          [
            135.747343,
            35.030908
          ],
          [
            135.747342,
            35.03078
          ]
        ],
        "calculated_area_m2": 1247.7,
        "perimeter_m": 151.4,
        "bbox": [
          135.747342,
          35.030702,
          135.747759,
          35.031041
        ],
        "polygon_source": "OSM_exact_footprint"
      }
    },
    {
      "type": "Feature",
      "id": "way/146433202",
      "geometry": {
        "type": "Polygon",
        "coordinates": [
          [
            [
              135.265646,
              34.379409
            ],
            [
              135.265962,
              34.379169
            ],
            [
              135.266007,
              34.379165
            ],
            [
              135.266049,
              34.379206
            ],
            [
              135.26612,
              34.379161
            ],
            [
              135.266152,
              34.379184
            ],
            [
              135.266191,
              34.379213
            ],
            [
              135.266692,
              34.378828
            ],
            [
              135.266897,
              34.37901
            ],
            [
              135.266969,
              34.378957
            ],
            [
              135.267289,
              34.379256
            ],
            [
              135.26711,
              34.379399
            ],
            [
              135.267311,
              34.379597
            ],
            [
              135.267226,
              34.379656
            ],
            [
              135.26773,
              34.380124
            ],
            [
              135.267887,
              34.380002
            ],
            [
              135.268005,
              34.380102
            ],
            [
              135.268133,
              34.38021
            ],
            [
              135.268045,
              34.380279
            ],
            [
              135.268087,
              34.380319
            ],
            [
              135.267949,
              34.380424
            ],
            [
              135.268343,
              34.380771
            ],
            [
              135.268726,
              34.381106
            ],
            [
              135.268784,
              34.381095
            ],
            [
              135.268882,
              34.381095
            ],
            [
              135.26893,
              34.381132
            ],
            [
              135.269025,
              34.381057
            ],
            [
              135.269074,
              34.381068
            ],
            [
              135.269756,
              34.381682
            ],
            [
              135.269813,
              34.38174
            ],
            [
              135.269811,
              34.381768
            ],
            [
              135.269746,
              34.381817
            ],
            [
              135.269708,
              34.381848
            ],
            [
              135.269746,
              34.381887
            ],
            [
              135.269763,
              34.381906
            ],
            [
              135.26893,
              34.382564
            ],
            [
              135.268477,
              34.38216
            ],
            [
              135.268072,
              34.381799
            ],
            [
              135.267847,
              34.38159
            ],
            [
              135.267709,
              34.38154
            ],
            [
              135.267477,
              34.381349
            ],
            [
              135.267446,
              34.381357
            ],
            [
              135.267261,
              34.381197
            ],
            [
              135.267257,
              34.381167
            ],
            [
              135.267071,
              34.380963
            ],
            [
              135.267043,
              34.380862
            ],
            [
              135.267034,
              34.380775
            ],
            [
              135.267266,
              34.380637
            ],
            [
              135.266447,
              34.379913
            ],
            [
              135.266325,
              34.380009
            ],
            [
              135.266282,
              34.380008
            ],
            [
              135.265678,
              34.379463
            ],
            [
              135.265646,
              34.379409
            ]
          ]
        ]
      },
      "properties": {
        "id": "way/146433202",
        "osm_id": 146433202,
        "osm_type": "way",
        "name": "イオンモールりんくう泉南",
        "name_en": "AEON MALL Rinkū-Sennan",
        "lat": 34.380696,
        "lon": 135.26773,
        "brand": "イオンモール",
        "brand_wikidata": "Q11286068",
        "mall_type": "イオンモール",
        "prefecture": "大阪府",
        "city": "泉南市",
        "address": "大阪府泉南市りんくう南浜12",
        "website": "https://rinkusennan-aeonmall.com/",
        "opening_hours": "Mo-Su 10:00-21:00",
        "phone": "",
        "opening_year": "2004年11月12日",
        "area": "敷地面積: 約140,000㎡ / 総賃貸面積: 約76,000㎡",
        "former_building": "りんくうタウン空地（新規開発）。※開業当時の核店舗名は「ジャスコりんくう泉南店」",
        "demand_and_features": "大阪湾や関西国際空港を一望できるりんくうタウンに立地する大型の広域モール「イオンモールりんくう泉南」の核店舗。サンセットが見渡せるフードコートやシネコン、豊富な専門店街を併設。泉南地域住民の日常からレジャーまでの多様なニーズを満たし、さらに関西空港利用の訪日外国人観光客によるインバウンド需要も取り込んでいるのが大きな特徴。",
        "source": "OpenStreetMap",
        "priority": 2,
        "building_height_est_m": 22.0,
        "site_area_m2": 140000.0,
        "floor_area_m2": 76000.0,
        "polygon_coordinates": [
          [
            135.265646,
            34.379409
          ],
          [
            135.265962,
            34.379169
          ],
          [
            135.266007,
            34.379165
          ],
          [
            135.266049,
            34.379206
          ],
          [
            135.26612,
            34.379161
          ],
          [
            135.266152,
            34.379184
          ],
          [
            135.266191,
            34.379213
          ],
          [
            135.266692,
            34.378828
          ],
          [
            135.266897,
            34.37901
          ],
          [
            135.266969,
            34.378957
          ],
          [
            135.267289,
            34.379256
          ],
          [
            135.26711,
            34.379399
          ],
          [
            135.267311,
            34.379597
          ],
          [
            135.267226,
            34.379656
          ],
          [
            135.26773,
            34.380124
          ],
          [
            135.267887,
            34.380002
          ],
          [
            135.268005,
            34.380102
          ],
          [
            135.268133,
            34.38021
          ],
          [
            135.268045,
            34.380279
          ],
          [
            135.268087,
            34.380319
          ],
          [
            135.267949,
            34.380424
          ],
          [
            135.268343,
            34.380771
          ],
          [
            135.268726,
            34.381106
          ],
          [
            135.268784,
            34.381095
          ],
          [
            135.268882,
            34.381095
          ],
          [
            135.26893,
            34.381132
          ],
          [
            135.269025,
            34.381057
          ],
          [
            135.269074,
            34.381068
          ],
          [
            135.269756,
            34.381682
          ],
          [
            135.269813,
            34.38174
          ],
          [
            135.269811,
            34.381768
          ],
          [
            135.269746,
            34.381817
          ],
          [
            135.269708,
            34.381848
          ],
          [
            135.269746,
            34.381887
          ],
          [
            135.269763,
            34.381906
          ],
          [
            135.26893,
            34.382564
          ],
          [
            135.268477,
            34.38216
          ],
          [
            135.268072,
            34.381799
          ],
          [
            135.267847,
            34.38159
          ],
          [
            135.267709,
            34.38154
          ],
          [
            135.267477,
            34.381349
          ],
          [
            135.267446,
            34.381357
          ],
          [
            135.267261,
            34.381197
          ],
          [
            135.267257,
            34.381167
          ],
          [
            135.267071,
            34.380963
          ],
          [
            135.267043,
            34.380862
          ],
          [
            135.267034,
            34.380775
          ],
          [
            135.267266,
            34.380637
          ],
          [
            135.266447,
            34.379913
          ],
          [
            135.266325,
            34.380009
          ],
          [
            135.266282,
            34.380008
          ],
          [
            135.265678,
            34.379463
          ],
          [
            135.265646,
            34.379409
          ]
        ],
        "calculated_area_m2": 47203.7,
        "perimeter_m": 1313.2,
        "bbox": [
          135.265646,
          34.378828,
          135.269813,
          34.382564
        ],
        "polygon_source": "OSM_exact_footprint"
      }
    },
    {
      "type": "Feature",
      "id": "way/186758442",
      "geometry": {
        "type": "Polygon",
        "coordinates": [
          [
            [
              135.422703,
              34.783072
            ],
            [
              135.422652,
              34.783047
            ],
            [
              135.422681,
              34.783015
            ],
            [
              135.422707,
              34.782985
            ],
            [
              135.422308,
              34.782724
            ],
            [
              135.422304,
              34.782637
            ],
            [
              135.422429,
              34.782518
            ],
            [
              135.422378,
              34.782477
            ],
            [
              135.422676,
              34.78217
            ],
            [
              135.422764,
              34.782228
            ],
            [
              135.422877,
              34.782071
            ],
            [
              135.422775,
              34.782023
            ],
            [
              135.422711,
              34.781976
            ],
            [
              135.422671,
              34.781926
            ],
            [
              135.422646,
              34.781871
            ],
            [
              135.422646,
              34.781835
            ],
            [
              135.422654,
              34.781778
            ],
            [
              135.422676,
              34.781739
            ],
            [
              135.422708,
              34.781701
            ],
            [
              135.422743,
              34.781672
            ],
            [
              135.422788,
              34.781646
            ],
            [
              135.422847,
              34.781631
            ],
            [
              135.422896,
              34.781619
            ],
            [
              135.422955,
              34.781622
            ],
            [
              135.423003,
              34.781633
            ],
            [
              135.423046,
              34.781644
            ],
            [
              135.423086,
              34.78167
            ],
            [
              135.42313,
              34.7817
            ],
            [
              135.42341,
              34.781406
            ],
            [
              135.42399,
              34.780796
            ],
            [
              135.424052,
              34.780842
            ],
            [
              135.424146,
              34.780747
            ],
            [
              135.424189,
              34.780787
            ],
            [
              135.424341,
              34.780657
            ],
            [
              135.424543,
              34.780527
            ],
            [
              135.424712,
              34.78045
            ],
            [
              135.424873,
              34.780392
            ],
            [
              135.425078,
              34.780526
            ],
            [
              135.425238,
              34.780629
            ],
            [
              135.425035,
              34.781002
            ],
            [
              135.424564,
              34.781481
            ],
            [
              135.424789,
              34.781639
            ],
            [
              135.424533,
              34.781923
            ],
            [
              135.424639,
              34.781994
            ],
            [
              135.424656,
              34.782019
            ],
            [
              135.424656,
              34.782048
            ],
            [
              135.424428,
              34.782288
            ],
            [
              135.424395,
              34.782314
            ],
            [
              135.424363,
              34.782316
            ],
            [
              135.424325,
              34.782303
            ],
            [
              135.424231,
              34.782239
            ],
            [
              135.424159,
              34.7823
            ],
            [
              135.424277,
              34.782375
            ],
            [
              135.424299,
              34.782404
            ],
            [
              135.424284,
              34.782438
            ],
            [
              135.424262,
              34.782469
            ],
            [
              135.424058,
              34.782676
            ],
            [
              135.42403,
              34.782688
            ],
            [
              135.423998,
              34.782692
            ],
            [
              135.423969,
              34.782681
            ],
            [
              135.423931,
              34.782659
            ],
            [
              135.423861,
              34.782611
            ],
            [
              135.423835,
              34.782635
            ],
            [
              135.423556,
              34.782455
            ],
            [
              135.423513,
              34.782492
            ],
            [
              135.42357,
              34.782537
            ],
            [
              135.423135,
              34.782985
            ],
            [
              135.422703,
              34.783072
            ]
          ]
        ]
      },
      "properties": {
        "id": "way/186758442",
        "osm_id": 186758442,
        "osm_type": "way",
        "name": "イオンモール伊丹",
        "name_en": "",
        "lat": 34.781732,
        "lon": 135.423771,
        "brand": "イオン",
        "brand_wikidata": "Q305335",
        "mall_type": "イオンモール",
        "prefecture": "大阪府",
        "city": "",
        "address": "大阪府",
        "website": "",
        "opening_hours": "",
        "phone": "",
        "opening_year": "2002年10月10日",
        "area": "総賃貸面積 約57,000㎡ (モール全体、敷地面積 約61,000㎡)",
        "former_building": "ジャスコ伊丹店 (ダイヤモンドシティ・テラスの核テナント、のちにイオンモール伊丹テラス経てイオン伊丹店)",
        "demand_and_features": "JR伊丹駅前の「イオンモール伊丹」の核店舗。東洋ゴム工業伊丹工場の跡地に、2002年10月に「ダイヤモンドシティ・テラス（ジャスコ伊丹店）」として開業。モール全体の総賃貸面積約57,000㎡。伊丹駅デッキと直結する圧倒的なアクセス環境を誇る。近隣の伊丹市・尼崎市・川西市の若い子育てファミリーがメインターゲット。巨大な食品売場では、即食・簡便・健康をテーマにしたデリカや冷凍食品が極めて高く需要されている。",
        "source": "OpenStreetMap",
        "priority": 2,
        "building_height_est_m": 22.0,
        "site_area_m2": 61000.0,
        "floor_area_m2": 57000.0,
        "polygon_coordinates": [
          [
            135.422703,
            34.783072
          ],
          [
            135.422652,
            34.783047
          ],
          [
            135.422681,
            34.783015
          ],
          [
            135.422707,
            34.782985
          ],
          [
            135.422308,
            34.782724
          ],
          [
            135.422304,
            34.782637
          ],
          [
            135.422429,
            34.782518
          ],
          [
            135.422378,
            34.782477
          ],
          [
            135.422676,
            34.78217
          ],
          [
            135.422764,
            34.782228
          ],
          [
            135.422877,
            34.782071
          ],
          [
            135.422775,
            34.782023
          ],
          [
            135.422711,
            34.781976
          ],
          [
            135.422671,
            34.781926
          ],
          [
            135.422646,
            34.781871
          ],
          [
            135.422646,
            34.781835
          ],
          [
            135.422654,
            34.781778
          ],
          [
            135.422676,
            34.781739
          ],
          [
            135.422708,
            34.781701
          ],
          [
            135.422743,
            34.781672
          ],
          [
            135.422788,
            34.781646
          ],
          [
            135.422847,
            34.781631
          ],
          [
            135.422896,
            34.781619
          ],
          [
            135.422955,
            34.781622
          ],
          [
            135.423003,
            34.781633
          ],
          [
            135.423046,
            34.781644
          ],
          [
            135.423086,
            34.78167
          ],
          [
            135.42313,
            34.7817
          ],
          [
            135.42341,
            34.781406
          ],
          [
            135.42399,
            34.780796
          ],
          [
            135.424052,
            34.780842
          ],
          [
            135.424146,
            34.780747
          ],
          [
            135.424189,
            34.780787
          ],
          [
            135.424341,
            34.780657
          ],
          [
            135.424543,
            34.780527
          ],
          [
            135.424712,
            34.78045
          ],
          [
            135.424873,
            34.780392
          ],
          [
            135.425078,
            34.780526
          ],
          [
            135.425238,
            34.780629
          ],
          [
            135.425035,
            34.781002
          ],
          [
            135.424564,
            34.781481
          ],
          [
            135.424789,
            34.781639
          ],
          [
            135.424533,
            34.781923
          ],
          [
            135.424639,
            34.781994
          ],
          [
            135.424656,
            34.782019
          ],
          [
            135.424656,
            34.782048
          ],
          [
            135.424428,
            34.782288
          ],
          [
            135.424395,
            34.782314
          ],
          [
            135.424363,
            34.782316
          ],
          [
            135.424325,
            34.782303
          ],
          [
            135.424231,
            34.782239
          ],
          [
            135.424159,
            34.7823
          ],
          [
            135.424277,
            34.782375
          ],
          [
            135.424299,
            34.782404
          ],
          [
            135.424284,
            34.782438
          ],
          [
            135.424262,
            34.782469
          ],
          [
            135.424058,
            34.782676
          ],
          [
            135.42403,
            34.782688
          ],
          [
            135.423998,
            34.782692
          ],
          [
            135.423969,
            34.782681
          ],
          [
            135.423931,
            34.782659
          ],
          [
            135.423861,
            34.782611
          ],
          [
            135.423835,
            34.782635
          ],
          [
            135.423556,
            34.782455
          ],
          [
            135.423513,
            34.782492
          ],
          [
            135.42357,
            34.782537
          ],
          [
            135.423135,
            34.782985
          ],
          [
            135.422703,
            34.783072
          ]
        ],
        "calculated_area_m2": 35004.8,
        "perimeter_m": 1030.4,
        "bbox": [
          135.422304,
          34.780392,
          135.425238,
          34.783072
        ],
        "polygon_source": "OSM_exact_footprint"
      }
    },
    {
      "type": "Feature",
      "id": "way/130863472",
      "geometry": {
        "type": "Polygon",
        "coordinates": [
          [
            [
              135.382754,
              34.785767
            ],
            [
              135.382911,
              34.785522
            ],
            [
              135.383392,
              34.785707
            ],
            [
              135.383677,
              34.784954
            ],
            [
              135.38378,
              34.784774
            ],
            [
              135.38386,
              34.784566
            ],
            [
              135.384071,
              34.783971
            ],
            [
              135.384039,
              34.783879
            ],
            [
              135.383849,
              34.783855
            ],
            [
              135.383328,
              34.783859
            ],
            [
              135.382907,
              34.783821
            ],
            [
              135.382138,
              34.783824
            ],
            [
              135.381012,
              34.784019
            ],
            [
              135.380716,
              34.784033
            ],
            [
              135.380713,
              34.784098
            ],
            [
              135.380088,
              34.784252
            ],
            [
              135.380023,
              34.784228
            ],
            [
              135.379843,
              34.784517
            ],
            [
              135.379813,
              34.784556
            ],
            [
              135.379474,
              34.784409
            ],
            [
              135.379078,
              34.785024
            ],
            [
              135.379163,
              34.785048
            ],
            [
              135.379571,
              34.785227
            ],
            [
              135.379683,
              34.785325
            ],
            [
              135.380023,
              34.78549
            ],
            [
              135.380081,
              34.785495
            ],
            [
              135.380606,
              34.785804
            ],
            [
              135.3809,
              34.785937
            ],
            [
              135.381247,
              34.786071
            ],
            [
              135.381705,
              34.785316
            ],
            [
              135.382754,
              34.785767
            ]
          ]
        ]
      },
      "properties": {
        "id": "way/130863472",
        "osm_id": 130863472,
        "osm_type": "way",
        "name": "イオンモール伊丹昆陽",
        "name_en": "",
        "lat": 34.784946,
        "lon": 135.381574,
        "brand": "イオン",
        "brand_wikidata": "Q305335",
        "mall_type": "イオンモール",
        "prefecture": "大阪府",
        "city": "",
        "address": "大阪府",
        "website": "",
        "opening_hours": "",
        "phone": "",
        "opening_year": "2011年3月25日（※当初は『伊丹西サティ』として計画。2017年に直営売場をイオンスタイルへ刷新）",
        "area": "商業施設面積：約72,125㎡（敷地面積：約66,200㎡、施設全体）",
        "former_building": "三菱電線工業伊丹製作所跡地",
        "demand_and_features": "伊丹市池尻の住宅密集地に位置する巨大モール『イオンモール伊丹昆陽』の核店舗。マイカルの経営統合の端境期に開業したため、幻のサティ計画から直営イオンとして誕生した歴史を持つ。駅前の『イオンモール伊丹』が鉄道利用客を掴むのに対し、こちらは伊丹・尼崎・宝塚の境界エリアの広大なマイカー世帯をターゲットにし、環境共生（スマートイオン）とバリアフリーを徹底。食料品・日用品からライフスタイル提案まで、周辺世帯の日常を支え尽くすメガインフラ。",
        "source": "OpenStreetMap",
        "priority": 2,
        "building_height_est_m": 22.0,
        "site_area_m2": 66200.0,
        "floor_area_m2": 72125.0,
        "polygon_coordinates": [
          [
            135.382754,
            34.785767
          ],
          [
            135.382911,
            34.785522
          ],
          [
            135.383392,
            34.785707
          ],
          [
            135.383677,
            34.784954
          ],
          [
            135.38378,
            34.784774
          ],
          [
            135.38386,
            34.784566
          ],
          [
            135.384071,
            34.783971
          ],
          [
            135.384039,
            34.783879
          ],
          [
            135.383849,
            34.783855
          ],
          [
            135.383328,
            34.783859
          ],
          [
            135.382907,
            34.783821
          ],
          [
            135.382138,
            34.783824
          ],
          [
            135.381012,
            34.784019
          ],
          [
            135.380716,
            34.784033
          ],
          [
            135.380713,
            34.784098
          ],
          [
            135.380088,
            34.784252
          ],
          [
            135.380023,
            34.784228
          ],
          [
            135.379843,
            34.784517
          ],
          [
            135.379813,
            34.784556
          ],
          [
            135.379474,
            34.784409
          ],
          [
            135.379078,
            34.785024
          ],
          [
            135.379163,
            34.785048
          ],
          [
            135.379571,
            34.785227
          ],
          [
            135.379683,
            34.785325
          ],
          [
            135.380023,
            34.78549
          ],
          [
            135.380081,
            34.785495
          ],
          [
            135.380606,
            34.785804
          ],
          [
            135.3809,
            34.785937
          ],
          [
            135.381247,
            34.786071
          ],
          [
            135.381705,
            34.785316
          ],
          [
            135.382754,
            34.785767
          ]
        ],
        "calculated_area_m2": 71862.6,
        "perimeter_m": 1257.4,
        "bbox": [
          135.379078,
          34.783821,
          135.384071,
          34.786071
        ],
        "polygon_source": "OSM_exact_footprint"
      }
    },
    {
      "type": "Feature",
      "id": "way/386776288",
      "geometry": {
        "type": "Polygon",
        "coordinates": [
          [
            [
              135.629758,
              34.745683
            ],
            [
              135.629723,
              34.74566
            ],
            [
              135.628732,
              34.745386
            ],
            [
              135.628718,
              34.745422
            ],
            [
              135.628703,
              34.745458
            ],
            [
              135.628602,
              34.745435
            ],
            [
              135.62858,
              34.74549
            ],
            [
              135.62841,
              34.74544
            ],
            [
              135.628305,
              34.745412
            ],
            [
              135.628212,
              34.745387
            ],
            [
              135.628134,
              34.745364
            ],
            [
              135.628155,
              34.74531
            ],
            [
              135.627679,
              34.745182
            ],
            [
              135.627659,
              34.745228
            ],
            [
              135.627597,
              34.745209
            ],
            [
              135.627423,
              34.745277
            ],
            [
              135.627396,
              34.745358
            ],
            [
              135.627366,
              34.745345
            ],
            [
              135.627332,
              34.745431
            ],
            [
              135.627363,
              34.74544
            ],
            [
              135.62731,
              34.745564
            ],
            [
              135.627269,
              34.745658
            ],
            [
              135.627186,
              34.745864
            ],
            [
              135.627206,
              34.745861
            ],
            [
              135.627258,
              34.745905
            ],
            [
              135.627325,
              34.745956
            ],
            [
              135.627425,
              34.746014
            ],
            [
              135.627545,
              34.746067
            ],
            [
              135.627692,
              34.746119
            ],
            [
              135.627704,
              34.746128
            ],
            [
              135.627704,
              34.746141
            ],
            [
              135.627678,
              34.746195
            ],
            [
              135.627871,
              34.746243
            ],
            [
              135.628036,
              34.7463
            ],
            [
              135.6282,
              34.746347
            ],
            [
              135.628201,
              34.746354
            ],
            [
              135.628189,
              34.746398
            ],
            [
              135.628348,
              34.746426
            ],
            [
              135.628358,
              34.746382
            ],
            [
              135.628363,
              34.746376
            ],
            [
              135.628372,
              34.746374
            ],
            [
              135.628399,
              34.746378
            ],
            [
              135.628503,
              34.74639
            ],
            [
              135.628623,
              34.746395
            ],
            [
              135.62873,
              34.746394
            ],
            [
              135.628842,
              34.746386
            ],
            [
              135.628903,
              34.746378
            ],
            [
              135.628937,
              34.746375
            ],
            [
              135.629028,
              34.746403
            ],
            [
              135.629057,
              34.746327
            ],
            [
              135.62907,
              34.746327
            ],
            [
              135.629349,
              34.746409
            ],
            [
              135.629957,
              34.747013
            ],
            [
              135.63006,
              34.747121
            ],
            [
              135.630354,
              34.747446
            ],
            [
              135.630323,
              34.74748
            ],
            [
              135.630384,
              34.747546
            ],
            [
              135.630439,
              34.74753
            ],
            [
              135.630477,
              34.747563
            ],
            [
              135.630515,
              34.747567
            ],
            [
              135.630616,
              34.747571
            ],
            [
              135.63069,
              34.747515
            ],
            [
              135.630744,
              34.747573
            ],
            [
              135.631055,
              34.747362
            ],
            [
              135.631025,
              34.747329
            ],
            [
              135.631189,
              34.747217
            ],
            [
              135.631182,
              34.747113
            ],
            [
              135.63081,
              34.746732
            ],
            [
              135.630848,
              34.746707
            ],
            [
              135.630888,
              34.746686
            ],
            [
              135.630631,
              34.746433
            ],
            [
              135.63056,
              34.746474
            ],
            [
              135.630325,
              34.74624
            ],
            [
              135.630165,
              34.74635
            ],
            [
              135.630149,
              34.746335
            ],
            [
              135.630132,
              34.746316
            ],
            [
              135.630106,
              34.746292
            ],
            [
              135.62984,
              34.746021
            ],
            [
              135.629866,
              34.746005
            ],
            [
              135.629913,
              34.745973
            ],
            [
              135.629994,
              34.745918
            ],
            [
              135.629758,
              34.745683
            ]
          ]
        ]
      },
      "properties": {
        "id": "way/386776288",
        "osm_id": 386776288,
        "osm_type": "way",
        "name": "イオンモール四條畷",
        "name_en": "AEON MALL Shijonawate",
        "lat": 34.746378,
        "lon": 135.629188,
        "brand": "イオンモール",
        "brand_wikidata": "Q11286068",
        "mall_type": "イオンモール",
        "prefecture": "大阪府",
        "city": "四條畷市",
        "address": "大阪府四條畷市砂2",
        "website": "https://shijonawate-aeonmall.com/",
        "opening_hours": "",
        "phone": "",
        "opening_year": "2015年10月23日",
        "area": "総賃貸面積 約75,000㎡ (モール全体)",
        "former_building": "新規開発 (砂・新家地区に新規開発。事実上の前身は2016年閉店の旧イオンモール寝屋川)",
        "demand_and_features": "四條畷市と寝屋川市の境界部に位置する大型モール「イオンモール四條畷」の核店舗。2015年10月に新規開業。商業施設面積約75,000㎡。2016年に閉店した旧「イオンモール寝屋川」の実質的な後継機能を担う。周辺の寝屋川・四條畷エリアから自家用車で来店するファミリー層がターゲット。核店舗として最大級の生鮮食品売場や惣菜、地場産の食材コーナー、広いキッズ衣料・玩具売場を擁し、地域の休日消費と日常購買を強力に牽引。",
        "source": "OpenStreetMap",
        "priority": 2,
        "building_height_est_m": 22.0,
        "site_area_m2": 120000.0,
        "floor_area_m2": 75000.0,
        "polygon_coordinates": [
          [
            135.629758,
            34.745683
          ],
          [
            135.629723,
            34.74566
          ],
          [
            135.628732,
            34.745386
          ],
          [
            135.628718,
            34.745422
          ],
          [
            135.628703,
            34.745458
          ],
          [
            135.628602,
            34.745435
          ],
          [
            135.62858,
            34.74549
          ],
          [
            135.62841,
            34.74544
          ],
          [
            135.628305,
            34.745412
          ],
          [
            135.628212,
            34.745387
          ],
          [
            135.628134,
            34.745364
          ],
          [
            135.628155,
            34.74531
          ],
          [
            135.627679,
            34.745182
          ],
          [
            135.627659,
            34.745228
          ],
          [
            135.627597,
            34.745209
          ],
          [
            135.627423,
            34.745277
          ],
          [
            135.627396,
            34.745358
          ],
          [
            135.627366,
            34.745345
          ],
          [
            135.627332,
            34.745431
          ],
          [
            135.627363,
            34.74544
          ],
          [
            135.62731,
            34.745564
          ],
          [
            135.627269,
            34.745658
          ],
          [
            135.627186,
            34.745864
          ],
          [
            135.627206,
            34.745861
          ],
          [
            135.627258,
            34.745905
          ],
          [
            135.627325,
            34.745956
          ],
          [
            135.627425,
            34.746014
          ],
          [
            135.627545,
            34.746067
          ],
          [
            135.627692,
            34.746119
          ],
          [
            135.627704,
            34.746128
          ],
          [
            135.627704,
            34.746141
          ],
          [
            135.627678,
            34.746195
          ],
          [
            135.627871,
            34.746243
          ],
          [
            135.628036,
            34.7463
          ],
          [
            135.6282,
            34.746347
          ],
          [
            135.628201,
            34.746354
          ],
          [
            135.628189,
            34.746398
          ],
          [
            135.628348,
            34.746426
          ],
          [
            135.628358,
            34.746382
          ],
          [
            135.628363,
            34.746376
          ],
          [
            135.628372,
            34.746374
          ],
          [
            135.628399,
            34.746378
          ],
          [
            135.628503,
            34.74639
          ],
          [
            135.628623,
            34.746395
          ],
          [
            135.62873,
            34.746394
          ],
          [
            135.628842,
            34.746386
          ],
          [
            135.628903,
            34.746378
          ],
          [
            135.628937,
            34.746375
          ],
          [
            135.629028,
            34.746403
          ],
          [
            135.629057,
            34.746327
          ],
          [
            135.62907,
            34.746327
          ],
          [
            135.629349,
            34.746409
          ],
          [
            135.629957,
            34.747013
          ],
          [
            135.63006,
            34.747121
          ],
          [
            135.630354,
            34.747446
          ],
          [
            135.630323,
            34.74748
          ],
          [
            135.630384,
            34.747546
          ],
          [
            135.630439,
            34.74753
          ],
          [
            135.630477,
            34.747563
          ],
          [
            135.630515,
            34.747567
          ],
          [
            135.630616,
            34.747571
          ],
          [
            135.63069,
            34.747515
          ],
          [
            135.630744,
            34.747573
          ],
          [
            135.631055,
            34.747362
          ],
          [
            135.631025,
            34.747329
          ],
          [
            135.631189,
            34.747217
          ],
          [
            135.631182,
            34.747113
          ],
          [
            135.63081,
            34.746732
          ],
          [
            135.630848,
            34.746707
          ],
          [
            135.630888,
            34.746686
          ],
          [
            135.630631,
            34.746433
          ],
          [
            135.63056,
            34.746474
          ],
          [
            135.630325,
            34.74624
          ],
          [
            135.630165,
            34.74635
          ],
          [
            135.630149,
            34.746335
          ],
          [
            135.630132,
            34.746316
          ],
          [
            135.630106,
            34.746292
          ],
          [
            135.62984,
            34.746021
          ],
          [
            135.629866,
            34.746005
          ],
          [
            135.629913,
            34.745973
          ],
          [
            135.629994,
            34.745918
          ],
          [
            135.629758,
            34.745683
          ]
        ],
        "calculated_area_m2": 36221.5,
        "perimeter_m": 1096.2,
        "bbox": [
          135.627186,
          34.745182,
          135.631189,
          34.747573
        ],
        "polygon_source": "OSM_exact_footprint"
      }
    },
    {
      "type": "Feature",
      "id": "way/195851371",
      "geometry": {
        "type": "Polygon",
        "coordinates": [
          [
            [
              135.514018,
              34.585851
            ],
            [
              135.514155,
              34.585884
            ],
            [
              135.514892,
              34.586076
            ],
            [
              135.51511,
              34.585453
            ],
            [
              135.515161,
              34.585468
            ],
            [
              135.515202,
              34.585479
            ],
            [
              135.515301,
              34.585184
            ],
            [
              135.515322,
              34.585121
            ],
            [
              135.515447,
              34.584742
            ],
            [
              135.51545,
              34.584732
            ],
            [
              135.515503,
              34.58457
            ],
            [
              135.515531,
              34.584544
            ],
            [
              135.515746,
              34.584284
            ],
            [
              135.51589,
              34.583951
            ],
            [
              135.515928,
              34.583811
            ],
            [
              135.515944,
              34.583643
            ],
            [
              135.515941,
              34.583343
            ],
            [
              135.515864,
              34.58309
            ],
            [
              135.515814,
              34.582994
            ],
            [
              135.515794,
              34.582955
            ],
            [
              135.515656,
              34.58303
            ],
            [
              135.515544,
              34.583152
            ],
            [
              135.515352,
              34.583397
            ],
            [
              135.515315,
              34.58347
            ],
            [
              135.515279,
              34.583463
            ],
            [
              135.515062,
              34.583409
            ],
            [
              135.51483,
              34.58335
            ],
            [
              135.514735,
              34.583328
            ],
            [
              135.51455,
              34.58332
            ],
            [
              135.514383,
              34.583334
            ],
            [
              135.514192,
              34.583924
            ],
            [
              135.514865,
              34.584091
            ],
            [
              135.514999,
              34.584125
            ],
            [
              135.514986,
              34.584165
            ],
            [
              135.51484,
              34.584572
            ],
            [
              135.514822,
              34.584645
            ],
            [
              135.514691,
              34.585009
            ],
            [
              135.514677,
              34.585045
            ],
            [
              135.514322,
              34.584959
            ],
            [
              135.514252,
              34.585156
            ],
            [
              135.514018,
              34.585851
            ]
          ]
        ]
      },
      "properties": {
        "id": "way/195851371",
        "osm_id": 195851371,
        "osm_type": "way",
        "name": "イオンモール堺北花田",
        "name_en": "",
        "lat": 34.584515,
        "lon": 135.514981,
        "brand": "イオン",
        "brand_wikidata": "Q305335",
        "mall_type": "イオンモール",
        "prefecture": "大阪府",
        "city": "堺市",
        "address": "大阪府堺市北区12",
        "website": "https://sakaikitahanada-aeonmall.com",
        "opening_hours": "",
        "phone": "",
        "opening_year": "2004年10月28日",
        "area": "敷地面積: 約58,000㎡、商業施設面積: 約72,000㎡ (施設全体)",
        "former_building": "新日本製鐵（現・日本製鉄）花田社宅跡地（開業当初のモール名は「ダイヤモンドシティ・プラウ」、核店舗は「ジャスコ堺北花田店」と「堺 北花田阪急」）",
        "demand_and_features": "大阪メトロ御堂筋線「北花田駅」直結という圧倒的なアクセスを誇る超大型ショッピングモール。元新日鉄社宅跡地に建設され、当初はジャスコと阪急百貨店の2核構成でしたが、阪急撤退後に大規模なリノベーションを実施。阪急跡地に世界最大級の売場面積を誇る「無印良品（生鮮食品も扱う画期的なモデル）」を導入し話題になりました。ユニクロ、GU、家電量販店などの専門店群も非常に強力で、堺市北部および大阪市南部からの広域集客と、地元ベッドタウン住民の日常の買い物需要の両方を完璧に満たしています。",
        "source": "OpenStreetMap",
        "priority": 2,
        "building_height_est_m": 22.0,
        "site_area_m2": 58000.0,
        "floor_area_m2": 72000.0,
        "polygon_coordinates": [
          [
            135.514018,
            34.585851
          ],
          [
            135.514155,
            34.585884
          ],
          [
            135.514892,
            34.586076
          ],
          [
            135.51511,
            34.585453
          ],
          [
            135.515161,
            34.585468
          ],
          [
            135.515202,
            34.585479
          ],
          [
            135.515301,
            34.585184
          ],
          [
            135.515322,
            34.585121
          ],
          [
            135.515447,
            34.584742
          ],
          [
            135.51545,
            34.584732
          ],
          [
            135.515503,
            34.58457
          ],
          [
            135.515531,
            34.584544
          ],
          [
            135.515746,
            34.584284
          ],
          [
            135.51589,
            34.583951
          ],
          [
            135.515928,
            34.583811
          ],
          [
            135.515944,
            34.583643
          ],
          [
            135.515941,
            34.583343
          ],
          [
            135.515864,
            34.58309
          ],
          [
            135.515814,
            34.582994
          ],
          [
            135.515794,
            34.582955
          ],
          [
            135.515656,
            34.58303
          ],
          [
            135.515544,
            34.583152
          ],
          [
            135.515352,
            34.583397
          ],
          [
            135.515315,
            34.58347
          ],
          [
            135.515279,
            34.583463
          ],
          [
            135.515062,
            34.583409
          ],
          [
            135.51483,
            34.58335
          ],
          [
            135.514735,
            34.583328
          ],
          [
            135.51455,
            34.58332
          ],
          [
            135.514383,
            34.583334
          ],
          [
            135.514192,
            34.583924
          ],
          [
            135.514865,
            34.584091
          ],
          [
            135.514999,
            34.584125
          ],
          [
            135.514986,
            34.584165
          ],
          [
            135.51484,
            34.584572
          ],
          [
            135.514822,
            34.584645
          ],
          [
            135.514691,
            34.585009
          ],
          [
            135.514677,
            34.585045
          ],
          [
            135.514322,
            34.584959
          ],
          [
            135.514252,
            34.585156
          ],
          [
            135.514018,
            34.585851
          ]
        ],
        "calculated_area_m2": 29318.6,
        "perimeter_m": 1007.4,
        "bbox": [
          135.514018,
          34.582955,
          135.515944,
          34.586076
        ],
        "polygon_source": "OSM_exact_footprint"
      }
    },
    {
      "type": "Feature",
      "id": "way/856896132",
      "geometry": {
        "type": "Polygon",
        "coordinates": [
          [
            [
              135.479978,
              34.596239
            ],
            [
              135.479879,
              34.596
            ],
            [
              135.479852,
              34.59593
            ],
            [
              135.479658,
              34.595613
            ],
            [
              135.479451,
              34.595379
            ],
            [
              135.4784,
              34.594249
            ],
            [
              135.4784,
              34.594185
            ],
            [
              135.478917,
              34.5939
            ],
            [
              135.479168,
              34.593752
            ],
            [
              135.480414,
              34.593098
            ],
            [
              135.480571,
              34.592969
            ],
            [
              135.480868,
              34.592688
            ],
            [
              135.48131,
              34.593047
            ],
            [
              135.48136,
              34.593114
            ],
            [
              135.481753,
              34.593433
            ],
            [
              135.482311,
              34.594031
            ],
            [
              135.482746,
              34.594633
            ],
            [
              135.48304,
              34.59535
            ],
            [
              135.482197,
              34.59552
            ],
            [
              135.48138,
              34.595723
            ],
            [
              135.480931,
              34.595899
            ],
            [
              135.480761,
              34.596014
            ],
            [
              135.480052,
              34.596282
            ],
            [
              135.479978,
              34.596239
            ]
          ]
        ]
      },
      "properties": {
        "id": "way/856896132",
        "osm_id": 856896132,
        "osm_type": "way",
        "name": "イオンモール堺鉄砲町",
        "name_en": "",
        "lat": 34.594485,
        "lon": 135.48072,
        "brand": "イオン",
        "brand_wikidata": "Q305335",
        "mall_type": "イオンモール",
        "prefecture": "大阪府",
        "city": "",
        "address": "大阪府",
        "website": "",
        "opening_hours": "",
        "phone": "",
        "opening_year": "2016年3月19日",
        "area": "商業施設面積 約56,100㎡ (モール全体)",
        "former_building": "新規開発 (ダイセル堺工場跡地)",
        "demand_and_features": "堺市堺区の南海本線七道駅直結の「イオンモール堺鉄砲町」の核店舗。ダイセル堺工場の広大な跡地を利用し、2016年3月に開業した。店舗面積約56,100㎡（モール全体）。敷地内にある赤レンガのレトロな建築が特徴。堺市北部から大阪市住吉区・住之江区を広くカバー。車や電車で訪れる子育てファミリー層が中心で、大型の食品売場ではファミリー向けの惣菜や大容量パック、地域密着の食品を強化し、週末の集客力に優れている。",
        "source": "OpenStreetMap",
        "priority": 2,
        "building_height_est_m": 22.0,
        "site_area_m2": 89760.0,
        "floor_area_m2": 56100.0,
        "polygon_coordinates": [
          [
            135.479978,
            34.596239
          ],
          [
            135.479879,
            34.596
          ],
          [
            135.479852,
            34.59593
          ],
          [
            135.479658,
            34.595613
          ],
          [
            135.479451,
            34.595379
          ],
          [
            135.4784,
            34.594249
          ],
          [
            135.4784,
            34.594185
          ],
          [
            135.478917,
            34.5939
          ],
          [
            135.479168,
            34.593752
          ],
          [
            135.480414,
            34.593098
          ],
          [
            135.480571,
            34.592969
          ],
          [
            135.480868,
            34.592688
          ],
          [
            135.48131,
            34.593047
          ],
          [
            135.48136,
            34.593114
          ],
          [
            135.481753,
            34.593433
          ],
          [
            135.482311,
            34.594031
          ],
          [
            135.482746,
            34.594633
          ],
          [
            135.48304,
            34.59535
          ],
          [
            135.482197,
            34.59552
          ],
          [
            135.48138,
            34.595723
          ],
          [
            135.480931,
            34.595899
          ],
          [
            135.480761,
            34.596014
          ],
          [
            135.480052,
            34.596282
          ],
          [
            135.479978,
            34.596239
          ]
        ],
        "calculated_area_m2": 90441.5,
        "perimeter_m": 1217.9,
        "bbox": [
          135.4784,
          34.592688,
          135.48304,
          34.596282
        ],
        "polygon_source": "OSM_exact_footprint"
      }
    },
    {
      "type": "Feature",
      "id": "way/853545045",
      "geometry": {
        "type": "Polygon",
        "coordinates": [
          [
            [
              135.557492,
              34.809451
            ],
            [
              135.558495,
              34.809339
            ],
            [
              135.55849,
              34.809305
            ],
            [
              135.559164,
              34.809236
            ],
            [
              135.560076,
              34.811602
            ],
            [
              135.560207,
              34.812013
            ],
            [
              135.560101,
              34.812037
            ],
            [
              135.55916,
              34.812031
            ],
            [
              135.559036,
              34.812114
            ],
            [
              135.558787,
              34.812134
            ],
            [
              135.558728,
              34.812162
            ],
            [
              135.558004,
              34.812179
            ],
            [
              135.557929,
              34.812124
            ],
            [
              135.557902,
              34.811962
            ],
            [
              135.557902,
              34.81179
            ],
            [
              135.557492,
              34.809451
            ]
          ]
        ]
      },
      "properties": {
        "id": "way/853545045",
        "osm_id": 853545045,
        "osm_type": "way",
        "name": "イオンモール茨木",
        "name_en": "",
        "lat": 34.810707,
        "lon": 135.55885,
        "brand": "イオン",
        "brand_wikidata": "Q305335",
        "mall_type": "イオンモール",
        "prefecture": "大阪府",
        "city": "",
        "address": "大阪府",
        "website": "",
        "opening_hours": "",
        "phone": "",
        "opening_year": "2001年1月1日",
        "area": "モール商業施設面積 54,500㎡ (モール全体)",
        "former_building": "新規開発 (日本専売公社茨木工場跡地、マイカル茨木の核テナント「茨木サティ・ビブレ」として開業)",
        "demand_and_features": "JR茨木駅・宇野辺駅近くの大型商業施設「イオンモール茨木」の核店舗。日本たばこ産業（JT）茨木工場の跡地に、2001年1月にマイカル茨木の「茨木サティ・ビブレ」として開業. モール全体の商業面積54,500㎡。茨木市の主要新興住宅地や、近隣の大学キャンパスに通う学生、ニューファミリーが主な客層。食品売場のライブキッチンやイートインスペース、コスメやキッズ売場を強化し、現代的な郊外ライフスタイルにマッチ。",
        "source": "OpenStreetMap",
        "priority": 2,
        "building_height_est_m": 22.0,
        "site_area_m2": 87200.0,
        "floor_area_m2": 54500.0,
        "polygon_coordinates": [
          [
            135.557492,
            34.809451
          ],
          [
            135.558495,
            34.809339
          ],
          [
            135.55849,
            34.809305
          ],
          [
            135.559164,
            34.809236
          ],
          [
            135.560076,
            34.811602
          ],
          [
            135.560207,
            34.812013
          ],
          [
            135.560101,
            34.812037
          ],
          [
            135.55916,
            34.812031
          ],
          [
            135.559036,
            34.812114
          ],
          [
            135.558787,
            34.812134
          ],
          [
            135.558728,
            34.812162
          ],
          [
            135.558004,
            34.812179
          ],
          [
            135.557929,
            34.812124
          ],
          [
            135.557902,
            34.811962
          ],
          [
            135.557902,
            34.81179
          ],
          [
            135.557492,
            34.809451
          ]
        ],
        "calculated_area_m2": 56189.1,
        "perimeter_m": 993.5,
        "bbox": [
          135.557492,
          34.809236,
          135.560207,
          34.812179
        ],
        "polygon_source": "OSM_exact_footprint"
      }
    },
    {
      "type": "Feature",
      "id": "way/333379568",
      "geometry": {
        "type": "Polygon",
        "coordinates": [
          [
            [
              135.56633,
              34.705653
            ],
            [
              135.56633,
              34.705428
            ],
            [
              135.565832,
              34.705415
            ],
            [
              135.565773,
              34.704294
            ],
            [
              135.565724,
              34.704259
            ],
            [
              135.565596,
              34.704268
            ],
            [
              135.565601,
              34.703285
            ],
            [
              135.565467,
              34.70328
            ],
            [
              135.565467,
              34.703002
            ],
            [
              135.567478,
              34.703139
            ],
            [
              135.56765,
              34.70347
            ],
            [
              135.567645,
              34.703659
            ],
            [
              135.567784,
              34.70414
            ],
            [
              135.567843,
              34.704211
            ],
            [
              135.567913,
              34.704436
            ],
            [
              135.568101,
              34.705631
            ],
            [
              135.567736,
              34.705662
            ],
            [
              135.56633,
              34.705653
            ]
          ]
        ]
      },
      "properties": {
        "id": "way/333379568",
        "osm_id": 333379568,
        "osm_type": "way",
        "name": "イオンモール鶴見緑地",
        "name_en": "",
        "lat": 34.704332,
        "lon": 135.566784,
        "brand": "イオン",
        "brand_wikidata": "Q305335",
        "mall_type": "イオンモール",
        "prefecture": "大阪府",
        "city": "大阪市",
        "address": "大阪府大阪市鶴見区1",
        "website": "",
        "opening_hours": "",
        "phone": "",
        "opening_year": "2025年7月12日改装 (モール全体は2006年11月25日開業)",
        "area": "商業施設面積 約54,500㎡",
        "former_building": "ジャスコ鶴見緑地店 (ダイヤモンドシティ・リーファ、のちにイオンモール鶴見緑地。旧椿本チエイン本社工場跡地)",
        "demand_and_features": "大阪市鶴見区の「イオンモール鶴見緑地」の核店舗。椿本チエイン本社工場跡地に2006年11月「ジャスコ」として開業し、2025年7月に「イオンスタイル鶴見緑地」としてリニューアル。店舗面積約54,500㎡（モール全体）。周辺は30〜40代のファミリー層が非常に多い大阪市の人口急増エリア。子供服や玩具、体験型の売場や高機能衣料を強化。日常的な買い出しから、週末のファミリーでのレジャーを兼ねたワンストップショッピング需要をカバー。",
        "source": "OpenStreetMap",
        "priority": 2,
        "building_height_est_m": 22.0,
        "site_area_m2": 87200.0,
        "floor_area_m2": 54500.0,
        "polygon_coordinates": [
          [
            135.56633,
            34.705653
          ],
          [
            135.56633,
            34.705428
          ],
          [
            135.565832,
            34.705415
          ],
          [
            135.565773,
            34.704294
          ],
          [
            135.565724,
            34.704259
          ],
          [
            135.565596,
            34.704268
          ],
          [
            135.565601,
            34.703285
          ],
          [
            135.565467,
            34.70328
          ],
          [
            135.565467,
            34.703002
          ],
          [
            135.567478,
            34.703139
          ],
          [
            135.56765,
            34.70347
          ],
          [
            135.567645,
            34.703659
          ],
          [
            135.567784,
            34.70414
          ],
          [
            135.567843,
            34.704211
          ],
          [
            135.567913,
            34.704436
          ],
          [
            135.568101,
            34.705631
          ],
          [
            135.567736,
            34.705662
          ],
          [
            135.56633,
            34.705653
          ]
        ],
        "calculated_area_m2": 54799.5,
        "perimeter_m": 994.8,
        "bbox": [
          135.565467,
          34.703002,
          135.568101,
          34.705662
        ],
        "polygon_source": "OSM_exact_footprint"
      }
    },
    {
      "type": "Feature",
      "id": "way/134495135",
      "geometry": {
        "type": "Polygon",
        "coordinates": [
          [
            [
              135.579603,
              34.814915
            ],
            [
              135.580429,
              34.814914
            ],
            [
              135.580424,
              34.815251
            ],
            [
              135.580525,
              34.815252
            ],
            [
              135.580528,
              34.815508
            ],
            [
              135.580582,
              34.815539
            ],
            [
              135.580607,
              34.815584
            ],
            [
              135.580609,
              34.815628
            ],
            [
              135.580592,
              34.815665
            ],
            [
              135.580559,
              34.815695
            ],
            [
              135.580508,
              34.815706
            ],
            [
              135.580456,
              34.815706
            ],
            [
              135.580413,
              34.815693
            ],
            [
              135.579603,
              34.815699
            ],
            [
              135.579603,
              34.814915
            ]
          ]
        ]
      },
      "properties": {
        "id": "way/134495135",
        "osm_id": 134495135,
        "osm_type": "way",
        "name": "イオンスタイル新茨木",
        "name_en": "",
        "lat": 34.81531,
        "lon": 135.580106,
        "brand": "イオン",
        "brand_wikidata": "Q305335",
        "mall_type": "イオンスタイル",
        "prefecture": "大阪府",
        "city": "",
        "address": "大阪府",
        "website": "",
        "opening_hours": "",
        "phone": "",
        "opening_year": "1986年7月31日",
        "area": "商業施設面積: 約12,000㎡",
        "former_building": "茨木ショッピングタウン（核店舗：ジャスコ新茨木店。現イオン社長の岡田元也氏が初代店長を務めたゆかりの深い店舗）",
        "demand_and_features": "阪急茨木市駅近くに位置する総合スーパー（GMS）。1986年に駅前にあった旧ジャスコ茨木店の後継店として開業。2017年の全面改装で「グランド・ジェネレーション（G.G）」向けにシニアシフトを徹底。無料の健康チェックコーナー「健康ステーション」や漢方コーナー、ウォーキングイベントなどを備え、高齢化が進む地域における健康的なシニアコミュニティのオアシスとして絶大な需要を獲得。近隣のイオンモール茨木（元マイカル茨木）とは異なり、身近な健康と日々の食に特化した生活インフラとして愛されています。",
        "source": "OpenStreetMap",
        "priority": 2,
        "building_height_est_m": 16.0,
        "site_area_m2": 19200.0,
        "floor_area_m2": 12000.0,
        "polygon_coordinates": [
          [
            135.579603,
            34.814915
          ],
          [
            135.580429,
            34.814914
          ],
          [
            135.580424,
            34.815251
          ],
          [
            135.580525,
            34.815252
          ],
          [
            135.580528,
            34.815508
          ],
          [
            135.580582,
            34.815539
          ],
          [
            135.580607,
            34.815584
          ],
          [
            135.580609,
            34.815628
          ],
          [
            135.580592,
            34.815665
          ],
          [
            135.580559,
            34.815695
          ],
          [
            135.580508,
            34.815706
          ],
          [
            135.580456,
            34.815706
          ],
          [
            135.580413,
            34.815693
          ],
          [
            135.579603,
            34.815699
          ],
          [
            135.579603,
            34.814915
          ]
        ],
        "calculated_area_m2": 7080.9,
        "perimeter_m": 350.0,
        "bbox": [
          135.579603,
          34.814914,
          135.580609,
          34.815706
        ],
        "polygon_source": "OSM_exact_footprint"
      }
    },
    {
      "type": "Feature",
      "id": "way/1328745583",
      "geometry": {
        "type": "Polygon",
        "coordinates": [
          [
            [
              135.381593,
              34.448374
            ],
            [
              135.382223,
              34.447898
            ],
            [
              135.38209,
              34.447778
            ],
            [
              135.382157,
              34.447728
            ],
            [
              135.381989,
              34.447577
            ],
            [
              135.381914,
              34.447634
            ],
            [
              135.381806,
              34.447536
            ],
            [
              135.381184,
              34.448005
            ],
            [
              135.381593,
              34.448374
            ]
          ]
        ]
      },
      "properties": {
        "id": "way/1328745583",
        "osm_id": 1328745583,
        "osm_type": "way",
        "name": "イオンスタイル東岸和田",
        "name_en": "",
        "lat": 34.447955,
        "lon": 135.381704,
        "brand": "イオン",
        "brand_wikidata": "Q305335",
        "mall_type": "イオンスタイル",
        "prefecture": "大阪府",
        "city": "岸和田市",
        "address": "大阪府岸和田市土生町39",
        "website": "",
        "opening_hours": "",
        "phone": "",
        "opening_year": "2023年9月26日 (前身のニチイ東岸和田店は1979年開業)",
        "area": "店舗面積 約5,217㎡ (そよら東岸和田全体で 約17,707㎡)",
        "former_building": "イオン東岸和田店 (ニチイ東岸和田店として開業、のちに東岸和田サティ、イオン東岸和田店を経て建て替え)",
        "demand_and_features": "JR東岸和田駅近くに立地する「そよら東岸和田」の核店舗。1979年開業のニチイ東岸和田店から東岸和田サティ、旧イオン店と歴史を繋いだ店舗が、建て替えを経て2023年9月に最新の都市型SCとして新築開業。直営売場面積約5,217㎡。「地域の冷蔵庫」をコンセプトに、近隣住民が毎日気軽に立ち寄れるよう惣菜や簡便調理品を充実。岸和田市内の車移動ファミリーからシニア層まで、徒歩・自転車・車でのアクセスに対応した生活拠点。",
        "source": "OpenStreetMap",
        "priority": 2,
        "building_height_est_m": 16.0,
        "site_area_m2": 8347.2,
        "floor_area_m2": 5217.0,
        "polygon_coordinates": [
          [
            135.381593,
            34.448374
          ],
          [
            135.382223,
            34.447898
          ],
          [
            135.38209,
            34.447778
          ],
          [
            135.382157,
            34.447728
          ],
          [
            135.381989,
            34.447577
          ],
          [
            135.381914,
            34.447634
          ],
          [
            135.381806,
            34.447536
          ],
          [
            135.381184,
            34.448005
          ],
          [
            135.381593,
            34.448374
          ]
        ],
        "calculated_area_m2": 4504.0,
        "perimeter_m": 283.8,
        "bbox": [
          135.381184,
          34.447536,
          135.382223,
          34.448374
        ],
        "polygon_source": "OSM_exact_footprint"
      }
    },
    {
      "type": "Feature",
      "id": "way/875465125",
      "geometry": {
        "type": "Polygon",
        "coordinates": [
          [
            [
              135.52798,
              34.742029
            ],
            [
              135.527994,
              34.741991
            ],
            [
              135.527659,
              34.741508
            ],
            [
              135.527616,
              34.7415
            ],
            [
              135.527365,
              34.74158
            ],
            [
              135.527047,
              34.74168
            ],
            [
              135.526078,
              34.742033
            ],
            [
              135.526383,
              34.742596
            ],
            [
              135.526429,
              34.742607
            ],
            [
              135.52798,
              34.742029
            ]
          ]
        ]
      },
      "properties": {
        "id": "way/875465125",
        "osm_id": 875465125,
        "osm_type": "way",
        "name": "イオンスタイル東淀川",
        "name_en": "AEON STYLE",
        "lat": 34.742053,
        "lon": 135.527036,
        "brand": "イオン",
        "brand_wikidata": "Q11285951",
        "mall_type": "イオンスタイル",
        "prefecture": "大阪府",
        "city": "",
        "address": "大阪府",
        "website": "",
        "opening_hours": "Mo-Su 08:00-23:00",
        "phone": "",
        "opening_year": "2022年11月22日",
        "area": "店舗面積 約11,474㎡ (直営 約8,813㎡)",
        "former_building": "新規開発 (名鉄運輸旧淀川支店跡地)",
        "demand_and_features": "大阪市東淀川区の運送会社支店跡地に新規開発され、2022年11月に開業した店舗。店舗面積約11,474㎡（うち直営約8,813㎡）。周辺は人口密度の高い典型的な大阪の住宅街で、単身世帯や30〜40代の共働き世帯が多い。大型の惣菜売場やデリカ、国内最大級のフローズン（冷凍食品）売場を配置し、簡便・即食・時短ニーズに徹底的に対応。仕事帰りや日々の買い出しにスマートに使える都市型生活支援ストアであり、地域の食のインフラとして利便性を高めている。",
        "source": "OpenStreetMap",
        "priority": 2,
        "building_height_est_m": 16.0,
        "site_area_m2": 18358.4,
        "floor_area_m2": 11474.0,
        "polygon_coordinates": [
          [
            135.52798,
            34.742029
          ],
          [
            135.527994,
            34.741991
          ],
          [
            135.527659,
            34.741508
          ],
          [
            135.527616,
            34.7415
          ],
          [
            135.527365,
            34.74158
          ],
          [
            135.527047,
            34.74168
          ],
          [
            135.526078,
            34.742033
          ],
          [
            135.526383,
            34.742596
          ],
          [
            135.526429,
            34.742607
          ],
          [
            135.52798,
            34.742029
          ]
        ],
        "calculated_area_m2": 11069.2,
        "perimeter_m": 450.8,
        "bbox": [
          135.526078,
          34.7415,
          135.527994,
          34.742607
        ],
        "polygon_source": "OSM_exact_footprint"
      }
    },
    {
      "type": "Feature",
      "id": "way/123309156",
      "geometry": {
        "type": "Polygon",
        "coordinates": [
          [
            [
              134.669402,
              34.799587
            ],
            [
              134.668796,
              34.799798
            ],
            [
              134.667881,
              34.800105
            ],
            [
              134.667561,
              34.800213
            ],
            [
              134.667522,
              34.800226
            ],
            [
              134.667123,
              34.800359
            ],
            [
              134.666824,
              34.800255
            ],
            [
              134.666719,
              34.800033
            ],
            [
              134.666661,
              34.79986
            ],
            [
              134.666632,
              34.799714
            ],
            [
              134.666625,
              34.799678
            ],
            [
              134.666601,
              34.799504
            ],
            [
              134.666593,
              34.799177
            ],
            [
              134.666685,
              34.798515
            ],
            [
              134.666717,
              34.798205
            ],
            [
              134.66672,
              34.798178
            ],
            [
              134.667466,
              34.798244
            ],
            [
              134.667719,
              34.798245
            ],
            [
              134.667865,
              34.796873
            ],
            [
              134.667896,
              34.796587
            ],
            [
              134.668167,
              34.796547
            ],
            [
              134.66858,
              34.796497
            ],
            [
              134.668839,
              34.796468
            ],
            [
              134.668935,
              34.796507
            ],
            [
              134.669212,
              34.796974
            ],
            [
              134.669333,
              34.797271
            ],
            [
              134.669376,
              34.797421
            ],
            [
              134.669335,
              34.797431
            ],
            [
              134.669392,
              34.79771
            ],
            [
              134.669391,
              34.798104
            ],
            [
              134.669322,
              34.798827
            ],
            [
              134.669328,
              34.799122
            ],
            [
              134.669356,
              34.799302
            ],
            [
              134.669402,
              34.7995
            ],
            [
              134.669442,
              34.799493
            ],
            [
              134.669447,
              34.799524
            ],
            [
              134.669402,
              34.799587
            ]
          ]
        ]
      },
      "properties": {
        "id": "way/123309156",
        "osm_id": 123309156,
        "osm_type": "way",
        "name": "イオンモール姫路リバーシティ",
        "name_en": "ÆON MALL HIMEJI RIVERCITY",
        "lat": 34.798413,
        "lon": 134.66802,
        "brand": "イオン",
        "brand_wikidata": "Q305335",
        "mall_type": "イオンモール",
        "prefecture": "兵庫県",
        "city": "",
        "address": "兵庫県",
        "website": "",
        "opening_hours": "",
        "phone": "",
        "opening_year": "1993年11月28日",
        "area": "店舗面積 (核店舗) 19,510㎡ (モール全体の総賃貸面積 約36,000m²)",
        "former_building": "ジャスコ姫路リバーシティー店 (敷島紡績姫路工場跡地に姫路リバーシティSCとして開業)",
        "demand_and_features": "姫路市南部の飾磨区に位置する大型モール「イオンモール姫路リバーシティー」の核店舗。シキボウ姫路工場跡地に1993年11月に「ジャスコ姫路リバーシティー店」として開業。店舗面積19,510㎡（直営）。姫路南部の工業地帯やベッドタウンに住むマイカー利用のファミリー層が主要客層。広大な売り場で、食料品から実用衣料、キッズ・日用品まで圧倒的なボリュームで提供し、週末の家族でのレジャー需要から平日の日常購買まで担う。",
        "source": "OpenStreetMap",
        "priority": 2,
        "building_height_est_m": 22.0,
        "site_area_m2": 31216.0,
        "floor_area_m2": 19510.0,
        "polygon_coordinates": [
          [
            134.669402,
            34.799587
          ],
          [
            134.668796,
            34.799798
          ],
          [
            134.667881,
            34.800105
          ],
          [
            134.667561,
            34.800213
          ],
          [
            134.667522,
            34.800226
          ],
          [
            134.667123,
            34.800359
          ],
          [
            134.666824,
            34.800255
          ],
          [
            134.666719,
            34.800033
          ],
          [
            134.666661,
            34.79986
          ],
          [
            134.666632,
            34.799714
          ],
          [
            134.666625,
            34.799678
          ],
          [
            134.666601,
            34.799504
          ],
          [
            134.666593,
            34.799177
          ],
          [
            134.666685,
            34.798515
          ],
          [
            134.666717,
            34.798205
          ],
          [
            134.66672,
            34.798178
          ],
          [
            134.667466,
            34.798244
          ],
          [
            134.667719,
            34.798245
          ],
          [
            134.667865,
            34.796873
          ],
          [
            134.667896,
            34.796587
          ],
          [
            134.668167,
            34.796547
          ],
          [
            134.66858,
            34.796497
          ],
          [
            134.668839,
            34.796468
          ],
          [
            134.668935,
            34.796507
          ],
          [
            134.669212,
            34.796974
          ],
          [
            134.669333,
            34.797271
          ],
          [
            134.669376,
            34.797421
          ],
          [
            134.669335,
            34.797431
          ],
          [
            134.669392,
            34.79771
          ],
          [
            134.669391,
            34.798104
          ],
          [
            134.669322,
            34.798827
          ],
          [
            134.669328,
            34.799122
          ],
          [
            134.669356,
            34.799302
          ],
          [
            134.669402,
            34.7995
          ],
          [
            134.669442,
            34.799493
          ],
          [
            134.669447,
            34.799524
          ],
          [
            134.669402,
            34.799587
          ]
        ],
        "calculated_area_m2": 74695.8,
        "perimeter_m": 1219.2,
        "bbox": [
          134.666593,
          34.796468,
          134.669447,
          34.800359
        ],
        "polygon_source": "OSM_exact_footprint"
      }
    },
    {
      "type": "Feature",
      "id": "way/375676919",
      "geometry": {
        "type": "Polygon",
        "coordinates": [
          [
            [
              135.194786,
              34.861493
            ],
            [
              135.194578,
              34.861472
            ],
            [
              135.194409,
              34.861426
            ],
            [
              135.194272,
              34.861357
            ],
            [
              135.194131,
              34.861253
            ],
            [
              135.194039,
              34.861143
            ],
            [
              135.193972,
              34.861019
            ],
            [
              135.19393,
              34.860909
            ],
            [
              135.193926,
              34.860759
            ],
            [
              135.193958,
              34.860631
            ],
            [
              135.193958,
              34.860412
            ],
            [
              135.193831,
              34.860415
            ],
            [
              135.19383,
              34.860329
            ],
            [
              135.193818,
              34.859543
            ],
            [
              135.193946,
              34.859475
            ],
            [
              135.194869,
              34.859466
            ],
            [
              135.19488,
              34.860288
            ],
            [
              135.194754,
              34.860293
            ],
            [
              135.194758,
              34.860559
            ],
            [
              135.195081,
              34.860828
            ],
            [
              135.195157,
              34.860829
            ],
            [
              135.195158,
              34.860741
            ],
            [
              135.195237,
              34.860735
            ],
            [
              135.195243,
              34.860681
            ],
            [
              135.195638,
              34.860678
            ],
            [
              135.195636,
              34.860589
            ],
            [
              135.196528,
              34.860575
            ],
            [
              135.19654,
              34.860867
            ],
            [
              135.196717,
              34.860871
            ],
            [
              135.196721,
              34.861353
            ],
            [
              135.194779,
              34.861377
            ],
            [
              135.194786,
              34.861493
            ]
          ]
        ]
      },
      "properties": {
        "id": "way/375676919",
        "osm_id": 375676919,
        "osm_type": "way",
        "name": "イオンモール神戸北",
        "name_en": "",
        "lat": 34.860479,
        "lon": 135.195269,
        "brand": "イオン",
        "brand_wikidata": "Q305335",
        "mall_type": "イオンモール",
        "prefecture": "兵庫県",
        "city": "",
        "address": "兵庫県",
        "website": "",
        "opening_hours": "",
        "phone": "",
        "opening_year": "2006年11月18日",
        "area": "総賃貸面積 約55,000㎡ (モール全体)",
        "former_building": "ジャスコ神戸北店 (イオン神戸北ショッピングセンターからイオンモール神戸北へ)",
        "demand_and_features": "神戸市北区のニュータウン「上津台」の大型モール「イオンモール神戸北」の核店舗。2006年11月に「ジャスコ神戸北店」として開業。モール全体の総賃貸面積約55,000㎡。隣接する「神戸三田プレミアム・アウトレット」と歩道橋で直結し、兵庫県中北部や丹波地域からの広域車載集客を誇る。広い店舗で食品やファミリー向け衣料品、生活雑貨を大量かつ安価に提供。週末レジャーと地域の日常生活の双方を満たす大拠点ストアである。",
        "source": "OpenStreetMap",
        "priority": 2,
        "building_height_est_m": 22.0,
        "site_area_m2": 88000.0,
        "floor_area_m2": 55000.0,
        "polygon_coordinates": [
          [
            135.194786,
            34.861493
          ],
          [
            135.194578,
            34.861472
          ],
          [
            135.194409,
            34.861426
          ],
          [
            135.194272,
            34.861357
          ],
          [
            135.194131,
            34.861253
          ],
          [
            135.194039,
            34.861143
          ],
          [
            135.193972,
            34.861019
          ],
          [
            135.19393,
            34.860909
          ],
          [
            135.193926,
            34.860759
          ],
          [
            135.193958,
            34.860631
          ],
          [
            135.193958,
            34.860412
          ],
          [
            135.193831,
            34.860415
          ],
          [
            135.19383,
            34.860329
          ],
          [
            135.193818,
            34.859543
          ],
          [
            135.193946,
            34.859475
          ],
          [
            135.194869,
            34.859466
          ],
          [
            135.19488,
            34.860288
          ],
          [
            135.194754,
            34.860293
          ],
          [
            135.194758,
            34.860559
          ],
          [
            135.195081,
            34.860828
          ],
          [
            135.195157,
            34.860829
          ],
          [
            135.195158,
            34.860741
          ],
          [
            135.195237,
            34.860735
          ],
          [
            135.195243,
            34.860681
          ],
          [
            135.195638,
            34.860678
          ],
          [
            135.195636,
            34.860589
          ],
          [
            135.196528,
            34.860575
          ],
          [
            135.19654,
            34.860867
          ],
          [
            135.196717,
            34.860871
          ],
          [
            135.196721,
            34.861353
          ],
          [
            135.194779,
            34.861377
          ],
          [
            135.194786,
            34.861493
          ]
        ],
        "calculated_area_m2": 31405.0,
        "perimeter_m": 994.5,
        "bbox": [
          135.193818,
          34.859466,
          135.196721,
          34.861493
        ],
        "polygon_source": "OSM_exact_footprint"
      }
    },
    {
      "type": "Feature",
      "id": "way/657297284",
      "geometry": {
        "type": "Polygon",
        "coordinates": [
          [
            [
              135.175076,
              34.666635
            ],
            [
              135.174771,
              34.666608
            ],
            [
              135.173213,
              34.665027
            ],
            [
              135.173395,
              34.664901
            ],
            [
              135.174352,
              34.664852
            ],
            [
              135.174929,
              34.665444
            ],
            [
              135.175055,
              34.665434
            ],
            [
              135.175231,
              34.665619
            ],
            [
              135.175333,
              34.665613
            ],
            [
              135.175445,
              34.665733
            ],
            [
              135.175302,
              34.665827
            ],
            [
              135.175569,
              34.6661
            ],
            [
              135.175573,
              34.666266
            ],
            [
              135.175076,
              34.666635
            ]
          ]
        ]
      },
      "properties": {
        "id": "way/657297284",
        "osm_id": 657297284,
        "osm_type": "way",
        "name": "イオンモール神戸南",
        "name_en": "AEON Mall",
        "lat": 34.665744,
        "lon": 135.174393,
        "brand": "イオン",
        "brand_wikidata": "Q305335",
        "mall_type": "イオンモール",
        "prefecture": "兵庫県",
        "city": "神戸市",
        "address": "兵庫県神戸市兵庫区1",
        "website": "https://kobeminami-aeonmall.com/",
        "opening_hours": "",
        "phone": "078-681-0511",
        "opening_year": "2017年6月30日",
        "area": "敷地面積: 約38,000㎡、商業施設面積: 約39,000㎡ (施設全体)",
        "former_building": "神戸市中央卸売市場本場西側跡地（新規開発、新築）",
        "demand_and_features": "神戸市兵庫区の運河沿いに位置する「イオンモール神戸南」の核店舗。中央卸売市場本場に隣接する立地特性を最大限に活かし、「食」の体験に徹底特化した大型GMS。市場直送の新鮮な野菜や魚介類が所狭しと並ぶ「キャナルマルシェ神戸うまいち」を展開。観光・アパレル主体の近隣「神戸ハーバーランドumie」に対し、日常の「地域密着の食と健康」をカバーするインフラとして棲み分け、地元ファミリー層やシニア層の絶大な支持を集めています。",
        "source": "OpenStreetMap",
        "priority": 2,
        "building_height_est_m": 22.0,
        "site_area_m2": 38000.0,
        "floor_area_m2": 39000.0,
        "polygon_coordinates": [
          [
            135.175076,
            34.666635
          ],
          [
            135.174771,
            34.666608
          ],
          [
            135.173213,
            34.665027
          ],
          [
            135.173395,
            34.664901
          ],
          [
            135.174352,
            34.664852
          ],
          [
            135.174929,
            34.665444
          ],
          [
            135.175055,
            34.665434
          ],
          [
            135.175231,
            34.665619
          ],
          [
            135.175333,
            34.665613
          ],
          [
            135.175445,
            34.665733
          ],
          [
            135.175302,
            34.665827
          ],
          [
            135.175569,
            34.6661
          ],
          [
            135.175573,
            34.666266
          ],
          [
            135.175076,
            34.666635
          ]
        ],
        "calculated_area_m2": 21177.8,
        "perimeter_m": 646.1,
        "bbox": [
          135.173213,
          34.664852,
          135.175573,
          34.666635
        ],
        "polygon_source": "OSM_exact_footprint"
      }
    },
    {
      "type": "Feature",
      "id": "way/238548968",
      "geometry": {
        "type": "Polygon",
        "coordinates": [
          [
            [
              135.804167,
              34.653081
            ],
            [
              135.80167,
              34.653077
            ],
            [
              135.801101,
              34.653048
            ],
            [
              135.800222,
              34.653044
            ],
            [
              135.800177,
              34.653019
            ],
            [
              135.799937,
              34.653015
            ],
            [
              135.799593,
              34.65298
            ],
            [
              135.799561,
              34.653039
            ],
            [
              135.799505,
              34.653044
            ],
            [
              135.799456,
              34.653024
            ],
            [
              135.799384,
              34.652927
            ],
            [
              135.79987,
              34.651934
            ],
            [
              135.800071,
              34.651404
            ],
            [
              135.800347,
              34.650791
            ],
            [
              135.80047,
              34.650431
            ],
            [
              135.8008,
              34.649617
            ],
            [
              135.800908,
              34.649282
            ],
            [
              135.801074,
              34.648911
            ],
            [
              135.801376,
              34.64893
            ],
            [
              135.801914,
              34.648938
            ],
            [
              135.801924,
              34.648956
            ],
            [
              135.803327,
              34.648931
            ],
            [
              135.803514,
              34.648927
            ],
            [
              135.803762,
              34.648927
            ],
            [
              135.804197,
              34.648909
            ],
            [
              135.804417,
              34.648912
            ],
            [
              135.804307,
              34.64934
            ],
            [
              135.804306,
              34.649591
            ],
            [
              135.804303,
              34.64986
            ],
            [
              135.804289,
              34.651118
            ],
            [
              135.804282,
              34.652889
            ],
            [
              135.804265,
              34.653007
            ],
            [
              135.804167,
              34.653081
            ]
          ]
        ]
      },
      "properties": {
        "id": "way/238548968",
        "osm_id": 238548968,
        "osm_type": "way",
        "name": "イオンモール大和郡山",
        "name_en": "",
        "lat": 34.650995,
        "lon": 135.8019,
        "brand": "イオン",
        "brand_wikidata": "Q305335",
        "mall_type": "イオンモール",
        "prefecture": "奈良県",
        "city": "",
        "address": "奈良県",
        "website": "",
        "opening_hours": "",
        "phone": "",
        "opening_year": "2010年3月25日",
        "area": "延床面積：約112,000㎡（イオンモール全体）",
        "former_building": "新規開発（開業時の核店舗はジャスコ大和郡山店）",
        "demand_and_features": "奈良盆地の中央部に位置する「イオンモール大和郡山」の核店舗。2010年にジャスコとして開業した。国道24号バイパスに近接した交通至便な立地で、大型駐車場を完備する。開業前には平城京の遺構が発見されたことでも話題となった。子育て世帯や若年層の流入が多い地域特性を反映し、トレンドを意識した専門店や広大なキッズ・ベビー売場が特徴。圧倒的な規模感と利便性を誇り、奈良県中部から南部にかけての広域な車社会の日常需要を一手に引き受けている。",
        "source": "OpenStreetMap",
        "priority": 2,
        "building_height_est_m": 22.0,
        "site_area_m2": 179200.0,
        "floor_area_m2": 112000.0,
        "polygon_coordinates": [
          [
            135.804167,
            34.653081
          ],
          [
            135.80167,
            34.653077
          ],
          [
            135.801101,
            34.653048
          ],
          [
            135.800222,
            34.653044
          ],
          [
            135.800177,
            34.653019
          ],
          [
            135.799937,
            34.653015
          ],
          [
            135.799593,
            34.65298
          ],
          [
            135.799561,
            34.653039
          ],
          [
            135.799505,
            34.653044
          ],
          [
            135.799456,
            34.653024
          ],
          [
            135.799384,
            34.652927
          ],
          [
            135.79987,
            34.651934
          ],
          [
            135.800071,
            34.651404
          ],
          [
            135.800347,
            34.650791
          ],
          [
            135.80047,
            34.650431
          ],
          [
            135.8008,
            34.649617
          ],
          [
            135.800908,
            34.649282
          ],
          [
            135.801074,
            34.648911
          ],
          [
            135.801376,
            34.64893
          ],
          [
            135.801914,
            34.648938
          ],
          [
            135.801924,
            34.648956
          ],
          [
            135.803327,
            34.648931
          ],
          [
            135.803514,
            34.648927
          ],
          [
            135.803762,
            34.648927
          ],
          [
            135.804197,
            34.648909
          ],
          [
            135.804417,
            34.648912
          ],
          [
            135.804307,
            34.64934
          ],
          [
            135.804306,
            34.649591
          ],
          [
            135.804303,
            34.64986
          ],
          [
            135.804289,
            34.651118
          ],
          [
            135.804282,
            34.652889
          ],
          [
            135.804265,
            34.653007
          ],
          [
            135.804167,
            34.653081
          ]
        ],
        "calculated_area_m2": 169881.7,
        "perimeter_m": 1694.3,
        "bbox": [
          135.799384,
          34.648909,
          135.804417,
          34.653081
        ],
        "polygon_source": "OSM_exact_footprint"
      }
    },
    {
      "type": "Feature",
      "id": "way/161731579",
      "geometry": {
        "type": "Polygon",
        "coordinates": [
          [
            [
              135.751394,
              34.726225
            ],
            [
              135.751392,
              34.725838
            ],
            [
              135.750879,
              34.72584
            ],
            [
              135.750748,
              34.725732
            ],
            [
              135.750757,
              34.725203
            ],
            [
              135.750875,
              34.725203
            ],
            [
              135.750875,
              34.725017
            ],
            [
              135.750141,
              34.724995
            ],
            [
              135.750038,
              34.725055
            ],
            [
              135.749627,
              34.725049
            ],
            [
              135.749631,
              34.726319
            ],
            [
              135.750146,
              34.72632
            ],
            [
              135.750864,
              34.726316
            ],
            [
              135.750864,
              34.726374
            ],
            [
              135.751002,
              34.726373
            ],
            [
              135.751004,
              34.726316
            ],
            [
              135.751239,
              34.726323
            ],
            [
              135.751351,
              34.726253
            ],
            [
              135.751394,
              34.726225
            ]
          ]
        ]
      },
      "properties": {
        "id": "way/161731579",
        "osm_id": 161731579,
        "osm_type": "way",
        "name": "イオンモール奈良登美ヶ丘",
        "name_en": "",
        "lat": 34.725684,
        "lon": 135.750511,
        "brand": "イオン",
        "brand_wikidata": "Q305335",
        "mall_type": "イオンモール",
        "prefecture": "奈良県",
        "city": "生駒市",
        "address": "奈良県生駒市鹿畑町",
        "website": "https://www.aeon.jp/sc/naratomigaoka/",
        "opening_hours": "",
        "phone": "0743-70-0001",
        "opening_year": "2006年7月26日",
        "area": "延床面積：約57,185㎡（イオンモール全体）",
        "former_building": "新規開発（旧：イオン奈良登美ヶ丘ショッピングセンターのジャスコ登美ヶ丘店）",
        "demand_and_features": "近鉄けいはんな線「学研奈良登美ヶ丘駅」の開業に合わせて駅前に開発された「イオンモール奈良登美ヶ丘」の核店舗。2006年にジャスコとして開業した。駅直結の利便性と豊かな住宅街を背景に、周辺のニュータウンに住むアッパーミドル層のファミリーやシニア層の支持を集めている。日常的な食料品や日用品の需要に強みを持つ一方、健康やオーガニックをテーマにした洗練された売場づくりがなされており、高感度な地域住民のライフスタイルにマッチしている。",
        "source": "OpenStreetMap",
        "priority": 2,
        "building_height_est_m": 22.0,
        "site_area_m2": 91496.0,
        "floor_area_m2": 57185.0,
        "polygon_coordinates": [
          [
            135.751394,
            34.726225
          ],
          [
            135.751392,
            34.725838
          ],
          [
            135.750879,
            34.72584
          ],
          [
            135.750748,
            34.725732
          ],
          [
            135.750757,
            34.725203
          ],
          [
            135.750875,
            34.725203
          ],
          [
            135.750875,
            34.725017
          ],
          [
            135.750141,
            34.724995
          ],
          [
            135.750038,
            34.725055
          ],
          [
            135.749627,
            34.725049
          ],
          [
            135.749631,
            34.726319
          ],
          [
            135.750146,
            34.72632
          ],
          [
            135.750864,
            34.726316
          ],
          [
            135.750864,
            34.726374
          ],
          [
            135.751002,
            34.726373
          ],
          [
            135.751004,
            34.726316
          ],
          [
            135.751239,
            34.726323
          ],
          [
            135.751351,
            34.726253
          ],
          [
            135.751394,
            34.726225
          ]
        ],
        "calculated_area_m2": 18137.5,
        "perimeter_m": 630.8,
        "bbox": [
          135.749627,
          34.724995,
          135.751394,
          34.726374
        ],
        "polygon_source": "OSM_exact_footprint"
      }
    },
    {
      "type": "Feature",
      "id": "way/177146047",
      "geometry": {
        "type": "Polygon",
        "coordinates": [
          [
            [
              135.78956,
              34.72634
            ],
            [
              135.790286,
              34.726347
            ],
            [
              135.790613,
              34.726345
            ],
            [
              135.791128,
              34.726341
            ],
            [
              135.791121,
              34.725744
            ],
            [
              135.791117,
              34.723813
            ],
            [
              135.790495,
              34.723802
            ],
            [
              135.79046,
              34.723802
            ],
            [
              135.790459,
              34.723887
            ],
            [
              135.790471,
              34.725367
            ],
            [
              135.790339,
              34.725474
            ],
            [
              135.78956,
              34.725464
            ],
            [
              135.78956,
              34.725832
            ],
            [
              135.78956,
              34.72634
            ]
          ]
        ]
      },
      "properties": {
        "id": "way/177146047",
        "osm_id": 177146047,
        "osm_type": "way",
        "name": "イオンモール高の原",
        "name_en": "",
        "lat": 34.725074,
        "lon": 135.790344,
        "brand": "イオン",
        "brand_wikidata": "Q305335",
        "mall_type": "イオンモール",
        "prefecture": "奈良県",
        "city": "",
        "address": "奈良県1",
        "website": "",
        "opening_hours": "Mo-Su,PH 08:00-24:00",
        "phone": "",
        "opening_year": "2007年5月1日",
        "area": "敷地面積: 約47,818㎡、商業施設面積: 約50,850㎡ (施設全体)",
        "former_building": "新規開発（サンタウンプラザこすもす館。開業当初の核店舗は「高の原サティ」）",
        "demand_and_features": "平城・相楽ニュータウンの中心駅である近鉄京都線高の原駅前に位置し、最大の特徴は「京都府木津川市と奈良県奈良市の府県境をまたぐ形で店舗が建てられている」点です。館内には府県境の境界線が引かれ、一種の観光・ユニークスポットとなっています。開業時の核店舗は「高の原サティ」で、現在はイオンモール高の原の核店舗として機能。ニュータウンの主要層であるファミリー・シニア層の生活防衛拠点として極めて高い日常需要があるだけでなく、市役所の出張所や医療施設、コミュニティホールを内包し、地域のインフラそのものとして機能しています。",
        "source": "OpenStreetMap",
        "priority": 2,
        "building_height_est_m": 22.0,
        "site_area_m2": 47818.0,
        "floor_area_m2": 50850.0,
        "polygon_coordinates": [
          [
            135.78956,
            34.72634
          ],
          [
            135.790286,
            34.726347
          ],
          [
            135.790613,
            34.726345
          ],
          [
            135.791128,
            34.726341
          ],
          [
            135.791121,
            34.725744
          ],
          [
            135.791117,
            34.723813
          ],
          [
            135.790495,
            34.723802
          ],
          [
            135.79046,
            34.723802
          ],
          [
            135.790459,
            34.723887
          ],
          [
            135.790471,
            34.725367
          ],
          [
            135.790339,
            34.725474
          ],
          [
            135.78956,
            34.725464
          ],
          [
            135.78956,
            34.725832
          ],
          [
            135.78956,
            34.72634
          ]
        ],
        "calculated_area_m2": 24889.8,
        "perimeter_m": 841.2,
        "bbox": [
          135.78956,
          34.723802,
          135.791128,
          34.726347
        ],
        "polygon_source": "OSM_exact_footprint"
      }
    },
    {
      "type": "Feature",
      "id": "way/217927154",
      "geometry": {
        "type": "Polygon",
        "coordinates": [
          [
            [
              135.148709,
              34.277333
            ],
            [
              135.148691,
              34.27707
            ],
            [
              135.148659,
              34.276623
            ],
            [
              135.148747,
              34.276528
            ],
            [
              135.148745,
              34.276463
            ],
            [
              135.148743,
              34.276413
            ],
            [
              135.148742,
              34.276381
            ],
            [
              135.148634,
              34.276294
            ],
            [
              135.148629,
              34.27621
            ],
            [
              135.148623,
              34.276124
            ],
            [
              135.148618,
              34.27604
            ],
            [
              135.148701,
              34.275951
            ],
            [
              135.148673,
              34.275501
            ],
            [
              135.148666,
              34.275381
            ],
            [
              135.14884,
              34.275227
            ],
            [
              135.148835,
              34.275157
            ],
            [
              135.148771,
              34.274246
            ],
            [
              135.149518,
              34.27421
            ],
            [
              135.149546,
              34.274209
            ],
            [
              135.149574,
              34.274599
            ],
            [
              135.149653,
              34.275738
            ],
            [
              135.149747,
              34.275731
            ],
            [
              135.149748,
              34.275744
            ],
            [
              135.149749,
              34.275783
            ],
            [
              135.149753,
              34.275883
            ],
            [
              135.149756,
              34.275929
            ],
            [
              135.149667,
              34.275932
            ],
            [
              135.149673,
              34.276009
            ],
            [
              135.149763,
              34.276004
            ],
            [
              135.149765,
              34.276035
            ],
            [
              135.149767,
              34.276067
            ],
            [
              135.149683,
              34.276071
            ],
            [
              135.149688,
              34.27615
            ],
            [
              135.149785,
              34.276145
            ],
            [
              135.149841,
              34.276953
            ],
            [
              135.149962,
              34.276948
            ],
            [
              135.149995,
              34.277428
            ],
            [
              135.149882,
              34.277523
            ],
            [
              135.149436,
              34.277545
            ],
            [
              135.149169,
              34.277558
            ],
            [
              135.14912,
              34.27756
            ],
            [
              135.149102,
              34.277314
            ],
            [
              135.148709,
              34.277333
            ]
          ]
        ]
      },
      "properties": {
        "id": "way/217927154",
        "osm_id": 217927154,
        "osm_type": "way",
        "name": "イオンモール和歌山",
        "name_en": "",
        "lat": 34.275885,
        "lon": 135.149306,
        "brand": "イオン",
        "brand_wikidata": "Q305335",
        "mall_type": "イオンモール",
        "prefecture": "和歌山県",
        "city": "",
        "address": "和歌山県",
        "website": "",
        "opening_hours": "Mo-Su,PH 10:00-21:00",
        "phone": "",
        "opening_year": "2014年3月16日",
        "area": "延床面積：約128,000㎡（イオンモール全体）",
        "former_building": "新規開発（イオンモール和歌山の核店舗として開業）",
        "demand_and_features": "和歌山市北部の新興住宅地「学園城郭都市ふじと台」に位置する「イオンモール和歌山」の核店舗。南海本線「和歌山大学前駅」に直結する一方で、大規模な駐車場を備えるため、電車と車の双方からアクセスしやすい。和歌山県内初出店の専門店が多く、若者やニューファミリー層に絶大な人気を誇る。屋上に輸入車等のディーラーを集めた「オートモール」を設置するなど先進的な店舗設計が特徴。スタイリッシュな衣食住の提案が、地域の消費生活をリードしている。",
        "source": "OpenStreetMap",
        "priority": 2,
        "building_height_est_m": 22.0,
        "site_area_m2": 204800.0,
        "floor_area_m2": 128000.0,
        "polygon_coordinates": [
          [
            135.148709,
            34.277333
          ],
          [
            135.148691,
            34.27707
          ],
          [
            135.148659,
            34.276623
          ],
          [
            135.148747,
            34.276528
          ],
          [
            135.148745,
            34.276463
          ],
          [
            135.148743,
            34.276413
          ],
          [
            135.148742,
            34.276381
          ],
          [
            135.148634,
            34.276294
          ],
          [
            135.148629,
            34.27621
          ],
          [
            135.148623,
            34.276124
          ],
          [
            135.148618,
            34.27604
          ],
          [
            135.148701,
            34.275951
          ],
          [
            135.148673,
            34.275501
          ],
          [
            135.148666,
            34.275381
          ],
          [
            135.14884,
            34.275227
          ],
          [
            135.148835,
            34.275157
          ],
          [
            135.148771,
            34.274246
          ],
          [
            135.149518,
            34.27421
          ],
          [
            135.149546,
            34.274209
          ],
          [
            135.149574,
            34.274599
          ],
          [
            135.149653,
            34.275738
          ],
          [
            135.149747,
            34.275731
          ],
          [
            135.149748,
            34.275744
          ],
          [
            135.149749,
            34.275783
          ],
          [
            135.149753,
            34.275883
          ],
          [
            135.149756,
            34.275929
          ],
          [
            135.149667,
            34.275932
          ],
          [
            135.149673,
            34.276009
          ],
          [
            135.149763,
            34.276004
          ],
          [
            135.149765,
            34.276035
          ],
          [
            135.149767,
            34.276067
          ],
          [
            135.149683,
            34.276071
          ],
          [
            135.149688,
            34.27615
          ],
          [
            135.149785,
            34.276145
          ],
          [
            135.149841,
            34.276953
          ],
          [
            135.149962,
            34.276948
          ],
          [
            135.149995,
            34.277428
          ],
          [
            135.149882,
            34.277523
          ],
          [
            135.149436,
            34.277545
          ],
          [
            135.149169,
            34.277558
          ],
          [
            135.14912,
            34.27756
          ],
          [
            135.149102,
            34.277314
          ],
          [
            135.148709,
            34.277333
          ]
        ],
        "calculated_area_m2": 33154.7,
        "perimeter_m": 988.7,
        "bbox": [
          135.148618,
          34.274209,
          135.149995,
          34.27756
        ],
        "polygon_source": "OSM_exact_footprint"
      }
    },
    {
      "type": "Feature",
      "id": "way/699003055",
      "geometry": {
        "type": "Polygon",
        "coordinates": [
          [
            [
              133.747825,
              34.604573
            ],
            [
              133.746961,
              34.604899
            ],
            [
              133.745674,
              34.605383
            ],
            [
              133.745563,
              34.605428
            ],
            [
              133.745408,
              34.605492
            ],
            [
              133.745254,
              34.605553
            ],
            [
              133.745248,
              34.605547
            ],
            [
              133.745231,
              34.605536
            ],
            [
              133.745201,
              34.605522
            ],
            [
              133.745188,
              34.605518
            ],
            [
              133.745161,
              34.605517
            ],
            [
              133.745079,
              34.605543
            ],
            [
              133.74507,
              34.605542
            ],
            [
              133.745065,
              34.605537
            ],
            [
              133.745059,
              34.605523
            ],
            [
              133.74488,
              34.605216
            ],
            [
              133.744702,
              34.604901
            ],
            [
              133.744656,
              34.604824
            ],
            [
              133.744583,
              34.604626
            ],
            [
              133.744531,
              34.604453
            ],
            [
              133.744497,
              34.604317
            ],
            [
              133.744467,
              34.604157
            ],
            [
              133.744463,
              34.604119
            ],
            [
              133.744454,
              34.603862
            ],
            [
              133.744454,
              34.60371
            ],
            [
              133.744446,
              34.603634
            ],
            [
              133.744449,
              34.603598
            ],
            [
              133.74445,
              34.603549
            ],
            [
              133.744452,
              34.603518
            ],
            [
              133.744457,
              34.603474
            ],
            [
              133.744456,
              34.603431
            ],
            [
              133.74445,
              34.603375
            ],
            [
              133.744451,
              34.603356
            ],
            [
              133.744454,
              34.603347
            ],
            [
              133.744462,
              34.603341
            ],
            [
              133.744474,
              34.603339
            ],
            [
              133.744608,
              34.603325
            ],
            [
              133.744622,
              34.603315
            ],
            [
              133.744626,
              34.603309
            ],
            [
              133.744631,
              34.603287
            ],
            [
              133.74463,
              34.603234
            ],
            [
              133.744614,
              34.6031
            ],
            [
              133.744562,
              34.602451
            ],
            [
              133.744518,
              34.602143
            ],
            [
              133.744518,
              34.602135
            ],
            [
              133.744521,
              34.602126
            ],
            [
              133.744529,
              34.602113
            ],
            [
              133.744573,
              34.602048
            ],
            [
              133.744713,
              34.601813
            ],
            [
              133.744722,
              34.601801
            ],
            [
              133.744722,
              34.601785
            ],
            [
              133.744712,
              34.601768
            ],
            [
              133.744708,
              34.601754
            ],
            [
              133.744663,
              34.601242
            ],
            [
              133.744641,
              34.601042
            ],
            [
              133.744617,
              34.600749
            ],
            [
              133.744639,
              34.600567
            ],
            [
              133.744719,
              34.600604
            ],
            [
              133.744842,
              34.600662
            ],
            [
              133.745168,
              34.600819
            ],
            [
              133.745309,
              34.600888
            ],
            [
              133.746122,
              34.601281
            ],
            [
              133.746355,
              34.601383
            ],
            [
              133.746647,
              34.601493
            ],
            [
              133.746653,
              34.601527
            ],
            [
              133.746931,
              34.601662
            ],
            [
              133.746975,
              34.601657
            ],
            [
              133.747693,
              34.602
            ],
            [
              133.747744,
              34.602038
            ],
            [
              133.747737,
              34.602227
            ],
            [
              133.747734,
              34.602242
            ],
            [
              133.747673,
              34.602388
            ],
            [
              133.747649,
              34.60247
            ],
            [
              133.74763,
              34.602564
            ],
            [
              133.747595,
              34.602925
            ],
            [
              133.74759,
              34.603051
            ],
            [
              133.747586,
              34.603079
            ],
            [
              133.747583,
              34.603086
            ],
            [
              133.747567,
              34.603243
            ],
            [
              133.747567,
              34.603263
            ],
            [
              133.747572,
              34.603271
            ],
            [
              133.747608,
              34.603289
            ],
            [
              133.747616,
              34.603298
            ],
            [
              133.747622,
              34.603311
            ],
            [
              133.747637,
              34.60339
            ],
            [
              133.74767,
              34.6035
            ],
            [
              133.747787,
              34.603824
            ],
            [
              133.747822,
              34.603896
            ],
            [
              133.747858,
              34.603962
            ],
            [
              133.747906,
              34.604036
            ],
            [
              133.747956,
              34.604098
            ],
            [
              133.748024,
              34.604165
            ],
            [
              133.748143,
              34.604256
            ],
            [
              133.748097,
              34.604287
            ],
            [
              133.747978,
              34.604351
            ],
            [
              133.747933,
              34.604384
            ],
            [
              133.747984,
              34.604471
            ],
            [
              133.747964,
              34.60448
            ],
            [
              133.747825,
              34.604573
            ]
          ]
        ]
      },
      "properties": {
        "id": "way/699003055",
        "osm_id": 699003055,
        "osm_type": "way",
        "name": "イオンモール倉敷",
        "name_en": "",
        "lat": 34.60306,
        "lon": 133.746295,
        "brand": "イオン",
        "brand_wikidata": "Q305335",
        "mall_type": "イオンモール",
        "prefecture": "岡山県",
        "city": "",
        "address": "岡山県",
        "website": "",
        "opening_hours": "",
        "phone": "",
        "opening_year": "1999年9月21日",
        "area": "総賃貸面積：約83,000㎡",
        "former_building": "新規開発（クラレ倉敷工場跡地。開業時の核店舗はジャスコ倉敷店）",
        "demand_and_features": "倉敷市のクラレ工場跡地に建設された日本屈指のメガモール「イオンモール倉敷」の核店舗。1999年に「ジャスコ倉敷店」として開業して以来、度重なる増床とリニューアルを経て、中国地方トップクラスの圧倒的な集客力を維持している。広大な駐車場と多様な専門店、シネコンが一体となっており、週末には岡山県内全域のみならず、隣接する広島県東部からも買い物客やファミリーが訪れる。イオンスタイル倉敷の圧倒的な惣菜コーナーやキッズ売場は地域の生活基盤そのもの。",
        "source": "OpenStreetMap",
        "priority": 2,
        "building_height_est_m": 22.0,
        "site_area_m2": 132800.0,
        "floor_area_m2": 83000.0,
        "polygon_coordinates": [
          [
            133.747825,
            34.604573
          ],
          [
            133.746961,
            34.604899
          ],
          [
            133.745674,
            34.605383
          ],
          [
            133.745563,
            34.605428
          ],
          [
            133.745408,
            34.605492
          ],
          [
            133.745254,
            34.605553
          ],
          [
            133.745248,
            34.605547
          ],
          [
            133.745231,
            34.605536
          ],
          [
            133.745201,
            34.605522
          ],
          [
            133.745188,
            34.605518
          ],
          [
            133.745161,
            34.605517
          ],
          [
            133.745079,
            34.605543
          ],
          [
            133.74507,
            34.605542
          ],
          [
            133.745065,
            34.605537
          ],
          [
            133.745059,
            34.605523
          ],
          [
            133.74488,
            34.605216
          ],
          [
            133.744702,
            34.604901
          ],
          [
            133.744656,
            34.604824
          ],
          [
            133.744583,
            34.604626
          ],
          [
            133.744531,
            34.604453
          ],
          [
            133.744497,
            34.604317
          ],
          [
            133.744467,
            34.604157
          ],
          [
            133.744463,
            34.604119
          ],
          [
            133.744454,
            34.603862
          ],
          [
            133.744454,
            34.60371
          ],
          [
            133.744446,
            34.603634
          ],
          [
            133.744449,
            34.603598
          ],
          [
            133.74445,
            34.603549
          ],
          [
            133.744452,
            34.603518
          ],
          [
            133.744457,
            34.603474
          ],
          [
            133.744456,
            34.603431
          ],
          [
            133.74445,
            34.603375
          ],
          [
            133.744451,
            34.603356
          ],
          [
            133.744454,
            34.603347
          ],
          [
            133.744462,
            34.603341
          ],
          [
            133.744474,
            34.603339
          ],
          [
            133.744608,
            34.603325
          ],
          [
            133.744622,
            34.603315
          ],
          [
            133.744626,
            34.603309
          ],
          [
            133.744631,
            34.603287
          ],
          [
            133.74463,
            34.603234
          ],
          [
            133.744614,
            34.6031
          ],
          [
            133.744562,
            34.602451
          ],
          [
            133.744518,
            34.602143
          ],
          [
            133.744518,
            34.602135
          ],
          [
            133.744521,
            34.602126
          ],
          [
            133.744529,
            34.602113
          ],
          [
            133.744573,
            34.602048
          ],
          [
            133.744713,
            34.601813
          ],
          [
            133.744722,
            34.601801
          ],
          [
            133.744722,
            34.601785
          ],
          [
            133.744712,
            34.601768
          ],
          [
            133.744708,
            34.601754
          ],
          [
            133.744663,
            34.601242
          ],
          [
            133.744641,
            34.601042
          ],
          [
            133.744617,
            34.600749
          ],
          [
            133.744639,
            34.600567
          ],
          [
            133.744719,
            34.600604
          ],
          [
            133.744842,
            34.600662
          ],
          [
            133.745168,
            34.600819
          ],
          [
            133.745309,
            34.600888
          ],
          [
            133.746122,
            34.601281
          ],
          [
            133.746355,
            34.601383
          ],
          [
            133.746647,
            34.601493
          ],
          [
            133.746653,
            34.601527
          ],
          [
            133.746931,
            34.601662
          ],
          [
            133.746975,
            34.601657
          ],
          [
            133.747693,
            34.602
          ],
          [
            133.747744,
            34.602038
          ],
          [
            133.747737,
            34.602227
          ],
          [
            133.747734,
            34.602242
          ],
          [
            133.747673,
            34.602388
          ],
          [
            133.747649,
            34.60247
          ],
          [
            133.74763,
            34.602564
          ],
          [
            133.747595,
            34.602925
          ],
          [
            133.74759,
            34.603051
          ],
          [
            133.747586,
            34.603079
          ],
          [
            133.747583,
            34.603086
          ],
          [
            133.747567,
            34.603243
          ],
          [
            133.747567,
            34.603263
          ],
          [
            133.747572,
            34.603271
          ],
          [
            133.747608,
            34.603289
          ],
          [
            133.747616,
            34.603298
          ],
          [
            133.747622,
            34.603311
          ],
          [
            133.747637,
            34.60339
          ],
          [
            133.74767,
            34.6035
          ],
          [
            133.747787,
            34.603824
          ],
          [
            133.747822,
            34.603896
          ],
          [
            133.747858,
            34.603962
          ],
          [
            133.747906,
            34.604036
          ],
          [
            133.747956,
            34.604098
          ],
          [
            133.748024,
            34.604165
          ],
          [
            133.748143,
            34.604256
          ],
          [
            133.748097,
            34.604287
          ],
          [
            133.747978,
            34.604351
          ],
          [
            133.747933,
            34.604384
          ],
          [
            133.747984,
            34.604471
          ],
          [
            133.747964,
            34.60448
          ],
          [
            133.747825,
            34.604573
          ]
        ],
        "calculated_area_m2": 122568.2,
        "perimeter_m": 1502.9,
        "bbox": [
          133.744446,
          34.600567,
          133.748143,
          34.605553
        ],
        "polygon_source": "OSM_exact_footprint"
      }
    },
    {
      "type": "Feature",
      "id": "way/1081728677",
      "geometry": {
        "type": "Polygon",
        "coordinates": [
          [
            [
              133.915781,
              34.662094
            ],
            [
              133.915749,
              34.662488
            ],
            [
              133.916175,
              34.66265
            ],
            [
              133.916684,
              34.662903
            ],
            [
              133.917366,
              34.662896
            ],
            [
              133.917511,
              34.6629
            ],
            [
              133.917735,
              34.66291
            ],
            [
              133.91795,
              34.662948
            ],
            [
              133.918757,
              34.662959
            ],
            [
              133.91889,
              34.662846
            ],
            [
              133.918959,
              34.66128
            ],
            [
              133.918924,
              34.661242
            ],
            [
              133.916905,
              34.661173
            ],
            [
              133.91687,
              34.661204
            ],
            [
              133.916834,
              34.661946
            ],
            [
              133.915808,
              34.661912
            ],
            [
              133.915781,
              34.661935
            ],
            [
              133.915781,
              34.662094
            ]
          ]
        ]
      },
      "properties": {
        "id": "way/1081728677",
        "osm_id": 1081728677,
        "osm_type": "way",
        "name": "イオンモール岡山",
        "name_en": "Aeon Mall Okayama",
        "lat": 34.662066,
        "lon": 133.917354,
        "brand": "イオン",
        "brand_wikidata": "Q305335",
        "mall_type": "イオンモール",
        "prefecture": "岡山県",
        "city": "岡山市",
        "address": "岡山県岡山市北区1",
        "website": "https://aeonmall-okayama.com/",
        "opening_hours": "Mo-Su 10:00-21:00",
        "phone": "",
        "opening_year": "2014年（平成26年）12月5日（中四国最大級の都市型ショッピングモール「イオンモール岡山」の核店舗として開業）",
        "area": "延床面積：約250,000㎡、敷地面積：約46,000㎡（イオンモール岡山全体のスペック）",
        "former_building": "「林原本社工場」および「林原モータープール」跡地（バイオ関連企業の林原が所有していた大規模な跡地を再開発）",
        "demand_and_features": "JR岡山駅から徒歩約5分という超一等地に構える、中四国地方屈指の「都市型フラッグシップモール」であるイオンモール岡山の核店舗。従来の郊外型イオンモールとは一線を画し、地下通路で駅と直結した高いアクセス性を有する。周辺に住む都市型ファミリーや近隣のオフィスワーカー、さらには岡山駅を利用する通勤・通学客、県内外からの観光客・ビジネス客まで幅広い層が日々訪れる。イオンスタイル岡山は地下の広大な食品フロア（中四国最大級）をはじめ、最新のトレンドやライフスタイルを提案するフロア構成となっており、日常の買い物からワンランク上のライフスタイル発信拠点、さらには地元の名産品を取り揃えたギフト・お土産需要まで網羅し、岡山市中心部の商業の心臓部として圧倒的な求心力を誇る。",
        "source": "OpenStreetMap",
        "priority": 2,
        "building_height_est_m": 22.0,
        "site_area_m2": 46000.0,
        "floor_area_m2": 250000.0,
        "polygon_coordinates": [
          [
            133.915781,
            34.662094
          ],
          [
            133.915749,
            34.662488
          ],
          [
            133.916175,
            34.66265
          ],
          [
            133.916684,
            34.662903
          ],
          [
            133.917366,
            34.662896
          ],
          [
            133.917511,
            34.6629
          ],
          [
            133.917735,
            34.66291
          ],
          [
            133.91795,
            34.662948
          ],
          [
            133.918757,
            34.662959
          ],
          [
            133.91889,
            34.662846
          ],
          [
            133.918959,
            34.66128
          ],
          [
            133.918924,
            34.661242
          ],
          [
            133.916905,
            34.661173
          ],
          [
            133.91687,
            34.661204
          ],
          [
            133.916834,
            34.661946
          ],
          [
            133.915808,
            34.661912
          ],
          [
            133.915781,
            34.661935
          ],
          [
            133.915781,
            34.662094
          ]
        ],
        "calculated_area_m2": 44677.7,
        "perimeter_m": 914.2,
        "bbox": [
          133.915749,
          34.661173,
          133.918959,
          34.662959
        ],
        "polygon_source": "OSM_exact_footprint"
      }
    },
    {
      "type": "Feature",
      "id": "way/1289771360",
      "geometry": {
        "type": "Polygon",
        "coordinates": [
          [
            [
              132.498439,
              34.396515
            ],
            [
              132.4989,
              34.396297
            ],
            [
              132.499217,
              34.396261
            ],
            [
              132.500689,
              34.395537
            ],
            [
              132.50073,
              34.395497
            ],
            [
              132.500784,
              34.395401
            ],
            [
              132.500891,
              34.395308
            ],
            [
              132.501651,
              34.394925
            ],
            [
              132.501683,
              34.394826
            ],
            [
              132.501655,
              34.394717
            ],
            [
              132.500377,
              34.392954
            ],
            [
              132.500216,
              34.392888
            ],
            [
              132.500173,
              34.392871
            ],
            [
              132.500073,
              34.392835
            ],
            [
              132.499623,
              34.392833
            ],
            [
              132.49911,
              34.392698
            ],
            [
              132.498943,
              34.392702
            ],
            [
              132.498825,
              34.392744
            ],
            [
              132.497995,
              34.393168
            ],
            [
              132.497158,
              34.393906
            ],
            [
              132.497389,
              34.394203
            ],
            [
              132.496701,
              34.394591
            ],
            [
              132.497117,
              34.395218
            ],
            [
              132.497325,
              34.395398
            ],
            [
              132.497916,
              34.39577
            ],
            [
              132.498439,
              34.396515
            ]
          ]
        ]
      },
      "properties": {
        "id": "way/1289771360",
        "osm_id": 1289771360,
        "osm_type": "way",
        "name": "イオンモール広島府中",
        "name_en": "AEON MALL",
        "lat": 34.394607,
        "lon": 132.499192,
        "brand": "イオン",
        "brand_wikidata": "Q305335",
        "mall_type": "イオンモール",
        "prefecture": "広島県",
        "city": "",
        "address": "広島県",
        "website": "https://hiroshimafuchu-aeonmall.com/",
        "opening_hours": "Mo-Su 10:00-22:00",
        "phone": "",
        "opening_year": "2004年3月24日（核店舗「ジャスコ広島府中店」として開業、2016年11月にイオンスタイル広島府中としてリニューアル）",
        "area": "敷地面積：約126,000㎡、総賃貸面積：約98,000㎡（延床面積：約256,000㎡）",
        "former_building": "キリンビール広島工場（1938年操業開始〜1998年閉鎖。かつて「東洋一の設備」と謳われた名門工場。跡地をキリングループとイオンが共同開発し「ダイヤモンドシティ・ソレイユ」として開業）",
        "demand_and_features": "中四国地方最大級の規模を誇る超広域型ショッピングモール「イオンモール広島府中」の中核店舗。広島市東部に隣接する府中町にあり、JR天神川駅・矢賀駅からの徒歩アクセスと広大な駐車場による車アクセスを両立した超一等地。かつてこの地の産業を支えたキリンビール工場の記憶を伝える赤レンガ調のデザインやモニュメントが特徴。最新の食品売場（イオンスタイル）は圧倒的な品揃えと地産地消（瀬戸内生鮮など）に注力し、モール内の多彩な専門店街、シネコン（バルト11）と連動することで、ファミリー層の週末のワンストップ・レジャー需要をほぼ独占している。広島都市圏における『最強のライフスタイル＆エンタメ拠点』として不動の地位を築いている。",
        "source": "OpenStreetMap",
        "priority": 2,
        "building_height_est_m": 22.0,
        "site_area_m2": 126000.0,
        "floor_area_m2": 98000.0,
        "polygon_coordinates": [
          [
            132.498439,
            34.396515
          ],
          [
            132.4989,
            34.396297
          ],
          [
            132.499217,
            34.396261
          ],
          [
            132.500689,
            34.395537
          ],
          [
            132.50073,
            34.395497
          ],
          [
            132.500784,
            34.395401
          ],
          [
            132.500891,
            34.395308
          ],
          [
            132.501651,
            34.394925
          ],
          [
            132.501683,
            34.394826
          ],
          [
            132.501655,
            34.394717
          ],
          [
            132.500377,
            34.392954
          ],
          [
            132.500216,
            34.392888
          ],
          [
            132.500173,
            34.392871
          ],
          [
            132.500073,
            34.392835
          ],
          [
            132.499623,
            34.392833
          ],
          [
            132.49911,
            34.392698
          ],
          [
            132.498943,
            34.392702
          ],
          [
            132.498825,
            34.392744
          ],
          [
            132.497995,
            34.393168
          ],
          [
            132.497158,
            34.393906
          ],
          [
            132.497389,
            34.394203
          ],
          [
            132.496701,
            34.394591
          ],
          [
            132.497117,
            34.395218
          ],
          [
            132.497325,
            34.395398
          ],
          [
            132.497916,
            34.39577
          ],
          [
            132.498439,
            34.396515
          ]
        ],
        "calculated_area_m2": 117196.1,
        "perimeter_m": 1336.0,
        "bbox": [
          132.496701,
          34.392698,
          132.501683,
          34.396515
        ],
        "polygon_source": "OSM_exact_footprint"
      }
    },
    {
      "type": "Feature",
      "id": "way/189166602",
      "geometry": {
        "type": "Polygon",
        "coordinates": [
          [
            [
              132.461462,
              34.445686
            ],
            [
              132.461454,
              34.445665
            ],
            [
              132.461447,
              34.445625
            ],
            [
              132.461423,
              34.445556
            ],
            [
              132.461368,
              34.445461
            ],
            [
              132.46133,
              34.445415
            ],
            [
              132.461282,
              34.44538
            ],
            [
              132.461224,
              34.445353
            ],
            [
              132.46117,
              34.445338
            ],
            [
              132.461111,
              34.445334
            ],
            [
              132.461046,
              34.445338
            ],
            [
              132.460946,
              34.445366
            ],
            [
              132.460844,
              34.445401
            ],
            [
              132.460781,
              34.445458
            ],
            [
              132.460767,
              34.445463
            ],
            [
              132.460669,
              34.445498
            ],
            [
              132.460383,
              34.445601
            ],
            [
              132.460245,
              34.445556
            ],
            [
              132.4599,
              34.444922
            ],
            [
              132.459876,
              34.444877
            ],
            [
              132.459661,
              34.444482
            ],
            [
              132.459585,
              34.444343
            ],
            [
              132.459303,
              34.443823
            ],
            [
              132.459286,
              34.443793
            ],
            [
              132.459065,
              34.443386
            ],
            [
              132.459083,
              34.443347
            ],
            [
              132.459433,
              34.4432
            ],
            [
              132.459528,
              34.44316
            ],
            [
              132.459616,
              34.443123
            ],
            [
              132.459831,
              34.443033
            ],
            [
              132.459867,
              34.442977
            ],
            [
              132.459812,
              34.442677
            ],
            [
              132.462515,
              34.441477
            ],
            [
              132.462886,
              34.442233
            ],
            [
              132.462918,
              34.442272
            ],
            [
              132.463937,
              34.444377
            ],
            [
              132.464059,
              34.444629
            ],
            [
              132.461462,
              34.445686
            ]
          ]
        ]
      },
      "properties": {
        "id": "way/189166602",
        "osm_id": 189166602,
        "osm_type": "way",
        "name": "イオンモール広島祇園",
        "name_en": "Aeon Mall Hiroshimagion",
        "lat": 34.443582,
        "lon": 132.461562,
        "brand": "イオン",
        "brand_wikidata": "Q305335",
        "mall_type": "イオンモール",
        "prefecture": "広島県",
        "city": "",
        "address": "広島県",
        "website": "https://gion.aeonmall.com/",
        "opening_hours": "",
        "phone": "",
        "opening_year": "2009年4月29日",
        "area": "敷地面積: 約135,000㎡、商業施設面積: 約57,000㎡ (施設全体)",
        "former_building": "三菱重工業工作機械事業部広島工場跡地（開業当初の核店舗はマイカル運営の「広島祇園サティ」）",
        "demand_and_features": "広島市内でも人口増加が顕著な安佐南区のベッドタウンに位置する「イオンモール広島祇園」の核店舗。三菱重工の工場跡地を活用してサティとして開業後、イオンスタイルへと転換。3層吹き抜けの広大なモールは、ニューファミリー層の日常的な食品・衣料品需要をキャッチするために設計されており、ベビーカーでの動線や子供向け設備が非常に充実。週末には地域コミュニティのレジャー・交流拠点として絶大な集客力を誇ります。",
        "source": "OpenStreetMap",
        "priority": 2,
        "building_height_est_m": 22.0,
        "site_area_m2": 135000.0,
        "floor_area_m2": 57000.0,
        "polygon_coordinates": [
          [
            132.461462,
            34.445686
          ],
          [
            132.461454,
            34.445665
          ],
          [
            132.461447,
            34.445625
          ],
          [
            132.461423,
            34.445556
          ],
          [
            132.461368,
            34.445461
          ],
          [
            132.46133,
            34.445415
          ],
          [
            132.461282,
            34.44538
          ],
          [
            132.461224,
            34.445353
          ],
          [
            132.46117,
            34.445338
          ],
          [
            132.461111,
            34.445334
          ],
          [
            132.461046,
            34.445338
          ],
          [
            132.460946,
            34.445366
          ],
          [
            132.460844,
            34.445401
          ],
          [
            132.460781,
            34.445458
          ],
          [
            132.460767,
            34.445463
          ],
          [
            132.460669,
            34.445498
          ],
          [
            132.460383,
            34.445601
          ],
          [
            132.460245,
            34.445556
          ],
          [
            132.4599,
            34.444922
          ],
          [
            132.459876,
            34.444877
          ],
          [
            132.459661,
            34.444482
          ],
          [
            132.459585,
            34.444343
          ],
          [
            132.459303,
            34.443823
          ],
          [
            132.459286,
            34.443793
          ],
          [
            132.459065,
            34.443386
          ],
          [
            132.459083,
            34.443347
          ],
          [
            132.459433,
            34.4432
          ],
          [
            132.459528,
            34.44316
          ],
          [
            132.459616,
            34.443123
          ],
          [
            132.459831,
            34.443033
          ],
          [
            132.459867,
            34.442977
          ],
          [
            132.459812,
            34.442677
          ],
          [
            132.462515,
            34.441477
          ],
          [
            132.462886,
            34.442233
          ],
          [
            132.462918,
            34.442272
          ],
          [
            132.463937,
            34.444377
          ],
          [
            132.464059,
            34.444629
          ],
          [
            132.461462,
            34.445686
          ]
        ],
        "calculated_area_m2": 127958.9,
        "perimeter_m": 1451.8,
        "bbox": [
          132.459065,
          34.441477,
          132.464059,
          34.445686
        ],
        "polygon_source": "OSM_exact_footprint"
      }
    },
    {
      "type": "Feature",
      "id": "duckdb/379",
      "geometry": {
        "type": "Polygon",
        "coordinates": [
          [
            [
              133.1883398,
              34.4060403
            ],
            [
              133.1882202,
              34.4066296
            ],
            [
              133.1882173,
              34.4066441
            ],
            [
              133.188381,
              34.4066667
            ],
            [
              133.1883849,
              34.4066476
            ],
            [
              133.1883888,
              34.4066287
            ],
            [
              133.1884581,
              34.4066383
            ],
            [
              133.1884619,
              34.4066195
            ],
            [
              133.1889433,
              34.4066861
            ],
            [
              133.1889412,
              34.4066965
            ],
            [
              133.1889395,
              34.4067046
            ],
            [
              133.1890112,
              34.4067145
            ],
            [
              133.1890081,
              34.4067298
            ],
            [
              133.1891419,
              34.4067483
            ],
            [
              133.1891468,
              34.4067241
            ],
            [
              133.1892597,
              34.4061674
            ],
            [
              133.1883398,
              34.4060403
            ]
          ]
        ]
      },
      "properties": {
        "id": "duckdb/379",
        "osm_id": "db_379",
        "osm_type": "duckdb",
        "name": "イオンスタイル尾道",
        "name_en": "",
        "lat": 34.406572,
        "lon": 133.188681,
        "brand": "イオン",
        "brand_wikidata": "Q305335",
        "mall_type": "イオンスタイル",
        "prefecture": "広島県",
        "city": "尾道市",
        "address": "広島県尾道市天満町17-50",
        "website": "",
        "opening_hours": "",
        "phone": "",
        "opening_year": "2020年9月18日（前身のニチイ尾道店は1979年開業。2019年閉店・建て替え）",
        "area": "店舗面積：約3,333㎡",
        "former_building": "ニチイ尾道店（のち尾道サティ、イオン尾道店。建て替えによる新規開発）",
        "demand_and_features": "1979年開業の歴史ある「旧イオン尾道店（旧ニチイ・サティ）」の跡地を全面的に建て替え、2020年に最新の「イオンスタイル尾道」としてコンパクトに再出発した。観光地・尾道の市街地中心部に近く、地元住民が毎日使いやすい「食」に特化した近代的な店舗。出汁や海産物などの尾道ならではの地元食材や惣菜のバリエーションが豊かで、簡便・時短商品を豊富に揃える。コンパクトな規模ながらスタイリッシュな売場は、若年層から単身者、車を持たないシニア層まで日常の食インフラとして非常に高く機能している。",
        "source": "aeon_stores.duckdb",
        "priority": 1,
        "building_height_est_m": 12.0,
        "site_area_m2": 12003.6,
        "floor_area_m2": 22506.8,
        "polygon_coordinates": [
          [
            133.1883398,
            34.4060403
          ],
          [
            133.1882202,
            34.4066296
          ],
          [
            133.1882173,
            34.4066441
          ],
          [
            133.188381,
            34.4066667
          ],
          [
            133.1883849,
            34.4066476
          ],
          [
            133.1883888,
            34.4066287
          ],
          [
            133.1884581,
            34.4066383
          ],
          [
            133.1884619,
            34.4066195
          ],
          [
            133.1889433,
            34.4066861
          ],
          [
            133.1889412,
            34.4066965
          ],
          [
            133.1889395,
            34.4067046
          ],
          [
            133.1890112,
            34.4067145
          ],
          [
            133.1890081,
            34.4067298
          ],
          [
            133.1891419,
            34.4067483
          ],
          [
            133.1891468,
            34.4067241
          ],
          [
            133.1892597,
            34.4061674
          ],
          [
            133.1883398,
            34.4060403
          ]
        ],
        "calculated_area_m2": 5330.0,
        "perimeter_m": 314.4,
        "bbox": [
          133.188217,
          34.40604,
          133.18926,
          34.406748
        ],
        "polygon_source": "OSM_exact_footprint"
      }
    },
    {
      "type": "Feature",
      "id": "duckdb/376",
      "geometry": {
        "type": "Polygon",
        "coordinates": [
          [
            [
              132.4004777,
              34.4087464
            ],
            [
              132.4010761,
              34.4084134
            ],
            [
              132.4001881,
              34.4073275
            ],
            [
              132.3995899,
              34.4076605
            ],
            [
              132.3996642,
              34.4077513
            ],
            [
              132.399597,
              34.4077887
            ],
            [
              132.3996877,
              34.4078996
            ],
            [
              132.3997547,
              34.4078623
            ],
            [
              132.4004777,
              34.4087464
            ]
          ]
        ]
      },
      "properties": {
        "id": "duckdb/376",
        "osm_id": "db_376",
        "osm_type": "duckdb",
        "name": "イオンスタイル西風新都",
        "name_en": "",
        "lat": 34.408022,
        "lon": 132.400057,
        "brand": "イオン",
        "brand_wikidata": "Q305335",
        "mall_type": "イオンスタイル",
        "prefecture": "広島県",
        "city": "広島市",
        "address": "広島県広島市佐伯区石内東4-1-1",
        "website": "",
        "opening_hours": "",
        "phone": "",
        "opening_year": "2018年4月27日",
        "area": "店舗面積：約2,416㎡",
        "former_building": "新規開発（「THE OUTLETS HIROSHIMA」内の一角に出店）",
        "demand_and_features": "広島市佐伯区の大型アウトレットモール「THE OUTLETS HIROSHIMA」の1階に配置された、新しいスタイルの食品特化型店舗。2018年のアウトレットモール開業と同時にオープンした。アウトレットの広域集客力と、背後に広がる西風新都のニュータウンの住民双方を顧客に持つ。地元広島の新鮮な野菜や果物を扱う「産直コーナー」や、こだわりの惣菜デリ、こだわりの地酒などが好評で、観光目的の来客から日常のごちそう需要まで、スマートで高感度な食生活を幅広く提案している。",
        "source": "aeon_stores.duckdb",
        "priority": 1,
        "building_height_est_m": 12.0,
        "site_area_m2": 34297.0,
        "floor_area_m2": 64306.9,
        "polygon_coordinates": [
          [
            132.4004777,
            34.4087464
          ],
          [
            132.4010761,
            34.4084134
          ],
          [
            132.4001881,
            34.4073275
          ],
          [
            132.3995899,
            34.4076605
          ],
          [
            132.3996642,
            34.4077513
          ],
          [
            132.399597,
            34.4077887
          ],
          [
            132.3996877,
            34.4078996
          ],
          [
            132.3997547,
            34.4078623
          ],
          [
            132.4004777,
            34.4087464
          ]
        ],
        "calculated_area_m2": 3863.3,
        "perimeter_m": 437.8,
        "bbox": [
          132.39959,
          34.407328,
          132.401076,
          34.408746
        ],
        "polygon_source": "OSM_exact_footprint"
      }
    },
    {
      "type": "Feature",
      "id": "duckdb/375",
      "geometry": {
        "type": "Polygon",
        "coordinates": [
          [
            [
              132.4673214,
              34.3671005
            ],
            [
              132.4669352,
              34.3671315
            ],
            [
              132.4669539,
              34.3673484
            ],
            [
              132.4665597,
              34.3673706
            ],
            [
              132.4665543,
              34.3673108
            ],
            [
              132.4663478,
              34.3671669
            ],
            [
              132.4659132,
              34.3671802
            ],
            [
              132.4658676,
              34.3668171
            ],
            [
              132.4661469,
              34.3667952
            ],
            [
              132.466101,
              34.3664894
            ],
            [
              132.4668925,
              34.3664254
            ],
            [
              132.4671846,
              34.3664673
            ],
            [
              132.4673295,
              34.3664606
            ],
            [
              132.46737,
              34.366897
            ],
            [
              132.467654,
              34.3668791
            ],
            [
              132.4676811,
              34.3671206
            ],
            [
              132.4673225,
              34.367132
            ],
            [
              132.4673214,
              34.3671005
            ]
          ]
        ]
      },
      "properties": {
        "id": "duckdb/375",
        "osm_id": "db_375",
        "osm_type": "duckdb",
        "name": "イオンみゆき店",
        "name_en": "",
        "lat": 34.366955,
        "lon": 132.466859,
        "brand": "イオン",
        "brand_wikidata": "Q305335",
        "mall_type": "一般イオン",
        "prefecture": "広島県",
        "city": "広島市",
        "address": "広島県広島市南区宇品御幸1-9-12",
        "website": "",
        "opening_hours": "",
        "phone": "",
        "opening_year": "1977年11月25日",
        "area": "店舗面積：5,382㎡（当初は6,016㎡）",
        "former_building": "ジャスコみゆき店",
        "demand_and_features": "広島市南区の歴史ある住宅地の中に建つショッピングモール「みゆきプラザ」の核店舗。1977年に「ジャスコみゆき店」として開業し、半世紀近く地域商業のシンボルとして機能している。近隣の「イオン宇品店」のような超大型店舗とは異なり、こちらは昔からの近隣住民やシニア層が徒歩や自転車で手軽に通える「生活密着型」の店舗として盤石の支持を持つ。高齢者向けの品揃えやバリアフリーに力を入れており、地域のコミュニティスペースとしての温かみがあるのが強み。",
        "source": "aeon_stores.duckdb",
        "priority": 1,
        "building_height_est_m": 12.0,
        "site_area_m2": 27892.2,
        "floor_area_m2": 52297.8,
        "polygon_coordinates": [
          [
            132.4673214,
            34.3671005
          ],
          [
            132.4669352,
            34.3671315
          ],
          [
            132.4669539,
            34.3673484
          ],
          [
            132.4665597,
            34.3673706
          ],
          [
            132.4665543,
            34.3673108
          ],
          [
            132.4663478,
            34.3671669
          ],
          [
            132.4659132,
            34.3671802
          ],
          [
            132.4658676,
            34.3668171
          ],
          [
            132.4661469,
            34.3667952
          ],
          [
            132.466101,
            34.3664894
          ],
          [
            132.4668925,
            34.3664254
          ],
          [
            132.4671846,
            34.3664673
          ],
          [
            132.4673295,
            34.3664606
          ],
          [
            132.46737,
            34.366897
          ],
          [
            132.467654,
            34.3668791
          ],
          [
            132.4676811,
            34.3671206
          ],
          [
            132.4673225,
            34.367132
          ],
          [
            132.4673214,
            34.3671005
          ]
        ],
        "calculated_area_m2": 8612.0,
        "perimeter_m": 518.9,
        "bbox": [
          132.465868,
          34.366425,
          132.467681,
          34.367371
        ],
        "polygon_source": "OSM_exact_footprint"
      }
    },
    {
      "type": "Feature",
      "id": "duckdb/378",
      "geometry": {
        "type": "Polygon",
        "coordinates": [
          [
            [
              133.0877942,
              34.3981504
            ],
            [
              133.0867267,
              34.3981393
            ],
            [
              133.0867173,
              34.398853
            ],
            [
              133.0864947,
              34.3988542
            ],
            [
              133.086492,
              34.3992481
            ],
            [
              133.0865067,
              34.3992924
            ],
            [
              133.0865322,
              34.39932
            ],
            [
              133.0865684,
              34.3993433
            ],
            [
              133.0866167,
              34.3993543
            ],
            [
              133.0869158,
              34.3993588
            ],
            [
              133.0869506,
              34.399372
            ],
            [
              133.0869721,
              34.3993964
            ],
            [
              133.0869815,
              34.3994307
            ],
            [
              133.0869734,
              34.3998047
            ],
            [
              133.0877312,
              34.3998058
            ],
            [
              133.0877942,
              34.3981504
            ]
          ]
        ]
      },
      "properties": {
        "id": "duckdb/378",
        "osm_id": "db_378",
        "osm_type": "duckdb",
        "name": "イオン三原店",
        "name_en": "",
        "lat": 34.399117,
        "lon": 133.086923,
        "brand": "イオン",
        "brand_wikidata": "Q305335",
        "mall_type": "一般イオン",
        "prefecture": "広島県",
        "city": "三原市",
        "address": "広島県三原市城町2-13-1",
        "website": "",
        "opening_hours": "",
        "phone": "",
        "opening_year": "1989年7月28日（初代は1972年に山陽ジャスコ三原店として開業、1989年に現在地へ新築移転）",
        "area": "店舗面積：21,015㎡",
        "former_building": "やまてや三原店（のち山陽ジャスコ三原店）",
        "demand_and_features": "三原市の中心部に位置し、JR三原駅や三原港からもアクセスが良い好立地。歴史は古く、地場スーパー「やまてや」からジャスコへの変更を経て、1989年に現在の駅近くの広い場所へと移転開業した。店舗面積2万㎡を超える十分な広さを活かし、三原市内および近隣の竹原市や尾道市西部からも集客する。食料品の充実度はもちろん、衣料品や生活消耗品がワンフロアで揃う利便性が高齢者に好評。また、駅近くながら大容量の駐車場を完備し、週末は車利用のファミリー層で賑わう。",
        "source": "aeon_stores.duckdb",
        "priority": 1,
        "building_height_est_m": 8.0,
        "site_area_m2": 35299.1,
        "floor_area_m2": 44123.8,
        "polygon_coordinates": [
          [
            133.0877942,
            34.3981504
          ],
          [
            133.0867267,
            34.3981393
          ],
          [
            133.0867173,
            34.398853
          ],
          [
            133.0864947,
            34.3988542
          ],
          [
            133.086492,
            34.3992481
          ],
          [
            133.0865067,
            34.3992924
          ],
          [
            133.0865322,
            34.39932
          ],
          [
            133.0865684,
            34.3993433
          ],
          [
            133.0866167,
            34.3993543
          ],
          [
            133.0869158,
            34.3993588
          ],
          [
            133.0869506,
            34.399372
          ],
          [
            133.0869721,
            34.3993964
          ],
          [
            133.0869815,
            34.3994307
          ],
          [
            133.0869734,
            34.3998047
          ],
          [
            133.0877312,
            34.3998058
          ],
          [
            133.0877942,
            34.3981504
          ]
        ],
        "calculated_area_m2": 33647.8,
        "perimeter_m": 591.8,
        "bbox": [
          133.086492,
          34.398139,
          133.087794,
          34.399806
        ],
        "polygon_source": "OSM_exact_footprint"
      }
    },
    {
      "type": "Feature",
      "id": "duckdb/374",
      "geometry": {
        "type": "Polygon",
        "coordinates": [
          [
            [
              132.4691862,
              34.3631422
            ],
            [
              132.4675298,
              34.3632624
            ],
            [
              132.4674206,
              34.3620804
            ],
            [
              132.4693136,
              34.3619902
            ],
            [
              132.4693378,
              34.3622206
            ],
            [
              132.4693014,
              34.3623158
            ],
            [
              132.4691983,
              34.3623709
            ],
            [
              132.4691012,
              34.3623759
            ],
            [
              132.4691862,
              34.3631422
            ]
          ]
        ]
      },
      "properties": {
        "id": "duckdb/374",
        "osm_id": "db_374",
        "osm_type": "duckdb",
        "name": "イオン宇品店",
        "name_en": "",
        "lat": 34.362545,
        "lon": 132.468842,
        "brand": "イオン",
        "brand_wikidata": "Q305335",
        "mall_type": "一般イオン",
        "prefecture": "広島県",
        "city": "広島市",
        "address": "広島県広島市南区宇品東6-1-15",
        "website": "",
        "opening_hours": "",
        "phone": "",
        "opening_year": "2004年3月11日",
        "area": "商業施設面積：約31,500㎡",
        "former_building": "新規開発（イオン宇品ショッピングセンターの核店舗として開業）",
        "demand_and_features": "広島港にほど近いウォーターフロントの開発エリアに位置する「イオン宇品ショッピングセンター」の核店舗。2004年にジャスコとして開業した。宇品地区の急速なマンション開発と人口流入を背景に、現役の子育て世代やファミリー層の日常的な買い物需要を取り込んでいる。広い駐車場と路面電車（広島電鉄）からの好アクセスが両立しており、食品のバリエーションや子供用衣料、玩具の品揃えが非常に充実している。平日の日常使いから週末のレジャー的な買い物まで幅広く機能。",
        "source": "aeon_stores.duckdb",
        "priority": 1,
        "building_height_est_m": 12.0,
        "site_area_m2": 39691.4,
        "floor_area_m2": 74421.4,
        "polygon_coordinates": [
          [
            132.4691862,
            34.3631422
          ],
          [
            132.4675298,
            34.3632624
          ],
          [
            132.4674206,
            34.3620804
          ],
          [
            132.4693136,
            34.3619902
          ],
          [
            132.4693378,
            34.3622206
          ],
          [
            132.4693014,
            34.3623158
          ],
          [
            132.4691983,
            34.3623709
          ],
          [
            132.4691012,
            34.3623759
          ],
          [
            132.4691862,
            34.3631422
          ]
        ],
        "calculated_area_m2": 50406.6,
        "perimeter_m": 600.0,
        "bbox": [
          132.467421,
          34.36199,
          132.469338,
          34.363262
        ],
        "polygon_source": "OSM_exact_footprint"
      }
    },
    {
      "type": "Feature",
      "id": "duckdb/377",
      "geometry": {
        "type": "Polygon",
        "coordinates": [
          [
            [
              132.6228453,
              34.2342596
            ],
            [
              132.6233037,
              34.2341329
            ],
            [
              132.622984,
              34.2333428
            ],
            [
              132.6225257,
              34.2334695
            ],
            [
              132.6228453,
              34.2342596
            ]
          ]
        ]
      },
      "properties": {
        "id": "duckdb/377",
        "osm_id": "db_377",
        "osm_type": "duckdb",
        "name": "イオン広店",
        "name_en": "",
        "lat": 34.233893,
        "lon": 132.622901,
        "brand": "イオン",
        "brand_wikidata": "Q305335",
        "mall_type": "一般イオン",
        "prefecture": "広島県",
        "city": "呉市",
        "address": "広島県呉市広本町2-17-1",
        "website": "",
        "opening_hours": "",
        "phone": "",
        "opening_year": "1978年11月22日",
        "area": "店舗面積：8,072㎡",
        "former_building": "やまてや広店（のちジャスコ広店）",
        "demand_and_features": "呉市東部の文教・工業都市である広地区の中心部に位置する。前身は広島の地場スーパー「やまてや広店」であり、業務提携やスクラップアンドビルドを経て「ジャスコ広店」となり、現在の名称へ変更された。広駅から徒歩圏内で周辺は住宅や学校が多く、子育てファミリーやシニア、さらには近くの学生が日常的に利用する。コンパクトな売場設計で衣食住の必需品が効率よく配置されており、忙しい共働き世代の短時間での買い回りに最適な店舗として地域で長年親しまれている。",
        "source": "aeon_stores.duckdb",
        "priority": 1,
        "building_height_est_m": 16.0,
        "site_area_m2": 11625.1,
        "floor_area_m2": 29062.7,
        "polygon_coordinates": [
          [
            132.6228453,
            34.2342596
          ],
          [
            132.6233037,
            34.2341329
          ],
          [
            132.622984,
            34.2333428
          ],
          [
            132.6225257,
            34.2334695
          ],
          [
            132.6228453,
            34.2342596
          ]
        ],
        "calculated_area_m2": 12900.4,
        "perimeter_m": 273.7,
        "bbox": [
          132.622526,
          34.233343,
          132.623304,
          34.23426
        ],
        "polygon_source": "OSM_exact_footprint"
      }
    },
    {
      "type": "Feature",
      "id": "way/406992384",
      "geometry": {
        "type": "Polygon",
        "coordinates": [
          [
            [
              132.96162,
              34.042396
            ],
            [
              132.961755,
              34.042759
            ],
            [
              132.963037,
              34.043823
            ],
            [
              132.963181,
              34.043699
            ],
            [
              132.963283,
              34.043708
            ],
            [
              132.963377,
              34.043721
            ],
            [
              132.96345,
              34.043761
            ],
            [
              132.963519,
              34.043816
            ],
            [
              132.963394,
              34.04392
            ],
            [
              132.963373,
              34.043938
            ],
            [
              132.963278,
              34.044017
            ],
            [
              132.96416,
              34.044681
            ],
            [
              132.964061,
              34.044765
            ],
            [
              132.963994,
              34.044719
            ],
            [
              132.963436,
              34.045231
            ],
            [
              132.962717,
              34.044715
            ],
            [
              132.962601,
              34.044631
            ],
            [
              132.962424,
              34.044764
            ],
            [
              132.962379,
              34.044732
            ],
            [
              132.962331,
              34.044767
            ],
            [
              132.96189,
              34.044435
            ],
            [
              132.961768,
              34.044343
            ],
            [
              132.961808,
              34.044307
            ],
            [
              132.96173,
              34.04425
            ],
            [
              132.962065,
              34.043907
            ],
            [
              132.962081,
              34.043891
            ],
            [
              132.961981,
              34.043813
            ],
            [
              132.96185,
              34.043811
            ],
            [
              132.961851,
              34.043839
            ],
            [
              132.961869,
              34.043854
            ],
            [
              132.961875,
              34.04388
            ],
            [
              132.961858,
              34.043912
            ],
            [
              132.961816,
              34.043937
            ],
            [
              132.961755,
              34.043942
            ],
            [
              132.961695,
              34.043937
            ],
            [
              132.961651,
              34.043913
            ],
            [
              132.961627,
              34.043882
            ],
            [
              132.961623,
              34.04385
            ],
            [
              132.961521,
              34.043775
            ],
            [
              132.961486,
              34.043779
            ],
            [
              132.961512,
              34.043851
            ],
            [
              132.961497,
              34.043948
            ],
            [
              132.96119,
              34.044021
            ],
            [
              132.960762,
              34.04307
            ],
            [
              132.960631,
              34.042779
            ],
            [
              132.960623,
              34.042712
            ],
            [
              132.960666,
              34.042648
            ],
            [
              132.960853,
              34.042598
            ],
            [
              132.96162,
              34.042396
            ]
          ]
        ]
      },
      "properties": {
        "id": "way/406992384",
        "osm_id": 406992384,
        "osm_type": "way",
        "name": "イオンモール今治新都市",
        "name_en": "AEON Mall",
        "lat": 34.043813,
        "lon": 132.962391,
        "brand": "イオンモール",
        "brand_wikidata": "Q11286068",
        "mall_type": "イオンモール",
        "prefecture": "愛媛県",
        "city": "今治市",
        "address": "愛媛県今治市にぎわい広場",
        "website": "https://imabarishintoshi-aeonmall.com/",
        "opening_hours": "",
        "phone": "",
        "opening_year": "2016年4月23日",
        "area": "商業施設面積：約54,000㎡（イオンモール全体）",
        "former_building": "新規開発（イオンモール今治新都市の核店舗）",
        "demand_and_features": "しまなみ海道の今治インターに近接する今治新都市の丘陵地に開発された、広大な「イオンモール今治新都市」の核店舗。2016年に開業した。今治市のみならず、しまなみ海道を渡った瀬戸内海の島嶼部や、隣接する西条市、東温市などの広域から自家用車で訪れる買い物客を引き受けている。イオンスタイル今治新都市では今治タオルを始めとする地産特産品コーナーが常設され、週末は屋外ステージのイベントとともに子供連れで溢れる。愛媛県東予エリアを代表する商業拠点。",
        "source": "OpenStreetMap",
        "priority": 2,
        "building_height_est_m": 22.0,
        "site_area_m2": 86400.0,
        "floor_area_m2": 54000.0,
        "polygon_coordinates": [
          [
            132.96162,
            34.042396
          ],
          [
            132.961755,
            34.042759
          ],
          [
            132.963037,
            34.043823
          ],
          [
            132.963181,
            34.043699
          ],
          [
            132.963283,
            34.043708
          ],
          [
            132.963377,
            34.043721
          ],
          [
            132.96345,
            34.043761
          ],
          [
            132.963519,
            34.043816
          ],
          [
            132.963394,
            34.04392
          ],
          [
            132.963373,
            34.043938
          ],
          [
            132.963278,
            34.044017
          ],
          [
            132.96416,
            34.044681
          ],
          [
            132.964061,
            34.044765
          ],
          [
            132.963994,
            34.044719
          ],
          [
            132.963436,
            34.045231
          ],
          [
            132.962717,
            34.044715
          ],
          [
            132.962601,
            34.044631
          ],
          [
            132.962424,
            34.044764
          ],
          [
            132.962379,
            34.044732
          ],
          [
            132.962331,
            34.044767
          ],
          [
            132.96189,
            34.044435
          ],
          [
            132.961768,
            34.044343
          ],
          [
            132.961808,
            34.044307
          ],
          [
            132.96173,
            34.04425
          ],
          [
            132.962065,
            34.043907
          ],
          [
            132.962081,
            34.043891
          ],
          [
            132.961981,
            34.043813
          ],
          [
            132.96185,
            34.043811
          ],
          [
            132.961851,
            34.043839
          ],
          [
            132.961869,
            34.043854
          ],
          [
            132.961875,
            34.04388
          ],
          [
            132.961858,
            34.043912
          ],
          [
            132.961816,
            34.043937
          ],
          [
            132.961755,
            34.043942
          ],
          [
            132.961695,
            34.043937
          ],
          [
            132.961651,
            34.043913
          ],
          [
            132.961627,
            34.043882
          ],
          [
            132.961623,
            34.04385
          ],
          [
            132.961521,
            34.043775
          ],
          [
            132.961486,
            34.043779
          ],
          [
            132.961512,
            34.043851
          ],
          [
            132.961497,
            34.043948
          ],
          [
            132.96119,
            34.044021
          ],
          [
            132.960762,
            34.04307
          ],
          [
            132.960631,
            34.042779
          ],
          [
            132.960623,
            34.042712
          ],
          [
            132.960666,
            34.042648
          ],
          [
            132.960853,
            34.042598
          ],
          [
            132.96162,
            34.042396
          ]
        ],
        "calculated_area_m2": 39468.1,
        "perimeter_m": 1157.1,
        "bbox": [
          132.960623,
          34.042396,
          132.96416,
          34.045231
        ],
        "polygon_source": "OSM_exact_footprint"
      }
    },
    {
      "type": "Feature",
      "id": "way/228162472",
      "geometry": {
        "type": "Polygon",
        "coordinates": [
          [
            [
              132.77524,
              33.824176
            ],
            [
              132.77556,
              33.82418
            ],
            [
              132.77556,
              33.824144
            ],
            [
              132.776115,
              33.824158
            ],
            [
              132.776114,
              33.824175
            ],
            [
              132.777103,
              33.824193
            ],
            [
              132.777151,
              33.824189
            ],
            [
              132.777187,
              33.824172
            ],
            [
              132.777213,
              33.824148
            ],
            [
              132.777233,
              33.824115
            ],
            [
              132.777234,
              33.824008
            ],
            [
              132.777187,
              33.823926
            ],
            [
              132.777187,
              33.823738
            ],
            [
              132.777156,
              33.823738
            ],
            [
              132.777115,
              33.823738
            ],
            [
              132.777088,
              33.823738
            ],
            [
              132.777086,
              33.823918
            ],
            [
              132.77713,
              33.82401
            ],
            [
              132.777129,
              33.824091
            ],
            [
              132.77712,
              33.824104
            ],
            [
              132.777102,
              33.824109
            ],
            [
              132.77699,
              33.824109
            ],
            [
              132.777,
              33.823729
            ],
            [
              132.77694,
              33.823729
            ],
            [
              132.776941,
              33.823652
            ],
            [
              132.776891,
              33.823652
            ],
            [
              132.776905,
              33.823039
            ],
            [
              132.776888,
              33.823011
            ],
            [
              132.776868,
              33.822994
            ],
            [
              132.77684,
              33.822983
            ],
            [
              132.776802,
              33.822979
            ],
            [
              132.776801,
              33.822932
            ],
            [
              132.776697,
              33.822932
            ],
            [
              132.776697,
              33.822976
            ],
            [
              132.776245,
              33.822964
            ],
            [
              132.776206,
              33.822972
            ],
            [
              132.776176,
              33.822994
            ],
            [
              132.776154,
              33.823021
            ],
            [
              132.776154,
              33.823055
            ],
            [
              132.776118,
              33.824008
            ],
            [
              132.776098,
              33.824038
            ],
            [
              132.775951,
              33.824058
            ],
            [
              132.775655,
              33.824051
            ],
            [
              132.775552,
              33.82409
            ],
            [
              132.77524,
              33.824087
            ],
            [
              132.77524,
              33.824176
            ]
          ]
        ]
      },
      "properties": {
        "id": "way/228162472",
        "osm_id": 228162472,
        "osm_type": "way",
        "name": "イオンスタイル 松山",
        "name_en": "AEON STYLE Matsuyama",
        "lat": 33.823563,
        "lon": 132.776237,
        "brand": "イオンスタイル",
        "brand_wikidata": "Q305335",
        "mall_type": "イオンスタイル",
        "prefecture": "愛媛県",
        "city": "",
        "address": "愛媛県",
        "website": "",
        "opening_hours": "",
        "phone": "",
        "opening_year": "1995年11月26日",
        "area": "店舗面積：18,353㎡",
        "former_building": "ジャスコシティ松山（ジャスコ松山店）",
        "demand_and_features": "松山市の中心部南側の天山交差点付近に位置する主要店舗。1995年に「ジャスコシティ松山（ジャスコ松山店）」として開業。長年にわたり松山市民の胃袋と衣生活を支え、2018年には全館を「イオンスタイル松山」へ大改装した。国道33号や松山環状線に面しアクセス抜群。食品売場は深夜まで営業しており、近隣の単身世帯や多忙な共働きファミリーの利便性が非常に高い。専門性の高いオーガニック食品や高級デリ、コスメ部門も充実し、都市型ライフスタイルをリードしている。",
        "source": "OpenStreetMap",
        "priority": 2,
        "building_height_est_m": 16.0,
        "site_area_m2": 29364.8,
        "floor_area_m2": 18353.0,
        "polygon_coordinates": [
          [
            132.77524,
            33.824176
          ],
          [
            132.77556,
            33.82418
          ],
          [
            132.77556,
            33.824144
          ],
          [
            132.776115,
            33.824158
          ],
          [
            132.776114,
            33.824175
          ],
          [
            132.777103,
            33.824193
          ],
          [
            132.777151,
            33.824189
          ],
          [
            132.777187,
            33.824172
          ],
          [
            132.777213,
            33.824148
          ],
          [
            132.777233,
            33.824115
          ],
          [
            132.777234,
            33.824008
          ],
          [
            132.777187,
            33.823926
          ],
          [
            132.777187,
            33.823738
          ],
          [
            132.777156,
            33.823738
          ],
          [
            132.777115,
            33.823738
          ],
          [
            132.777088,
            33.823738
          ],
          [
            132.777086,
            33.823918
          ],
          [
            132.77713,
            33.82401
          ],
          [
            132.777129,
            33.824091
          ],
          [
            132.77712,
            33.824104
          ],
          [
            132.777102,
            33.824109
          ],
          [
            132.77699,
            33.824109
          ],
          [
            132.777,
            33.823729
          ],
          [
            132.77694,
            33.823729
          ],
          [
            132.776941,
            33.823652
          ],
          [
            132.776891,
            33.823652
          ],
          [
            132.776905,
            33.823039
          ],
          [
            132.776888,
            33.823011
          ],
          [
            132.776868,
            33.822994
          ],
          [
            132.77684,
            33.822983
          ],
          [
            132.776802,
            33.822979
          ],
          [
            132.776801,
            33.822932
          ],
          [
            132.776697,
            33.822932
          ],
          [
            132.776697,
            33.822976
          ],
          [
            132.776245,
            33.822964
          ],
          [
            132.776206,
            33.822972
          ],
          [
            132.776176,
            33.822994
          ],
          [
            132.776154,
            33.823021
          ],
          [
            132.776154,
            33.823055
          ],
          [
            132.776118,
            33.824008
          ],
          [
            132.776098,
            33.824038
          ],
          [
            132.775951,
            33.824058
          ],
          [
            132.775655,
            33.824051
          ],
          [
            132.775552,
            33.82409
          ],
          [
            132.77524,
            33.824087
          ],
          [
            132.77524,
            33.824176
          ]
        ],
        "calculated_area_m2": 11369.6,
        "perimeter_m": 716.5,
        "bbox": [
          132.77524,
          33.822932,
          132.777234,
          33.824193
        ],
        "polygon_source": "OSM_exact_footprint"
      }
    },
    {
      "type": "Feature",
      "id": "way/120063655",
      "geometry": {
        "type": "Polygon",
        "coordinates": [
          [
            [
              133.542174,
              33.574798
            ],
            [
              133.542787,
              33.574756
            ],
            [
              133.542791,
              33.57478
            ],
            [
              133.543169,
              33.574756
            ],
            [
              133.543175,
              33.574832
            ],
            [
              133.543258,
              33.575906
            ],
            [
              133.542858,
              33.576283
            ],
            [
              133.542816,
              33.576325
            ],
            [
              133.542691,
              33.576441
            ],
            [
              133.542682,
              33.57645
            ],
            [
              133.542633,
              33.576496
            ],
            [
              133.542675,
              33.576865
            ],
            [
              133.542766,
              33.576859
            ],
            [
              133.542868,
              33.577995
            ],
            [
              133.54287,
              33.578018
            ],
            [
              133.542875,
              33.578073
            ],
            [
              133.54288,
              33.578124
            ],
            [
              133.542689,
              33.578138
            ],
            [
              133.542597,
              33.578132
            ],
            [
              133.542209,
              33.578153
            ],
            [
              133.542134,
              33.57817
            ],
            [
              133.541911,
              33.578181
            ],
            [
              133.541899,
              33.57805
            ],
            [
              133.541807,
              33.577049
            ],
            [
              133.541805,
              33.577044
            ],
            [
              133.541781,
              33.577044
            ],
            [
              133.541763,
              33.577044
            ],
            [
              133.54174,
              33.577033
            ],
            [
              133.541716,
              33.577004
            ],
            [
              133.541692,
              33.576681
            ],
            [
              133.541699,
              33.576668
            ],
            [
              133.541707,
              33.576661
            ],
            [
              133.541715,
              33.576656
            ],
            [
              133.541725,
              33.576653
            ],
            [
              133.541739,
              33.57665
            ],
            [
              133.541861,
              33.576642
            ],
            [
              133.541857,
              33.57657
            ],
            [
              133.541811,
              33.57657
            ],
            [
              133.54179,
              33.576321
            ],
            [
              133.541805,
              33.576321
            ],
            [
              133.54179,
              33.576139
            ],
            [
              133.542037,
              33.575895
            ],
            [
              133.542019,
              33.575884
            ],
            [
              133.542034,
              33.57585
            ],
            [
              133.542054,
              33.575831
            ],
            [
              133.542069,
              33.575822
            ],
            [
              133.542081,
              33.575818
            ],
            [
              133.542094,
              33.575818
            ],
            [
              133.542116,
              33.575824
            ],
            [
              133.542134,
              33.575841
            ],
            [
              133.542197,
              33.57582
            ],
            [
              133.542257,
              33.575801
            ],
            [
              133.542251,
              33.575738
            ],
            [
              133.542174,
              33.574798
            ]
          ]
        ]
      },
      "properties": {
        "id": "way/120063655",
        "osm_id": 120063655,
        "osm_type": "way",
        "name": "イオンモール高知　本館",
        "name_en": "",
        "lat": 33.576469,
        "lon": 133.542475,
        "brand": "イオン",
        "brand_wikidata": "Q305335",
        "mall_type": "イオンモール",
        "prefecture": "高知県",
        "city": "",
        "address": "高知県",
        "website": "",
        "opening_hours": "",
        "phone": "",
        "opening_year": "2000年12月23日（2020年の増床時にイオンスタイルへ改装）",
        "area": "商業施設面積：約69,000㎡（イオンモール全体）",
        "former_building": "新規開発（イオン高知SCのジャスコ高知店として開業）",
        "demand_and_features": "シキボウ工場跡地に2000年に開業した、高知県最大のショッピングモール「イオンモール高知」の核店舗。2020年の大幅増床リニューアルに合わせてイオンスタイル高知へと転換した。高知駅の北側に位置し、高知市内はもとより、高知東部・西部、さらには高速道路を通じて愛媛県や徳島県南部からも車客を呼び寄せる圧倒的な「高知商業の一強」。生鮮食品、土佐の郷土惣菜、ファミリー向けのアパレルやベビー用品が圧倒的な強みを持ち、地域の中心的レジャー施設である。",
        "source": "OpenStreetMap",
        "priority": 2,
        "building_height_est_m": 22.0,
        "site_area_m2": 110400.0,
        "floor_area_m2": 69000.0,
        "polygon_coordinates": [
          [
            133.542174,
            33.574798
          ],
          [
            133.542787,
            33.574756
          ],
          [
            133.542791,
            33.57478
          ],
          [
            133.543169,
            33.574756
          ],
          [
            133.543175,
            33.574832
          ],
          [
            133.543258,
            33.575906
          ],
          [
            133.542858,
            33.576283
          ],
          [
            133.542816,
            33.576325
          ],
          [
            133.542691,
            33.576441
          ],
          [
            133.542682,
            33.57645
          ],
          [
            133.542633,
            33.576496
          ],
          [
            133.542675,
            33.576865
          ],
          [
            133.542766,
            33.576859
          ],
          [
            133.542868,
            33.577995
          ],
          [
            133.54287,
            33.578018
          ],
          [
            133.542875,
            33.578073
          ],
          [
            133.54288,
            33.578124
          ],
          [
            133.542689,
            33.578138
          ],
          [
            133.542597,
            33.578132
          ],
          [
            133.542209,
            33.578153
          ],
          [
            133.542134,
            33.57817
          ],
          [
            133.541911,
            33.578181
          ],
          [
            133.541899,
            33.57805
          ],
          [
            133.541807,
            33.577049
          ],
          [
            133.541805,
            33.577044
          ],
          [
            133.541781,
            33.577044
          ],
          [
            133.541763,
            33.577044
          ],
          [
            133.54174,
            33.577033
          ],
          [
            133.541716,
            33.577004
          ],
          [
            133.541692,
            33.576681
          ],
          [
            133.541699,
            33.576668
          ],
          [
            133.541707,
            33.576661
          ],
          [
            133.541715,
            33.576656
          ],
          [
            133.541725,
            33.576653
          ],
          [
            133.541739,
            33.57665
          ],
          [
            133.541861,
            33.576642
          ],
          [
            133.541857,
            33.57657
          ],
          [
            133.541811,
            33.57657
          ],
          [
            133.54179,
            33.576321
          ],
          [
            133.541805,
            33.576321
          ],
          [
            133.54179,
            33.576139
          ],
          [
            133.542037,
            33.575895
          ],
          [
            133.542019,
            33.575884
          ],
          [
            133.542034,
            33.57585
          ],
          [
            133.542054,
            33.575831
          ],
          [
            133.542069,
            33.575822
          ],
          [
            133.542081,
            33.575818
          ],
          [
            133.542094,
            33.575818
          ],
          [
            133.542116,
            33.575824
          ],
          [
            133.542134,
            33.575841
          ],
          [
            133.542197,
            33.57582
          ],
          [
            133.542257,
            33.575801
          ],
          [
            133.542251,
            33.575738
          ],
          [
            133.542174,
            33.574798
          ]
        ],
        "calculated_area_m2": 34836.1,
        "perimeter_m": 1016.9,
        "bbox": [
          133.541692,
          33.574756,
          133.543258,
          33.578181
        ],
        "polygon_source": "OSM_exact_footprint"
      }
    },
    {
      "type": "Feature",
      "id": "way/876406836",
      "geometry": {
        "type": "Polygon",
        "coordinates": [
          [
            [
              133.542691,
              33.576441
            ],
            [
              133.542765,
              33.576491
            ],
            [
              133.542788,
              33.576469
            ],
            [
              133.542847,
              33.576513
            ],
            [
              133.542837,
              33.57653
            ],
            [
              133.542901,
              33.577079
            ],
            [
              133.542949,
              33.577635
            ],
            [
              133.543257,
              33.577616
            ],
            [
              133.543396,
              33.577608
            ],
            [
              133.543487,
              33.577598
            ],
            [
              133.543525,
              33.57758
            ],
            [
              133.543542,
              33.577556
            ],
            [
              133.543557,
              33.577521
            ],
            [
              133.543443,
              33.576521
            ],
            [
              133.543433,
              33.576502
            ],
            [
              133.543421,
              33.576488
            ],
            [
              133.543352,
              33.576457
            ],
            [
              133.542979,
              33.576473
            ],
            [
              133.542979,
              33.576505
            ],
            [
              133.542854,
              33.576414
            ],
            [
              133.542887,
              33.576382
            ],
            [
              133.542816,
              33.576325
            ],
            [
              133.542691,
              33.576441
            ]
          ]
        ]
      },
      "properties": {
        "id": "way/876406836",
        "osm_id": 876406836,
        "osm_type": "way",
        "name": "イオンモール高知　東館",
        "name_en": "",
        "lat": 33.57698,
        "lon": 133.543124,
        "brand": "イオン",
        "brand_wikidata": "Q305335",
        "mall_type": "イオンモール",
        "prefecture": "高知県",
        "city": "",
        "address": "高知県",
        "website": "",
        "opening_hours": "",
        "phone": "",
        "opening_year": "2000年12月23日（2020年の増床時にイオンスタイルへ改装）",
        "area": "商業施設面積：約69,000㎡（イオンモール全体）",
        "former_building": "新規開発（イオン高知SCのジャスコ高知店として開業）",
        "demand_and_features": "シキボウ工場跡地に2000年に開業した、高知県最大のショッピングモール「イオンモール高知」の核店舗。2020年の大幅増床リニューアルに合わせてイオンスタイル高知へと転換した。高知駅の北側に位置し、高知市内はもとより、高知東部・西部、さらには高速道路を通じて愛媛県や徳島県南部からも車客を呼び寄せる圧倒的な「高知商業の一強」。生鮮食品、土佐の郷土惣菜、ファミリー向けのアパレルやベビー用品が圧倒的な強みを持ち、地域の中心的レジャー施設である。",
        "source": "OpenStreetMap",
        "priority": 2,
        "building_height_est_m": 22.0,
        "site_area_m2": 110400.0,
        "floor_area_m2": 69000.0,
        "polygon_coordinates": [
          [
            133.542691,
            33.576441
          ],
          [
            133.542765,
            33.576491
          ],
          [
            133.542788,
            33.576469
          ],
          [
            133.542847,
            33.576513
          ],
          [
            133.542837,
            33.57653
          ],
          [
            133.542901,
            33.577079
          ],
          [
            133.542949,
            33.577635
          ],
          [
            133.543257,
            33.577616
          ],
          [
            133.543396,
            33.577608
          ],
          [
            133.543487,
            33.577598
          ],
          [
            133.543525,
            33.57758
          ],
          [
            133.543542,
            33.577556
          ],
          [
            133.543557,
            33.577521
          ],
          [
            133.543443,
            33.576521
          ],
          [
            133.543433,
            33.576502
          ],
          [
            133.543421,
            33.576488
          ],
          [
            133.543352,
            33.576457
          ],
          [
            133.542979,
            33.576473
          ],
          [
            133.542979,
            33.576505
          ],
          [
            133.542854,
            33.576414
          ],
          [
            133.542887,
            33.576382
          ],
          [
            133.542816,
            33.576325
          ],
          [
            133.542691,
            33.576441
          ]
        ],
        "calculated_area_m2": 7341.1,
        "perimeter_m": 412.6,
        "bbox": [
          133.542691,
          33.576325,
          133.543557,
          33.577635
        ],
        "polygon_source": "OSM_exact_footprint"
      }
    },
    {
      "type": "Feature",
      "id": "way/266307446",
      "geometry": {
        "type": "Polygon",
        "coordinates": [
          [
            [
              130.259331,
              33.577958
            ],
            [
              130.259452,
              33.577161
            ],
            [
              130.257934,
              33.576999
            ],
            [
              130.257691,
              33.577035
            ],
            [
              130.257442,
              33.57698
            ],
            [
              130.257434,
              33.577016
            ],
            [
              130.25735,
              33.577012
            ],
            [
              130.257328,
              33.576994
            ],
            [
              130.257306,
              33.576976
            ],
            [
              130.25727,
              33.576971
            ],
            [
              130.257237,
              33.576979
            ],
            [
              130.257211,
              33.577001
            ],
            [
              130.257042,
              33.577378
            ],
            [
              130.257043,
              33.577454
            ],
            [
              130.256999,
              33.577457
            ],
            [
              130.256997,
              33.577524
            ],
            [
              130.256964,
              33.577523
            ],
            [
              130.256953,
              33.577641
            ],
            [
              130.257001,
              33.577697
            ],
            [
              130.257174,
              33.577709
            ],
            [
              130.257221,
              33.577745
            ],
            [
              130.259331,
              33.577958
            ]
          ]
        ]
      },
      "properties": {
        "id": "way/266307446",
        "osm_id": 266307446,
        "osm_type": "way",
        "name": "イオンモール 福岡伊都",
        "name_en": "AEON Mall",
        "lat": 33.577465,
        "lon": 130.258203,
        "brand": "イオンモール",
        "brand_wikidata": "Q11286068",
        "mall_type": "イオンモール",
        "prefecture": "福岡県",
        "city": "福岡市",
        "address": "福岡県福岡市西区1",
        "website": "https://fukuokaito-aeonmall.com/",
        "opening_hours": "",
        "phone": "092-805-8100",
        "opening_year": "2006年4月28日",
        "area": "商業施設面積：約43,856㎡",
        "former_building": "新規開発（イオン福岡伊都ショッピングセンターの核店舗として開業）",
        "demand_and_features": "JR筑肥線「九大学研都市駅」の南口に直結する「イオンモール福岡伊都」の核店舗。2006年にジャスコとして開業した。九州大学伊都キャンパスの移転開校と駅周辺の土地区画整理事業に合わせて開発されたため、周辺は若い学生やファミリー層の人口増加が著しい。駅前での利便性を生かした通勤通学途中の食料品・惣菜の購買需要に加え、週末は西区や糸島市などの広域から車で訪れるファミリー客で溢れかえる、エリアナンバーワンの利便性を誇る生活拠点。",
        "source": "OpenStreetMap",
        "priority": 2,
        "building_height_est_m": 22.0,
        "site_area_m2": 70169.6,
        "floor_area_m2": 43856.0,
        "polygon_coordinates": [
          [
            130.259331,
            33.577958
          ],
          [
            130.259452,
            33.577161
          ],
          [
            130.257934,
            33.576999
          ],
          [
            130.257691,
            33.577035
          ],
          [
            130.257442,
            33.57698
          ],
          [
            130.257434,
            33.577016
          ],
          [
            130.25735,
            33.577012
          ],
          [
            130.257328,
            33.576994
          ],
          [
            130.257306,
            33.576976
          ],
          [
            130.25727,
            33.576971
          ],
          [
            130.257237,
            33.576979
          ],
          [
            130.257211,
            33.577001
          ],
          [
            130.257042,
            33.577378
          ],
          [
            130.257043,
            33.577454
          ],
          [
            130.256999,
            33.577457
          ],
          [
            130.256997,
            33.577524
          ],
          [
            130.256964,
            33.577523
          ],
          [
            130.256953,
            33.577641
          ],
          [
            130.257001,
            33.577697
          ],
          [
            130.257174,
            33.577709
          ],
          [
            130.257221,
            33.577745
          ],
          [
            130.259331,
            33.577958
          ]
        ],
        "calculated_area_m2": 18968.6,
        "perimeter_m": 612.4,
        "bbox": [
          130.256953,
          33.576971,
          130.259452,
          33.577958
        ],
        "polygon_source": "OSM_exact_footprint"
      }
    },
    {
      "type": "Feature",
      "id": "way/702651102",
      "geometry": {
        "type": "Polygon",
        "coordinates": [
          [
            [
              130.33506,
              33.589979
            ],
            [
              130.334515,
              33.590063
            ],
            [
              130.334484,
              33.589992
            ],
            [
              130.33418,
              33.590044
            ],
            [
              130.334157,
              33.589956
            ],
            [
              130.332955,
              33.590113
            ],
            [
              130.332786,
              33.589419
            ],
            [
              130.333308,
              33.589327
            ],
            [
              130.333288,
              33.589241
            ],
            [
              130.333697,
              33.589171
            ],
            [
              130.333689,
              33.589096
            ],
            [
              130.333806,
              33.589002
            ],
            [
              130.333946,
              33.588921
            ],
            [
              130.334133,
              33.588879
            ],
            [
              130.334316,
              33.588899
            ],
            [
              130.334488,
              33.588957
            ],
            [
              130.334507,
              33.589019
            ],
            [
              130.334636,
              33.588996
            ],
            [
              130.334597,
              33.588805
            ],
            [
              130.334667,
              33.588714
            ],
            [
              130.335091,
              33.588633
            ],
            [
              130.3352,
              33.588704
            ],
            [
              130.33529,
              33.58869
            ],
            [
              130.335348,
              33.588681
            ],
            [
              130.3353,
              33.588438
            ],
            [
              130.335713,
              33.588353
            ],
            [
              130.335964,
              33.589365
            ],
            [
              130.334954,
              33.589532
            ],
            [
              130.33506,
              33.589979
            ]
          ]
        ]
      },
      "properties": {
        "id": "way/702651102",
        "osm_id": 702651102,
        "osm_type": "way",
        "name": "イオンモールマリナタウン",
        "name_en": "",
        "lat": 33.589233,
        "lon": 130.334375,
        "brand": "イオン",
        "brand_wikidata": "Q305335",
        "mall_type": "イオンモール",
        "prefecture": "福岡県",
        "city": "",
        "address": "福岡県",
        "website": "",
        "opening_hours": "",
        "phone": "",
        "opening_year": "2000年3月2日",
        "area": "商業施設面積：約22,611㎡",
        "former_building": "ショッパーズモールマリナタウン（ダイエーマリナタウン店）",
        "demand_and_features": "福岡市西区の百道浜エリアに近い海岸沿いに立地する。2000年にダイエーが「ショッパーズモールマリナタウン」として開業し、2015年にイオン九州が継承した。周辺のマリナタウンや百道浜地区はアッパーミドルのファミリー層やシニア層が多く住む人気の住宅街であり、そうした高購買力な客層の嗜好に応えるために高級食材やおしゃれな生活雑貨、こだわりデリが充実。海側のロケーションに映える明るい店舗空間が特徴で、休日の心地よい買い物空間として独自の支持を獲得している。",
        "source": "OpenStreetMap",
        "priority": 2,
        "building_height_est_m": 22.0,
        "site_area_m2": 36177.6,
        "floor_area_m2": 22611.0,
        "polygon_coordinates": [
          [
            130.33506,
            33.589979
          ],
          [
            130.334515,
            33.590063
          ],
          [
            130.334484,
            33.589992
          ],
          [
            130.33418,
            33.590044
          ],
          [
            130.334157,
            33.589956
          ],
          [
            130.332955,
            33.590113
          ],
          [
            130.332786,
            33.589419
          ],
          [
            130.333308,
            33.589327
          ],
          [
            130.333288,
            33.589241
          ],
          [
            130.333697,
            33.589171
          ],
          [
            130.333689,
            33.589096
          ],
          [
            130.333806,
            33.589002
          ],
          [
            130.333946,
            33.588921
          ],
          [
            130.334133,
            33.588879
          ],
          [
            130.334316,
            33.588899
          ],
          [
            130.334488,
            33.588957
          ],
          [
            130.334507,
            33.589019
          ],
          [
            130.334636,
            33.588996
          ],
          [
            130.334597,
            33.588805
          ],
          [
            130.334667,
            33.588714
          ],
          [
            130.335091,
            33.588633
          ],
          [
            130.3352,
            33.588704
          ],
          [
            130.33529,
            33.58869
          ],
          [
            130.335348,
            33.588681
          ],
          [
            130.3353,
            33.588438
          ],
          [
            130.335713,
            33.588353
          ],
          [
            130.335964,
            33.589365
          ],
          [
            130.334954,
            33.589532
          ],
          [
            130.33506,
            33.589979
          ]
        ],
        "calculated_area_m2": 30162.9,
        "perimeter_m": 925.5,
        "bbox": [
          130.332786,
          33.588353,
          130.335964,
          33.590113
        ],
        "polygon_source": "OSM_exact_footprint"
      }
    },
    {
      "type": "Feature",
      "id": "node/4846800821",
      "geometry": {
        "type": "Polygon",
        "coordinates": [
          [
            [
              130.748853,
              33.7703254
            ],
            [
              130.7497027,
              33.7695529
            ],
            [
              130.7496514,
              33.7695044
            ],
            [
              130.7497097,
              33.7694734
            ],
            [
              130.74974,
              33.7694346
            ],
            [
              130.7497447,
              33.7693978
            ],
            [
              130.749747,
              33.7693649
            ],
            [
              130.749824,
              33.7692931
            ],
            [
              130.7500455,
              33.7691594
            ],
            [
              130.7502623,
              33.768983
            ],
            [
              130.7503649,
              33.7688531
            ],
            [
              130.7505062,
              33.7686522
            ],
            [
              130.7505515,
              33.7685838
            ],
            [
              130.7505532,
              33.7685476
            ],
            [
              130.7505347,
              33.7685015
            ],
            [
              130.7504743,
              33.7684485
            ],
            [
              130.750382,
              33.7683773
            ],
            [
              130.7504229,
              33.7683403
            ],
            [
              130.75069,
              33.7680986
            ],
            [
              130.7507228,
              33.7680689
            ],
            [
              130.7507899,
              33.7680019
            ],
            [
              130.7508235,
              33.7680242
            ],
            [
              130.750894,
              33.7679628
            ],
            [
              130.7509376,
              33.7679893
            ],
            [
              130.7510199,
              33.7679112
            ],
            [
              130.750983,
              33.7678861
            ],
            [
              130.7510417,
              33.7678428
            ],
            [
              130.7509628,
              33.7677884
            ],
            [
              130.7513808,
              33.7674144
            ],
            [
              130.7512012,
              33.767272
            ],
            [
              130.7510601,
              33.7671601
            ],
            [
              130.7509622,
              33.7670825
            ],
            [
              130.7508017,
              33.7669552
            ],
            [
              130.7506086,
              33.7671227
            ],
            [
              130.7505616,
              33.7670878
            ],
            [
              130.7503853,
              33.767219
            ],
            [
              130.7500967,
              33.7674851
            ],
            [
              130.750068,
              33.7675037
            ],
            [
              130.7496668,
              33.7678623
            ],
            [
              130.7492622,
              33.7681944
            ],
            [
              130.7492611,
              33.7682197
            ],
            [
              130.7492689,
              33.7682516
            ],
            [
              130.7494598,
              33.768404
            ],
            [
              130.7491589,
              33.7686706
            ],
            [
              130.7490855,
              33.7686151
            ],
            [
              130.7488167,
              33.7688538
            ],
            [
              130.7486915,
              33.7687553
            ],
            [
              130.7482942,
              33.7691202
            ],
            [
              130.748325,
              33.7691394
            ],
            [
              130.7483623,
              33.7691625
            ],
            [
              130.7480125,
              33.7694979
            ],
            [
              130.7479096,
              33.7695966
            ],
            [
              130.7483164,
              33.7699093
            ],
            [
              130.7482686,
              33.7699563
            ],
            [
              130.7484595,
              33.7700961
            ],
            [
              130.7485072,
              33.7700528
            ],
            [
              130.748853,
              33.7703254
            ]
          ]
        ]
      },
      "properties": {
        "id": "node/4846800821",
        "osm_id": 4846800821,
        "osm_type": "node",
        "name": "イオンモール直方",
        "name_en": "",
        "lat": 33.76855,
        "lon": 130.749878,
        "brand": "イオン",
        "brand_wikidata": "Q305335",
        "mall_type": "イオンモール",
        "prefecture": "福岡県",
        "city": "",
        "address": "福岡県国道200号バイパス湯野原2丁目1-1",
        "website": "",
        "opening_hours": "",
        "phone": "0948-29-8500",
        "opening_year": "2005年4月8日",
        "area": "商業施設面積：62,727㎡（イオンモール全体）",
        "former_building": "新規開発（イオン直方ショッピングセンターの核店舗として開業）",
        "demand_and_features": "筑豊エリア（直方市、飯塚市、田川市等）をカバーする初の本格的巨大ショッピングモール「イオンモール直方」の核店舗。2005年にジャスコとして開業した。国道200号線バイパスの直方新入インターに近接し、筑豊一帯から車でのアクセスが非常に容易。週末には広大な駐車場が満車になるほどの圧倒的な人気を誇る。車社会のニーズに合わせ、大容量パックの食品やまとめ買いに適した日用品、子供用衣料などが充実しており、筑豊の暮らしを商業面から支える圧倒的なヘビーデューティ店舗である。",
        "source": "OpenStreetMap",
        "priority": 1,
        "building_height_est_m": 12.0,
        "site_area_m2": 191713.6,
        "floor_area_m2": 359463.1,
        "polygon_coordinates": [
          [
            130.748853,
            33.7703254
          ],
          [
            130.7497027,
            33.7695529
          ],
          [
            130.7496514,
            33.7695044
          ],
          [
            130.7497097,
            33.7694734
          ],
          [
            130.74974,
            33.7694346
          ],
          [
            130.7497447,
            33.7693978
          ],
          [
            130.749747,
            33.7693649
          ],
          [
            130.749824,
            33.7692931
          ],
          [
            130.7500455,
            33.7691594
          ],
          [
            130.7502623,
            33.768983
          ],
          [
            130.7503649,
            33.7688531
          ],
          [
            130.7505062,
            33.7686522
          ],
          [
            130.7505515,
            33.7685838
          ],
          [
            130.7505532,
            33.7685476
          ],
          [
            130.7505347,
            33.7685015
          ],
          [
            130.7504743,
            33.7684485
          ],
          [
            130.750382,
            33.7683773
          ],
          [
            130.7504229,
            33.7683403
          ],
          [
            130.75069,
            33.7680986
          ],
          [
            130.7507228,
            33.7680689
          ],
          [
            130.7507899,
            33.7680019
          ],
          [
            130.7508235,
            33.7680242
          ],
          [
            130.750894,
            33.7679628
          ],
          [
            130.7509376,
            33.7679893
          ],
          [
            130.7510199,
            33.7679112
          ],
          [
            130.750983,
            33.7678861
          ],
          [
            130.7510417,
            33.7678428
          ],
          [
            130.7509628,
            33.7677884
          ],
          [
            130.7513808,
            33.7674144
          ],
          [
            130.7512012,
            33.767272
          ],
          [
            130.7510601,
            33.7671601
          ],
          [
            130.7509622,
            33.7670825
          ],
          [
            130.7508017,
            33.7669552
          ],
          [
            130.7506086,
            33.7671227
          ],
          [
            130.7505616,
            33.7670878
          ],
          [
            130.7503853,
            33.767219
          ],
          [
            130.7500967,
            33.7674851
          ],
          [
            130.750068,
            33.7675037
          ],
          [
            130.7496668,
            33.7678623
          ],
          [
            130.7492622,
            33.7681944
          ],
          [
            130.7492611,
            33.7682197
          ],
          [
            130.7492689,
            33.7682516
          ],
          [
            130.7494598,
            33.768404
          ],
          [
            130.7491589,
            33.7686706
          ],
          [
            130.7490855,
            33.7686151
          ],
          [
            130.7488167,
            33.7688538
          ],
          [
            130.7486915,
            33.7687553
          ],
          [
            130.7482942,
            33.7691202
          ],
          [
            130.748325,
            33.7691394
          ],
          [
            130.7483623,
            33.7691625
          ],
          [
            130.7480125,
            33.7694979
          ],
          [
            130.7479096,
            33.7695966
          ],
          [
            130.7483164,
            33.7699093
          ],
          [
            130.7482686,
            33.7699563
          ],
          [
            130.7484595,
            33.7700961
          ],
          [
            130.7485072,
            33.7700528
          ],
          [
            130.748853,
            33.7703254
          ]
        ],
        "calculated_area_m2": 100377.4,
        "perimeter_m": 1119.4,
        "bbox": [
          130.74791,
          33.766955,
          130.751381,
          33.770325
        ],
        "polygon_source": "OSM_exact_footprint"
      }
    },
    {
      "type": "Feature",
      "id": "way/173788369",
      "geometry": {
        "type": "Polygon",
        "coordinates": [
          [
            [
              130.477992,
              33.596772
            ],
            [
              130.477971,
              33.597496
            ],
            [
              130.478854,
              33.597492
            ],
            [
              130.478859,
              33.597575
            ],
            [
              130.479645,
              33.597577
            ],
            [
              130.479642,
              33.597499
            ],
            [
              130.480583,
              33.597499
            ],
            [
              130.481116,
              33.597768
            ],
            [
              130.481155,
              33.597705
            ],
            [
              130.481498,
              33.59787
            ],
            [
              130.481797,
              33.597449
            ],
            [
              130.481451,
              33.597283
            ],
            [
              130.481484,
              33.597227
            ],
            [
              130.481535,
              33.597253
            ],
            [
              130.481544,
              33.597236
            ],
            [
              130.482214,
              33.596311
            ],
            [
              130.482441,
              33.595977
            ],
            [
              130.482548,
              33.595739
            ],
            [
              130.482479,
              33.595704
            ],
            [
              130.482544,
              33.595613
            ],
            [
              130.482491,
              33.595589
            ],
            [
              130.482555,
              33.59549
            ],
            [
              130.482062,
              33.595258
            ],
            [
              130.481931,
              33.595446
            ],
            [
              130.48189,
              33.595425
            ],
            [
              130.481851,
              33.59548
            ],
            [
              130.481802,
              33.595454
            ],
            [
              130.481918,
              33.595253
            ],
            [
              130.480798,
              33.594696
            ],
            [
              130.480231,
              33.59552
            ],
            [
              130.480238,
              33.595602
            ],
            [
              130.480221,
              33.595616
            ],
            [
              130.480087,
              33.595721
            ],
            [
              130.479916,
              33.595904
            ],
            [
              130.47978,
              33.596128
            ],
            [
              130.479716,
              33.59634
            ],
            [
              130.479709,
              33.596365
            ],
            [
              130.479631,
              33.596401
            ],
            [
              130.479566,
              33.596455
            ],
            [
              130.479517,
              33.596526
            ],
            [
              130.479503,
              33.596597
            ],
            [
              130.479509,
              33.596658
            ],
            [
              130.479538,
              33.596682
            ],
            [
              130.479109,
              33.596676
            ],
            [
              130.478659,
              33.596681
            ],
            [
              130.478364,
              33.596709
            ],
            [
              130.477992,
              33.596772
            ]
          ]
        ]
      },
      "properties": {
        "id": "way/173788369",
        "osm_id": 173788369,
        "osm_type": "way",
        "name": "イオンモール福岡",
        "name_en": "AEON Mall",
        "lat": 33.596283,
        "lon": 130.480263,
        "brand": "イオンモール",
        "brand_wikidata": "Q11286068",
        "mall_type": "イオンモール",
        "prefecture": "福岡県",
        "city": "",
        "address": "福岡県糟屋郡粕屋町大字酒殿字老ノ木",
        "website": "https://fukuoka-aeonmall.com/",
        "opening_hours": "Mo-Su 10:00-21:00",
        "phone": "092-938-4700",
        "opening_year": "2004年6月4日",
        "area": "敷地面積: 約217,000㎡、総賃貸面積: 約90,000㎡（施設全体）",
        "former_building": "ダイヤモンドシティ・ルクル（核店舗: ジャスコ福岡東店）",
        "demand_and_features": "福岡市近郊の粕屋町に位置する九州最大級のショッピングモール「イオンモール福岡」の中核店舗。元々はダイヤモンドシティ・ルクルとして開業し、核店舗は「ジャスコ福岡東店」であった。卓越したカーアクセスを活かし、筑豊地域や福岡市東部など広域からファミリー層を集める。食品や日常雑貨といったデイリー需要の吸収はもちろん、モール内のシネマコンプレックスや専門店街と連携し、週末の体験型レジャー需要も一手に引き受ける巨大生活インフラとなっている。",
        "source": "OpenStreetMap",
        "priority": 2,
        "building_height_est_m": 22.0,
        "site_area_m2": 217000.0,
        "floor_area_m2": 90000.0,
        "polygon_coordinates": [
          [
            130.477992,
            33.596772
          ],
          [
            130.477971,
            33.597496
          ],
          [
            130.478854,
            33.597492
          ],
          [
            130.478859,
            33.597575
          ],
          [
            130.479645,
            33.597577
          ],
          [
            130.479642,
            33.597499
          ],
          [
            130.480583,
            33.597499
          ],
          [
            130.481116,
            33.597768
          ],
          [
            130.481155,
            33.597705
          ],
          [
            130.481498,
            33.59787
          ],
          [
            130.481797,
            33.597449
          ],
          [
            130.481451,
            33.597283
          ],
          [
            130.481484,
            33.597227
          ],
          [
            130.481535,
            33.597253
          ],
          [
            130.481544,
            33.597236
          ],
          [
            130.482214,
            33.596311
          ],
          [
            130.482441,
            33.595977
          ],
          [
            130.482548,
            33.595739
          ],
          [
            130.482479,
            33.595704
          ],
          [
            130.482544,
            33.595613
          ],
          [
            130.482491,
            33.595589
          ],
          [
            130.482555,
            33.59549
          ],
          [
            130.482062,
            33.595258
          ],
          [
            130.481931,
            33.595446
          ],
          [
            130.48189,
            33.595425
          ],
          [
            130.481851,
            33.59548
          ],
          [
            130.481802,
            33.595454
          ],
          [
            130.481918,
            33.595253
          ],
          [
            130.480798,
            33.594696
          ],
          [
            130.480231,
            33.59552
          ],
          [
            130.480238,
            33.595602
          ],
          [
            130.480221,
            33.595616
          ],
          [
            130.480087,
            33.595721
          ],
          [
            130.479916,
            33.595904
          ],
          [
            130.47978,
            33.596128
          ],
          [
            130.479716,
            33.59634
          ],
          [
            130.479709,
            33.596365
          ],
          [
            130.479631,
            33.596401
          ],
          [
            130.479566,
            33.596455
          ],
          [
            130.479517,
            33.596526
          ],
          [
            130.479503,
            33.596597
          ],
          [
            130.479509,
            33.596658
          ],
          [
            130.479538,
            33.596682
          ],
          [
            130.479109,
            33.596676
          ],
          [
            130.478659,
            33.596681
          ],
          [
            130.478364,
            33.596709
          ],
          [
            130.477992,
            33.596772
          ]
        ],
        "calculated_area_m2": 73036.5,
        "perimeter_m": 1416.7,
        "bbox": [
          130.477971,
          33.594696,
          130.482555,
          33.59787
        ],
        "polygon_source": "OSM_exact_footprint"
      }
    },
    {
      "type": "Feature",
      "id": "node/7738640369",
      "geometry": {
        "type": "Polygon",
        "coordinates": [
          [
            [
              130.4956125,
              33.7547354
            ],
            [
              130.495529,
              33.7547786
            ],
            [
              130.4955786,
              33.7548499
            ],
            [
              130.494833,
              33.7552134
            ],
            [
              130.4938875,
              33.7538887
            ],
            [
              130.4939626,
              33.7538497
            ],
            [
              130.493726,
              33.7534986
            ],
            [
              130.4929604,
              33.75288
            ],
            [
              130.4928264,
              33.752994
            ],
            [
              130.492198,
              33.7524839
            ],
            [
              130.4921589,
              33.7525172
            ],
            [
              130.4920871,
              33.7524589
            ],
            [
              130.4924682,
              33.7521344
            ],
            [
              130.4924321,
              33.7521051
            ],
            [
              130.4928571,
              33.7517432
            ],
            [
              130.4929629,
              33.7518292
            ],
            [
              130.4929053,
              33.7518782
            ],
            [
              130.4929679,
              33.751929
            ],
            [
              130.4929393,
              33.7519534
            ],
            [
              130.4937882,
              33.7526425
            ],
            [
              130.4938712,
              33.7525718
            ],
            [
              130.4940686,
              33.752718
            ],
            [
              130.4942979,
              33.7529454
            ],
            [
              130.4944554,
              33.7531699
            ],
            [
              130.4944325,
              33.7531797
            ],
            [
              130.4945065,
              33.7533013
            ],
            [
              130.4945295,
              33.7532916
            ],
            [
              130.4948811,
              33.7537864
            ],
            [
              130.4950106,
              33.7537204
            ],
            [
              130.4951477,
              33.7539066
            ],
            [
              130.4948869,
              33.7540394
            ],
            [
              130.4949981,
              33.7541905
            ],
            [
              130.4950465,
              33.7541659
            ],
            [
              130.4951448,
              33.7542993
            ],
            [
              130.4951347,
              33.7543044
            ],
            [
              130.4952068,
              33.7543727
            ],
            [
              130.4952672,
              33.7543019
            ],
            [
              130.4953215,
              33.7543136
            ],
            [
              130.49536,
              33.7543471
            ],
            [
              130.4953691,
              33.754378
            ],
            [
              130.4953701,
              33.7543928
            ],
            [
              130.4956125,
              33.7547354
            ]
          ]
        ]
      },
      "properties": {
        "id": "node/7738640369",
        "osm_id": 7738640369,
        "osm_type": "node",
        "name": "イオンモール福津",
        "name_en": "",
        "lat": 33.753448,
        "lon": 130.494205,
        "brand": "イオン",
        "brand_wikidata": "Q305335",
        "mall_type": "イオンモール",
        "prefecture": "福岡県",
        "city": "",
        "address": "福岡県",
        "website": "",
        "opening_hours": "",
        "phone": "",
        "opening_year": "2012年4月26日",
        "area": "敷地面積: 約140,000㎡、商業施設面積: 約63,000㎡ (施設全体)",
        "former_building": "新規開発（福間駅東地区土地区画整理事業地内。歴史的には1982年まで福津市内にあった旧ジャスコ福間店以来、約30年ぶりの地域再進出プロジェクト）",
        "demand_and_features": "福岡市と北九州市のほぼ中間に位置する国道3号線沿いのベッドタウン「イオンモール福津」の核店舗。東日本大震災の教訓を経て設計された、耐震補強や防災・復興拠点としての機能を初めて本格導入した次世代型モール。直営のイオン福津店とTOHOシネマズを両端に配置する2核1モール設計。周辺の急速なヤングファミリー・3世代世帯の人口増加を背景に、週末の娯楽レジャーおよび日常買い出し of 要として絶大な地域需要を確立しています。",
        "source": "OpenStreetMap",
        "priority": 1,
        "building_height_est_m": 12.0,
        "site_area_m2": 200517.8,
        "floor_area_m2": 375970.9,
        "polygon_coordinates": [
          [
            130.4956125,
            33.7547354
          ],
          [
            130.495529,
            33.7547786
          ],
          [
            130.4955786,
            33.7548499
          ],
          [
            130.494833,
            33.7552134
          ],
          [
            130.4938875,
            33.7538887
          ],
          [
            130.4939626,
            33.7538497
          ],
          [
            130.493726,
            33.7534986
          ],
          [
            130.4929604,
            33.75288
          ],
          [
            130.4928264,
            33.752994
          ],
          [
            130.492198,
            33.7524839
          ],
          [
            130.4921589,
            33.7525172
          ],
          [
            130.4920871,
            33.7524589
          ],
          [
            130.4924682,
            33.7521344
          ],
          [
            130.4924321,
            33.7521051
          ],
          [
            130.4928571,
            33.7517432
          ],
          [
            130.4929629,
            33.7518292
          ],
          [
            130.4929053,
            33.7518782
          ],
          [
            130.4929679,
            33.751929
          ],
          [
            130.4929393,
            33.7519534
          ],
          [
            130.4937882,
            33.7526425
          ],
          [
            130.4938712,
            33.7525718
          ],
          [
            130.4940686,
            33.752718
          ],
          [
            130.4942979,
            33.7529454
          ],
          [
            130.4944554,
            33.7531699
          ],
          [
            130.4944325,
            33.7531797
          ],
          [
            130.4945065,
            33.7533013
          ],
          [
            130.4945295,
            33.7532916
          ],
          [
            130.4948811,
            33.7537864
          ],
          [
            130.4950106,
            33.7537204
          ],
          [
            130.4951477,
            33.7539066
          ],
          [
            130.4948869,
            33.7540394
          ],
          [
            130.4949981,
            33.7541905
          ],
          [
            130.4950465,
            33.7541659
          ],
          [
            130.4951448,
            33.7542993
          ],
          [
            130.4951347,
            33.7543044
          ],
          [
            130.4952068,
            33.7543727
          ],
          [
            130.4952672,
            33.7543019
          ],
          [
            130.4953215,
            33.7543136
          ],
          [
            130.49536,
            33.7543471
          ],
          [
            130.4953691,
            33.754378
          ],
          [
            130.4953701,
            33.7543928
          ],
          [
            130.4956125,
            33.7547354
          ]
        ],
        "calculated_area_m2": 140008.6,
        "perimeter_m": 1157.3,
        "bbox": [
          130.492087,
          33.751743,
          130.495612,
          33.755213
        ],
        "polygon_source": "OSM_exact_footprint"
      }
    },
    {
      "type": "Feature",
      "id": "way/1509521317",
      "geometry": {
        "type": "Polygon",
        "coordinates": [
          [
            [
              130.525554,
              33.479428
            ],
            [
              130.525922,
              33.479499
            ],
            [
              130.526276,
              33.479568
            ],
            [
              130.5266,
              33.479582
            ],
            [
              130.526787,
              33.479534
            ],
            [
              130.52694,
              33.479472
            ],
            [
              130.526989,
              33.479492
            ],
            [
              130.527491,
              33.480302
            ],
            [
              130.527664,
              33.480556
            ],
            [
              130.527873,
              33.480737
            ],
            [
              130.528077,
              33.481232
            ],
            [
              130.52869,
              33.48131
            ],
            [
              130.528782,
              33.481404
            ],
            [
              130.528788,
              33.481875
            ],
            [
              130.528758,
              33.482074
            ],
            [
              130.528907,
              33.482113
            ],
            [
              130.528828,
              33.482455
            ],
            [
              130.528662,
              33.482457
            ],
            [
              130.528652,
              33.482374
            ],
            [
              130.527296,
              33.482317
            ],
            [
              130.527206,
              33.48232
            ],
            [
              130.527148,
              33.482355
            ],
            [
              130.52697,
              33.482359
            ],
            [
              130.52675,
              33.482352
            ],
            [
              130.526638,
              33.482334
            ],
            [
              130.526357,
              33.482265
            ],
            [
              130.526253,
              33.482238
            ],
            [
              130.526071,
              33.482237
            ],
            [
              130.525776,
              33.48223
            ],
            [
              130.525644,
              33.482225
            ],
            [
              130.525585,
              33.482213
            ],
            [
              130.525549,
              33.482169
            ],
            [
              130.525585,
              33.481777
            ],
            [
              130.525581,
              33.481653
            ],
            [
              130.525537,
              33.481535
            ],
            [
              130.525382,
              33.481463
            ],
            [
              130.525199,
              33.481435
            ],
            [
              130.524796,
              33.481403
            ],
            [
              130.524759,
              33.481388
            ],
            [
              130.524738,
              33.48136
            ],
            [
              130.524748,
              33.480746
            ],
            [
              130.524733,
              33.480377
            ],
            [
              130.52474,
              33.48012
            ],
            [
              130.524757,
              33.48006
            ],
            [
              130.524788,
              33.48
            ],
            [
              130.524834,
              33.479973
            ],
            [
              130.524981,
              33.479945
            ],
            [
              130.525025,
              33.479943
            ],
            [
              130.525237,
              33.479912
            ],
            [
              130.525312,
              33.479869
            ],
            [
              130.525402,
              33.479801
            ],
            [
              130.525453,
              33.479713
            ],
            [
              130.525475,
              33.4796
            ],
            [
              130.525481,
              33.47953
            ],
            [
              130.525506,
              33.479439
            ],
            [
              130.525554,
              33.479428
            ]
          ]
        ]
      },
      "properties": {
        "id": "way/1509521317",
        "osm_id": 1509521317,
        "osm_type": "way",
        "name": "イオンモール筑紫野",
        "name_en": "",
        "lat": 33.480942,
        "lon": 130.52682,
        "brand": "イオン",
        "brand_wikidata": "Q305335",
        "mall_type": "イオンモール",
        "prefecture": "福岡県",
        "city": "",
        "address": "福岡県",
        "website": "",
        "opening_hours": "",
        "phone": "",
        "opening_year": "2008年",
        "area": "約80,000㎡",
        "former_building": "新規開発 (核店舗はジャスコ筑紫野店)",
        "demand_and_features": "2008年に開業した「イオンモール筑紫野」の核店舗。JR天拝山駅や西鉄朝倉街道駅に近く、主要道路とも直結する利便性の高い立地に位置する。2015年に大規模増床とリニューアルを実施し、約180の専門店や映画館を備える地域最大級の商業施設へと進化。周辺の筑紫野市や大野城市といったベッドタウンのニューファミリー層を中心に、シニアから学生まで幅広い世代が来店する。ワンストップで衣食住や娯楽を満たせる生活交流拠点としての需要が非常に高く、快適な共用空間設計やユニバーサルデザインも評価されている。",
        "source": "OpenStreetMap",
        "priority": 2,
        "building_height_est_m": 22.0,
        "site_area_m2": 120000.0,
        "floor_area_m2": 80000.0,
        "polygon_coordinates": [
          [
            130.525554,
            33.479428
          ],
          [
            130.525922,
            33.479499
          ],
          [
            130.526276,
            33.479568
          ],
          [
            130.5266,
            33.479582
          ],
          [
            130.526787,
            33.479534
          ],
          [
            130.52694,
            33.479472
          ],
          [
            130.526989,
            33.479492
          ],
          [
            130.527491,
            33.480302
          ],
          [
            130.527664,
            33.480556
          ],
          [
            130.527873,
            33.480737
          ],
          [
            130.528077,
            33.481232
          ],
          [
            130.52869,
            33.48131
          ],
          [
            130.528782,
            33.481404
          ],
          [
            130.528788,
            33.481875
          ],
          [
            130.528758,
            33.482074
          ],
          [
            130.528907,
            33.482113
          ],
          [
            130.528828,
            33.482455
          ],
          [
            130.528662,
            33.482457
          ],
          [
            130.528652,
            33.482374
          ],
          [
            130.527296,
            33.482317
          ],
          [
            130.527206,
            33.48232
          ],
          [
            130.527148,
            33.482355
          ],
          [
            130.52697,
            33.482359
          ],
          [
            130.52675,
            33.482352
          ],
          [
            130.526638,
            33.482334
          ],
          [
            130.526357,
            33.482265
          ],
          [
            130.526253,
            33.482238
          ],
          [
            130.526071,
            33.482237
          ],
          [
            130.525776,
            33.48223
          ],
          [
            130.525644,
            33.482225
          ],
          [
            130.525585,
            33.482213
          ],
          [
            130.525549,
            33.482169
          ],
          [
            130.525585,
            33.481777
          ],
          [
            130.525581,
            33.481653
          ],
          [
            130.525537,
            33.481535
          ],
          [
            130.525382,
            33.481463
          ],
          [
            130.525199,
            33.481435
          ],
          [
            130.524796,
            33.481403
          ],
          [
            130.524759,
            33.481388
          ],
          [
            130.524738,
            33.48136
          ],
          [
            130.524748,
            33.480746
          ],
          [
            130.524733,
            33.480377
          ],
          [
            130.52474,
            33.48012
          ],
          [
            130.524757,
            33.48006
          ],
          [
            130.524788,
            33.48
          ],
          [
            130.524834,
            33.479973
          ],
          [
            130.524981,
            33.479945
          ],
          [
            130.525025,
            33.479943
          ],
          [
            130.525237,
            33.479912
          ],
          [
            130.525312,
            33.479869
          ],
          [
            130.525402,
            33.479801
          ],
          [
            130.525453,
            33.479713
          ],
          [
            130.525475,
            33.4796
          ],
          [
            130.525481,
            33.47953
          ],
          [
            130.525506,
            33.479439
          ],
          [
            130.525554,
            33.479428
          ]
        ],
        "calculated_area_m2": 84253.5,
        "perimeter_m": 1284.0,
        "bbox": [
          130.524733,
          33.479428,
          130.528907,
          33.482457
        ],
        "polygon_source": "OSM_exact_footprint"
      }
    },
    {
      "type": "Feature",
      "id": "way/207897460",
      "geometry": {
        "type": "Polygon",
        "coordinates": [
          [
            [
              130.42974,
              33.655887
            ],
            [
              130.430184,
              33.65668
            ],
            [
              130.430094,
              33.656881
            ],
            [
              130.430327,
              33.657264
            ],
            [
              130.43087,
              33.657783
            ],
            [
              130.431103,
              33.658214
            ],
            [
              130.430345,
              33.658512
            ],
            [
              130.430116,
              33.658145
            ],
            [
              130.429001,
              33.657096
            ],
            [
              130.428542,
              33.656318
            ],
            [
              130.428585,
              33.656121
            ],
            [
              130.429194,
              33.655876
            ],
            [
              130.42974,
              33.655887
            ]
          ]
        ]
      },
      "properties": {
        "id": "way/207897460",
        "osm_id": 207897460,
        "osm_type": "way",
        "name": "イオンモール香椎浜(Aeon Kashii-hama)",
        "name_en": "AEON Mall Kashi-hama",
        "lat": 33.657194,
        "lon": 130.429823,
        "brand": "イオン",
        "brand_wikidata": "Q305335",
        "mall_type": "イオンモール",
        "prefecture": "福岡県",
        "city": "",
        "address": "福岡県",
        "website": "",
        "opening_hours": "",
        "phone": "",
        "opening_year": "2003年11月29日（開業時は「ジャスコ香椎浜店」）",
        "area": "敷地面積：約67,357㎡ / 商業施設面積：約34,000㎡〜39,500㎡",
        "former_building": "新規開発（イオン香椎浜ショッピングセンターの核店舗）",
        "demand_and_features": "福岡市東区の香椎浜ウォーターフロントおよび千早エリアのニュータウン居住者を主要ターゲットとする地域中核SC（イオンモール香椎浜）。2024年4月に「モノとコトのfusion」をテーマに食料品・衣料品売場の大規模リニューアルを実施。健康志向のオーガニック売場「b！olala」や冷凍食品売場の拡充を行い、周辺の分譲・高層マンション群に住むファミリー世帯や健康志向の高い主婦層から圧倒的な日常支持を集める生活密着型ハブ店舗。",
        "source": "OpenStreetMap",
        "priority": 2,
        "building_height_est_m": 22.0,
        "site_area_m2": 67357.0,
        "floor_area_m2": 34000.0,
        "polygon_coordinates": [
          [
            130.42974,
            33.655887
          ],
          [
            130.430184,
            33.65668
          ],
          [
            130.430094,
            33.656881
          ],
          [
            130.430327,
            33.657264
          ],
          [
            130.43087,
            33.657783
          ],
          [
            130.431103,
            33.658214
          ],
          [
            130.430345,
            33.658512
          ],
          [
            130.430116,
            33.658145
          ],
          [
            130.429001,
            33.657096
          ],
          [
            130.428542,
            33.656318
          ],
          [
            130.428585,
            33.656121
          ],
          [
            130.429194,
            33.655876
          ],
          [
            130.42974,
            33.655887
          ]
        ],
        "calculated_area_m2": 29850.8,
        "perimeter_m": 806.8,
        "bbox": [
          130.428542,
          33.655876,
          130.431103,
          33.658512
        ],
        "polygon_source": "OSM_exact_footprint"
      }
    },
    {
      "type": "Feature",
      "id": "way/544935799",
      "geometry": {
        "type": "Polygon",
        "coordinates": [
          [
            [
              130.376241,
              33.565679
            ],
            [
              130.376133,
              33.564329
            ],
            [
              130.376223,
              33.564279
            ],
            [
              130.376282,
              33.56428
            ],
            [
              130.376358,
              33.564231
            ],
            [
              130.376981,
              33.564206
            ],
            [
              130.377056,
              33.564287
            ],
            [
              130.377317,
              33.564276
            ],
            [
              130.377363,
              33.56429
            ],
            [
              130.377367,
              33.564342
            ],
            [
              130.377389,
              33.564368
            ],
            [
              130.377375,
              33.564492
            ],
            [
              130.37741,
              33.564592
            ],
            [
              130.377437,
              33.565742
            ],
            [
              130.377559,
              33.565741
            ],
            [
              130.377586,
              33.565713
            ],
            [
              130.37762,
              33.565437
            ],
            [
              130.377648,
              33.565438
            ],
            [
              130.377686,
              33.56544
            ],
            [
              130.377646,
              33.565795
            ],
            [
              130.376278,
              33.565826
            ],
            [
              130.376277,
              33.565739
            ],
            [
              130.376241,
              33.565679
            ]
          ]
        ]
      },
      "properties": {
        "id": "way/544935799",
        "osm_id": 544935799,
        "osm_type": "way",
        "name": "イオンスタイル笹丘",
        "name_en": "AEON",
        "lat": 33.565016,
        "lon": 130.37691,
        "brand": "イオン",
        "brand_wikidata": "Q11285951",
        "mall_type": "イオンスタイル",
        "prefecture": "福岡県",
        "city": "",
        "address": "福岡県",
        "website": "",
        "opening_hours": "",
        "phone": "",
        "opening_year": "1994年6月9日",
        "area": "店舗面積：20,159㎡",
        "former_building": "ダイエー笹丘店（のちイオン笹丘店）",
        "demand_and_features": "福岡市城南区に近い中央区笹丘の住宅街に位置する。1994年に「ダイエー笹丘店」として華々しく開業し、ダイエーからイオンへの移行を経て、2016年に「イオンスタイル笹丘」へと進化を遂げた。屋上に「マイマイスクール（自動車学校）」を持つユニークな構造。周辺は福岡市内でも有数の成熟した高級住宅街であり、購買力の高いファミリー層やシニア層が多く、高品質な食品やオーガニック野菜、ワイン、こだわり惣菜が極めて好調。日常のプチ贅沢需要をしっかりと満たしている。",
        "source": "OpenStreetMap",
        "priority": 2,
        "building_height_est_m": 16.0,
        "site_area_m2": 32254.4,
        "floor_area_m2": 20159.0,
        "polygon_coordinates": [
          [
            130.376241,
            33.565679
          ],
          [
            130.376133,
            33.564329
          ],
          [
            130.376223,
            33.564279
          ],
          [
            130.376282,
            33.56428
          ],
          [
            130.376358,
            33.564231
          ],
          [
            130.376981,
            33.564206
          ],
          [
            130.377056,
            33.564287
          ],
          [
            130.377317,
            33.564276
          ],
          [
            130.377363,
            33.56429
          ],
          [
            130.377367,
            33.564342
          ],
          [
            130.377389,
            33.564368
          ],
          [
            130.377375,
            33.564492
          ],
          [
            130.37741,
            33.564592
          ],
          [
            130.377437,
            33.565742
          ],
          [
            130.377559,
            33.565741
          ],
          [
            130.377586,
            33.565713
          ],
          [
            130.37762,
            33.565437
          ],
          [
            130.377648,
            33.565438
          ],
          [
            130.377686,
            33.56544
          ],
          [
            130.377646,
            33.565795
          ],
          [
            130.376278,
            33.565826
          ],
          [
            130.376277,
            33.565739
          ],
          [
            130.376241,
            33.565679
          ]
        ],
        "calculated_area_m2": 19977.1,
        "perimeter_m": 669.3,
        "bbox": [
          130.376133,
          33.564206,
          130.377686,
          33.565826
        ],
        "polygon_source": "OSM_exact_footprint"
      }
    },
    {
      "type": "Feature",
      "id": "duckdb/497",
      "geometry": {
        "type": "Polygon",
        "coordinates": [
          [
            [
              130.7229907,
              33.8228211
            ],
            [
              130.7231249,
              33.8230268
            ],
            [
              130.7224837,
              33.8233446
            ],
            [
              130.7227104,
              33.8236752
            ],
            [
              130.7226308,
              33.8237128
            ],
            [
              130.7228413,
              33.8240319
            ],
            [
              130.7242532,
              33.8233904
            ],
            [
              130.7240703,
              33.8231485
            ],
            [
              130.7240339,
              33.8231004
            ],
            [
              130.7241967,
              33.8230166
            ],
            [
              130.7242906,
              33.8230366
            ],
            [
              130.7243925,
              33.8227481
            ],
            [
              130.7241793,
              33.8226946
            ],
            [
              130.7237957,
              33.8228606
            ],
            [
              130.723716,
              33.8227462
            ],
            [
              130.7235656,
              33.8228193
            ],
            [
              130.7235034,
              33.8228539
            ],
            [
              130.7233686,
              33.8226387
            ],
            [
              130.7229907,
              33.8228211
            ]
          ]
        ]
      },
      "properties": {
        "id": "duckdb/497",
        "osm_id": "db_497",
        "osm_type": "duckdb",
        "name": "イオンなかま店",
        "name_en": "",
        "lat": 33.823078,
        "lon": 130.723534,
        "brand": "イオン",
        "brand_wikidata": "Q305335",
        "mall_type": "一般イオン",
        "prefecture": "福岡県",
        "city": "中間市",
        "address": "福岡県中間市上蓮花寺1-1-1",
        "website": "",
        "opening_hours": "",
        "phone": "",
        "opening_year": "2023年3月10日（現行2代目。初代ダイエー中間店は1978年9月開業）",
        "area": "商業施設面積: 約6,017㎡",
        "former_building": "ショッパーズモール中間（核店舗：ダイエー中間店。のちに初代イオンなかま店を経て、閉館・建て替えにより現店舗へ）",
        "demand_and_features": "中間市中心部の筑豊電鉄東中間駅から徒歩圏内に位置。かつてダイエーが展開した巨大モール「ショッパーズモール中間」の跡地を再開発し、食品・日用品に特化した「普段使いに最適なサイズ」のコンパクトGMSとして2023年に新生した。無印良品やウエルシア薬局などをテナントに持ち、隣接する別会社運営の商業施設「プラザモールなかま」と共存。かつてのマンモスモールの機能を集約・適正化し、中間市の高齢化と地域ニーズに合致した生活密着インフラとして重宝されている。",
        "source": "aeon_stores.duckdb",
        "priority": 1,
        "building_height_est_m": 12.0,
        "site_area_m2": 43552.5,
        "floor_area_m2": 81661.0,
        "polygon_coordinates": [
          [
            130.7229907,
            33.8228211
          ],
          [
            130.7231249,
            33.8230268
          ],
          [
            130.7224837,
            33.8233446
          ],
          [
            130.7227104,
            33.8236752
          ],
          [
            130.7226308,
            33.8237128
          ],
          [
            130.7228413,
            33.8240319
          ],
          [
            130.7242532,
            33.8233904
          ],
          [
            130.7240703,
            33.8231485
          ],
          [
            130.7240339,
            33.8231004
          ],
          [
            130.7241967,
            33.8230166
          ],
          [
            130.7242906,
            33.8230366
          ],
          [
            130.7243925,
            33.8227481
          ],
          [
            130.7241793,
            33.8226946
          ],
          [
            130.7237957,
            33.8228606
          ],
          [
            130.723716,
            33.8227462
          ],
          [
            130.7235656,
            33.8228193
          ],
          [
            130.7235034,
            33.8228539
          ],
          [
            130.7233686,
            33.8226387
          ],
          [
            130.7229907,
            33.8228211
          ]
        ],
        "calculated_area_m2": 9625.1,
        "perimeter_m": 597.6,
        "bbox": [
          130.722484,
          33.822639,
          130.724392,
          33.824032
        ],
        "polygon_source": "OSM_exact_footprint"
      }
    },
    {
      "type": "Feature",
      "id": "duckdb/393",
      "geometry": {
        "type": "Polygon",
        "coordinates": [
          [
            [
              130.3992435,
              33.5922515
            ],
            [
              130.3996356,
              33.5923428
            ],
            [
              130.3997374,
              33.5920989
            ],
            [
              130.3993328,
              33.5920027
            ],
            [
              130.3992435,
              33.5922515
            ]
          ]
        ]
      },
      "properties": {
        "id": "duckdb/393",
        "osm_id": "db_393",
        "osm_type": "duckdb",
        "name": "イオンショッパーズ福岡",
        "name_en": "",
        "lat": 33.592189,
        "lon": 130.399439,
        "brand": "イオン",
        "brand_wikidata": "Q305335",
        "mall_type": "一般イオン",
        "prefecture": "福岡県",
        "city": "福岡市",
        "address": "福岡県福岡市中央区天神4-4-11",
        "website": "",
        "opening_hours": "",
        "phone": "",
        "opening_year": "1971年6月15日（2019年に大規模リニューアル）",
        "area": "商業施設面積：22,188㎡",
        "former_building": "ダイエー福岡店（福岡ショッパーズプラザ）",
        "demand_and_features": "九州最大の繁華街・天神の北側に位置する伝説的店舗。1971年にダイエーの「福岡ショッパーズプラザ」として開業し、天神の商業史をリードしてきた。2015年にイオンが継承し、2019年には建物の上層階をオフィスフロア、地下から4階を「イオンショッパーズ福岡」とする画期的なオフィス複合ビルへと刷新された。天神で働く会社員やOL、学生のランチ需要や会社帰りの日用品・食料品の買い出し需要に特化しており、抜群の立地と利便性で高い稼働率を維持している。",
        "source": "aeon_stores.duckdb",
        "priority": 1,
        "building_height_est_m": 36.0,
        "site_area_m2": 2758.3,
        "floor_area_m2": 15515.7,
        "polygon_coordinates": [
          [
            130.3992435,
            33.5922515
          ],
          [
            130.3996356,
            33.5923428
          ],
          [
            130.3997374,
            33.5920989
          ],
          [
            130.3993328,
            33.5920027
          ],
          [
            130.3992435,
            33.5922515
          ]
        ],
        "calculated_area_m2": 35473.9,
        "perimeter_m": 134.0,
        "bbox": [
          130.399244,
          33.592003,
          130.399737,
          33.592343
        ],
        "polygon_source": "OSM_exact_footprint"
      }
    },
    {
      "type": "Feature",
      "id": "duckdb/535",
      "geometry": {
        "type": "Polygon",
        "coordinates": [
          [
            [
              130.4970685,
              33.5449053
            ],
            [
              130.4973674,
              33.5449247
            ],
            [
              130.4973799,
              33.5447472
            ],
            [
              130.497415,
              33.5447497
            ],
            [
              130.4975052,
              33.5444537
            ],
            [
              130.4975185,
              33.5442962
            ],
            [
              130.4975621,
              33.5442969
            ],
            [
              130.4976211,
              33.5440544
            ],
            [
              130.4976531,
              33.5434881
            ],
            [
              130.4977602,
              33.5434894
            ],
            [
              130.497784,
              33.5432505
            ],
            [
              130.4971185,
              33.5432069
            ],
            [
              130.4970137,
              33.5432403
            ],
            [
              130.4969898,
              33.5436069
            ],
            [
              130.4969534,
              33.5436042
            ],
            [
              130.496909,
              33.544123
            ],
            [
              130.4971077,
              33.5441313
            ],
            [
              130.4971054,
              33.5441692
            ],
            [
              130.497157,
              33.5441692
            ],
            [
              130.4971562,
              33.5441917
            ],
            [
              130.4972263,
              33.544193
            ],
            [
              130.4971862,
              33.5446867
            ],
            [
              130.4971324,
              33.5446822
            ],
            [
              130.4971284,
              33.5447233
            ],
            [
              130.4970785,
              33.5447194
            ],
            [
              130.4970761,
              33.5447605
            ],
            [
              130.4970315,
              33.5447592
            ],
            [
              130.4970252,
              33.5448369
            ],
            [
              130.4970745,
              33.5448394
            ],
            [
              130.4970685,
              33.5449053
            ]
          ]
        ]
      },
      "properties": {
        "id": "duckdb/535",
        "osm_id": "db_535",
        "osm_type": "duckdb",
        "name": "イオン乙金店",
        "name_en": "",
        "lat": 33.544273,
        "lon": 130.497239,
        "brand": "イオン",
        "brand_wikidata": "Q305335",
        "mall_type": "一般イオン",
        "prefecture": "福岡県",
        "city": "大野城市",
        "address": "福岡県大野城市乙金3-24-1",
        "website": "",
        "opening_hours": "",
        "phone": "",
        "opening_year": "2017年7月29日",
        "area": "商業施設面積：10,128㎡（敷地面積：36,909㎡、北・南の2街区構成）",
        "former_building": "新規開発（乙金第二土地区画整理事業エリアへの新規出店）",
        "demand_and_features": "大野城市の新興住宅地に位置する、平屋建て主体のオープンモール形式ショッピングセンター。南街区（食品中心のイオン乙金店と約1,600㎡の芝生公園）と北街区（ドラッグストアや専門店）で構成。従来型の巨大な箱型店舗とは異なり、公園で子どもを遊ばせながら散歩感覚で買い物ができる「我が家のようなコミュニティ」を体現し、周辺世帯の憩いの場として強く支持されている。",
        "source": "aeon_stores.duckdb",
        "priority": 1,
        "building_height_est_m": 12.0,
        "site_area_m2": 24696.1,
        "floor_area_m2": 46305.1,
        "polygon_coordinates": [
          [
            130.4970685,
            33.5449053
          ],
          [
            130.4973674,
            33.5449247
          ],
          [
            130.4973799,
            33.5447472
          ],
          [
            130.497415,
            33.5447497
          ],
          [
            130.4975052,
            33.5444537
          ],
          [
            130.4975185,
            33.5442962
          ],
          [
            130.4975621,
            33.5442969
          ],
          [
            130.4976211,
            33.5440544
          ],
          [
            130.4976531,
            33.5434881
          ],
          [
            130.4977602,
            33.5434894
          ],
          [
            130.497784,
            33.5432505
          ],
          [
            130.4971185,
            33.5432069
          ],
          [
            130.4970137,
            33.5432403
          ],
          [
            130.4969898,
            33.5436069
          ],
          [
            130.4969534,
            33.5436042
          ],
          [
            130.496909,
            33.544123
          ],
          [
            130.4971077,
            33.5441313
          ],
          [
            130.4971054,
            33.5441692
          ],
          [
            130.497157,
            33.5441692
          ],
          [
            130.4971562,
            33.5441917
          ],
          [
            130.4972263,
            33.544193
          ],
          [
            130.4971862,
            33.5446867
          ],
          [
            130.4971324,
            33.5446822
          ],
          [
            130.4971284,
            33.5447233
          ],
          [
            130.4970785,
            33.5447194
          ],
          [
            130.4970761,
            33.5447605
          ],
          [
            130.4970315,
            33.5447592
          ],
          [
            130.4970252,
            33.5448369
          ],
          [
            130.4970745,
            33.5448394
          ],
          [
            130.4970685,
            33.5449053
          ]
        ],
        "calculated_area_m2": 36926.2,
        "perimeter_m": 541.9,
        "bbox": [
          130.496909,
          33.543207,
          130.497784,
          33.544925
        ],
        "polygon_source": "OSM_exact_footprint"
      }
    },
    {
      "type": "Feature",
      "id": "duckdb/403",
      "geometry": {
        "type": "Polygon",
        "coordinates": [
          [
            [
              130.5191873,
              33.5026648
            ],
            [
              130.5191026,
              33.5026607
            ],
            [
              130.5191204,
              33.5024094
            ],
            [
              130.5189555,
              33.5024013
            ],
            [
              130.5189578,
              33.5023673
            ],
            [
              130.518847,
              33.502362
            ],
            [
              130.5188454,
              33.5023845
            ],
            [
              130.5187611,
              33.5023805
            ],
            [
              130.5187566,
              33.5024468
            ],
            [
              130.5186553,
              33.502442
            ],
            [
              130.518646,
              33.5025798
            ],
            [
              130.5185612,
              33.5025758
            ],
            [
              130.5185745,
              33.5023763
            ],
            [
              130.5183185,
              33.5023644
            ],
            [
              130.5182734,
              33.5024124
            ],
            [
              130.5182513,
              33.5026448
            ],
            [
              130.5185566,
              33.502665
            ],
            [
              130.5185611,
              33.5026178
            ],
            [
              130.5186346,
              33.5026227
            ],
            [
              130.5186276,
              33.5026953
            ],
            [
              130.5182547,
              33.5026706
            ],
            [
              130.5181932,
              33.5027277
            ],
            [
              130.5181842,
              33.502859
            ],
            [
              130.5183046,
              33.5029045
            ],
            [
              130.5183028,
              33.5029309
            ],
            [
              130.518589,
              33.5029477
            ],
            [
              130.5185825,
              33.5030253
            ],
            [
              130.5190557,
              33.503053
            ],
            [
              130.5190621,
              33.5029775
            ],
            [
              130.5191012,
              33.5029798
            ],
            [
              130.5191704,
              33.5029027
            ],
            [
              130.5191873,
              33.5026648
            ]
          ]
        ]
      },
      "properties": {
        "id": "duckdb/403",
        "osm_id": "db_403",
        "osm_type": "duckdb",
        "name": "イオン二日市店",
        "name_en": "",
        "lat": 33.502647,
        "lon": 130.518693,
        "brand": "イオン",
        "brand_wikidata": "Q305335",
        "mall_type": "一般イオン",
        "prefecture": "福岡県",
        "city": "筑紫野市",
        "address": "福岡県筑紫野市二日市北2-2-1",
        "website": "",
        "opening_hours": "",
        "phone": "",
        "opening_year": "1974年",
        "area": "7,703㎡",
        "former_building": "アピロス二日市店 (のちにダイエー二日市店)",
        "demand_and_features": "1974年に「アピロス二日市店」として開業し、ダイエーを経て2015年に「イオン二日市店」へと継承された半世紀以上の歴史を持つ店舗。西鉄二日市駅の目の前に位置する抜群のアクセスが最大の特徴であり、通勤・通学帰りの会社員や学生、近隣の住宅地に暮らす幅広い年齢層の住民が日常的に利用する。大規模な郊外型モールとは異なり、短時間で効率よく買い物ができる「駅前生活密着型スーパー」としての利便性への需要が根強い。太宰府天満宮などへの乗り換えルート上にあるため、国内外の観光客による立ち寄り需要にも応えている。",
        "source": "aeon_stores.duckdb",
        "priority": 1,
        "building_height_est_m": 12.0,
        "site_area_m2": 11394.1,
        "floor_area_m2": 21364.0,
        "polygon_coordinates": [
          [
            130.5191873,
            33.5026648
          ],
          [
            130.5191026,
            33.5026607
          ],
          [
            130.5191204,
            33.5024094
          ],
          [
            130.5189555,
            33.5024013
          ],
          [
            130.5189578,
            33.5023673
          ],
          [
            130.518847,
            33.502362
          ],
          [
            130.5188454,
            33.5023845
          ],
          [
            130.5187611,
            33.5023805
          ],
          [
            130.5187566,
            33.5024468
          ],
          [
            130.5186553,
            33.502442
          ],
          [
            130.518646,
            33.5025798
          ],
          [
            130.5185612,
            33.5025758
          ],
          [
            130.5185745,
            33.5023763
          ],
          [
            130.5183185,
            33.5023644
          ],
          [
            130.5182734,
            33.5024124
          ],
          [
            130.5182513,
            33.5026448
          ],
          [
            130.5185566,
            33.502665
          ],
          [
            130.5185611,
            33.5026178
          ],
          [
            130.5186346,
            33.5026227
          ],
          [
            130.5186276,
            33.5026953
          ],
          [
            130.5182547,
            33.5026706
          ],
          [
            130.5181932,
            33.5027277
          ],
          [
            130.5181842,
            33.502859
          ],
          [
            130.5183046,
            33.5029045
          ],
          [
            130.5183028,
            33.5029309
          ],
          [
            130.518589,
            33.5029477
          ],
          [
            130.5185825,
            33.5030253
          ],
          [
            130.5190557,
            33.503053
          ],
          [
            130.5190621,
            33.5029775
          ],
          [
            130.5191012,
            33.5029798
          ],
          [
            130.5191704,
            33.5029027
          ],
          [
            130.5191873,
            33.5026648
          ]
        ],
        "calculated_area_m2": 11549.7,
        "perimeter_m": 443.6,
        "bbox": [
          130.518184,
          33.502362,
          130.519187,
          33.503053
        ],
        "polygon_source": "OSM_exact_footprint"
      }
    },
    {
      "type": "Feature",
      "id": "duckdb/390",
      "geometry": {
        "type": "Polygon",
        "coordinates": [
          [
            [
              130.8095963,
              33.870743
            ],
            [
              130.8100158,
              33.8710787
            ],
            [
              130.8104441,
              33.8707616
            ],
            [
              130.8123493,
              33.8706134
            ],
            [
              130.8131102,
              33.8699362
            ],
            [
              130.8123507,
              33.8693483
            ],
            [
              130.8114283,
              33.8701645
            ],
            [
              130.8100811,
              33.8702688
            ],
            [
              130.8096008,
              33.8706786
            ],
            [
              130.8096332,
              33.8707068
            ],
            [
              130.8095963,
              33.870743
            ]
          ]
        ]
      },
      "properties": {
        "id": "duckdb/390",
        "osm_id": "db_390",
        "osm_type": "duckdb",
        "name": "イオン八幡東店",
        "name_en": "",
        "lat": 33.870458,
        "lon": 130.810746,
        "brand": "イオン",
        "brand_wikidata": "Q305335",
        "mall_type": "一般イオン",
        "prefecture": "福岡県",
        "city": "北九州市",
        "address": "福岡県北九州市八幡東区東田3-2-102",
        "website": "",
        "opening_hours": "",
        "phone": "",
        "opening_year": "2006年11月22日",
        "area": "商業施設面積：約58,742㎡（イオンモール全体）",
        "former_building": "新規開発（新日本製鐵八幡製鐵所の遊休地。ジャスコ八幡東店として開業）",
        "demand_and_features": "JRスペースワールド駅に近い、新日鉄の工場遊休地に開発された「イオンモール八幡東」の核店舗。2006年にジャスコとして開業した。隣接するアウトレット施設「THE OUTLETS KITAKYUSHU」との相互アクセスも良く、北九州市内外の広域から莫大な来客がある。八幡東区や小倉北区などの子育てニューファミリー層を惹きつける店舗構成で、イオンスタイルのように衣食住のトレンドを取り入れた売場が展開される。週末は家族連れの憩いの場として非常に混雑する。",
        "source": "aeon_stores.duckdb",
        "priority": 1,
        "building_height_est_m": 12.0,
        "site_area_m2": 99526.3,
        "floor_area_m2": 186611.8,
        "polygon_coordinates": [
          [
            130.8095963,
            33.870743
          ],
          [
            130.8100158,
            33.8710787
          ],
          [
            130.8104441,
            33.8707616
          ],
          [
            130.8123493,
            33.8706134
          ],
          [
            130.8131102,
            33.8699362
          ],
          [
            130.8123507,
            33.8693483
          ],
          [
            130.8114283,
            33.8701645
          ],
          [
            130.8100811,
            33.8702688
          ],
          [
            130.8096008,
            33.8706786
          ],
          [
            130.8096332,
            33.8707068
          ],
          [
            130.8095963,
            33.870743
          ]
        ],
        "calculated_area_m2": 93981.9,
        "perimeter_m": 803.4,
        "bbox": [
          130.809596,
          33.869348,
          130.81311,
          33.871079
        ],
        "polygon_source": "OSM_exact_footprint"
      }
    },
    {
      "type": "Feature",
      "id": "duckdb/395",
      "geometry": {
        "type": "Polygon",
        "coordinates": [
          [
            [
              130.342482,
              33.5630191
            ],
            [
              130.3424388,
              33.5632492
            ],
            [
              130.3425787,
              33.5632676
            ],
            [
              130.3425245,
              33.5635562
            ],
            [
              130.3420743,
              33.5634969
            ],
            [
              130.3421599,
              33.5630419
            ],
            [
              130.3422257,
              33.5630022
            ],
            [
              130.3423424,
              33.5630174
            ],
            [
              130.3423455,
              33.5630011
            ],
            [
              130.342482,
              33.5630191
            ]
          ]
        ]
      },
      "properties": {
        "id": "duckdb/395",
        "osm_id": "db_395",
        "osm_type": "duckdb",
        "name": "イオン原店",
        "name_en": "",
        "lat": 33.563167,
        "lon": 130.342365,
        "brand": "イオン",
        "brand_wikidata": "Q305335",
        "mall_type": "一般イオン",
        "prefecture": "福岡県",
        "city": "福岡市",
        "address": "福岡県福岡市早良区原6-27-52",
        "website": "",
        "opening_hours": "",
        "phone": "",
        "opening_year": "2020年11月19日（前身は1976年開業・2019年閉店の旧ダイエー原店・原サティ）",
        "area": "商業施設面積：約9,300㎡",
        "former_building": "ダイエー原店（のち原サティ、イオン原店を経て建て替え）",
        "demand_and_features": "早良区原の主要交差点近くに位置。1976年開業の「旧ダイエー原店（のち原サティ、イオン原ショッピングセンター）」が2019年に老朽化で一度閉店した後、建物を全面建て替え（スクラップ＆ビルド）し、2020年にコンパクトで利便性の高い新しい「イオン原店」としてオープン。周辺の戸建て住宅やマンション住民の食料品・日用品需要を満たすため、生鮮食品の鮮度と惣菜を重視した売場設計。駐車場が使いやすくなり、旧店舗の常連である高齢者から新規流入の若いファミリー層まで安定的に集客。",
        "source": "aeon_stores.duckdb",
        "priority": 1,
        "building_height_est_m": 8.0,
        "site_area_m2": 4599.3,
        "floor_area_m2": 5749.1,
        "polygon_coordinates": [
          [
            130.342482,
            33.5630191
          ],
          [
            130.3424388,
            33.5632492
          ],
          [
            130.3425787,
            33.5632676
          ],
          [
            130.3425245,
            33.5635562
          ],
          [
            130.3420743,
            33.5634969
          ],
          [
            130.3421599,
            33.5630419
          ],
          [
            130.3422257,
            33.5630022
          ],
          [
            130.3423424,
            33.5630174
          ],
          [
            130.3423455,
            33.5630011
          ],
          [
            130.342482,
            33.5630191
          ]
        ],
        "calculated_area_m2": 14888.6,
        "perimeter_m": 197.7,
        "bbox": [
          130.342074,
          33.563001,
          130.342579,
          33.563556
        ],
        "polygon_source": "OSM_exact_footprint"
      }
    },
    {
      "type": "Feature",
      "id": "duckdb/408",
      "geometry": {
        "type": "Polygon",
        "coordinates": [
          [
            [
              130.452159,
              33.2145996
            ],
            [
              130.4522241,
              33.2145943
            ],
            [
              130.4522001,
              33.2144765
            ],
            [
              130.4521398,
              33.2144872
            ],
            [
              130.452159,
              33.2145996
            ]
          ]
        ]
      },
      "properties": {
        "id": "duckdb/408",
        "osm_id": "db_408",
        "osm_type": "duckdb",
        "name": "イオン大木店",
        "name_en": "",
        "lat": 33.214551,
        "lon": 130.452176,
        "brand": "イオン",
        "brand_wikidata": "Q305335",
        "mall_type": "一般イオン",
        "prefecture": "福岡県",
        "city": "大木町",
        "address": "福岡県三潴郡大木町大字蛭池1200",
        "website": "",
        "opening_hours": "",
        "phone": "",
        "opening_year": "2008年",
        "area": "約13,000㎡",
        "former_building": "イオンスーパーセンター大木店",
        "demand_and_features": "2008年に「イオンスーパーセンター大木店」として開業し、2019年に「イオン大木店」へと再編されたワンフロア構成の店舗。改装に伴い、大型ホームセンター「スーパービバホーム」が併設された。駐車場から売場へ直接アクセスしやすい平面設計や、オール電化を導入した環境配慮設計が特徴。大木町内のみならず、近隣の大川市、柳川市、筑後市などから車で来店するファミリー層やシニア層が中心客層。食料品・日用品や衣料品からDIY用品、書籍までが一箇所で揃うワンストップショッピングの拠点であり、地域の情報発信やコミュニティ活動を支える中核施設としての需要も高い。",
        "source": "aeon_stores.duckdb",
        "priority": 1,
        "building_height_est_m": 12.0,
        "site_area_m2": 171.2,
        "floor_area_m2": 320.9,
        "polygon_coordinates": [
          [
            130.452159,
            33.2145996
          ],
          [
            130.4522241,
            33.2145943
          ],
          [
            130.4522001,
            33.2144765
          ],
          [
            130.4521398,
            33.2144872
          ],
          [
            130.452159,
            33.2145996
          ]
        ],
        "calculated_area_m2": 19482.1,
        "perimeter_m": 37.7,
        "bbox": [
          130.45214,
          33.214477,
          130.452224,
          33.2146
        ],
        "polygon_source": "OSM_exact_footprint"
      }
    },
    {
      "type": "Feature",
      "id": "duckdb/579",
      "geometry": {
        "type": "Polygon",
        "coordinates": [
          [
            [
              130.4759477,
              33.5387714
            ],
            [
              130.4768791,
              33.5380722
            ],
            [
              130.4764432,
              33.5376311
            ],
            [
              130.4764258,
              33.5376441
            ],
            [
              130.4763883,
              33.5376092
            ],
            [
              130.4760173,
              33.5372636
            ],
            [
              130.4751249,
              33.5379924
            ],
            [
              130.4759477,
              33.5387714
            ]
          ]
        ]
      },
      "properties": {
        "id": "duckdb/579",
        "osm_id": "db_579",
        "osm_type": "duckdb",
        "name": "イオン大野城店",
        "name_en": "",
        "lat": 33.537969,
        "lon": 130.476147,
        "brand": "イオン",
        "brand_wikidata": "Q305335",
        "mall_type": "一般イオン",
        "prefecture": "福岡県",
        "city": "大野城市",
        "address": "福岡県大野城市錦町4-1-1",
        "website": "",
        "opening_hours": "",
        "phone": "",
        "opening_year": "1977年（昭和52年）9月23日（ニチイ大野城店として開業、1998年11月14日に大野城サティへ増改築リニューアル）",
        "area": "延床面積：約38,910㎡ / 店舗面積：約21,794㎡",
        "former_building": "ニチイ大野城店 ➔ 大野城サティ（具島織物の紡績工場跡地）",
        "demand_and_features": "福岡都市圏のベッドタウンである大野城市の中心部に位置し、西鉄天神大牟田線春日原駅近くで抜群のアクセスを誇る店舗。昭和52年に「ニチイ大野城店」として開業し、「大野城サティ」へのリニューアルを経て「イオン」へと引き継がれ、約半世紀にわたり地域商業の核であり続けている。敷地はもともと具島織物の紡績工場跡地。単身世帯、ファミリー層から高齢者まで、地域住民の日常的な買い物需要を一手に引き受ける生活防衛的な強みと、高い利便性を持つ。",
        "source": "aeon_stores.duckdb",
        "priority": 1,
        "building_height_est_m": 12.0,
        "site_area_m2": 43461.5,
        "floor_area_m2": 81490.4,
        "polygon_coordinates": [
          [
            130.4759477,
            33.5387714
          ],
          [
            130.4768791,
            33.5380722
          ],
          [
            130.4764432,
            33.5376311
          ],
          [
            130.4764258,
            33.5376441
          ],
          [
            130.4763883,
            33.5376092
          ],
          [
            130.4760173,
            33.5372636
          ],
          [
            130.4751249,
            33.5379924
          ],
          [
            130.4759477,
            33.5387714
          ]
        ],
        "calculated_area_m2": 62244.7,
        "perimeter_m": 469.0,
        "bbox": [
          130.475125,
          33.537264,
          130.476879,
          33.538771
        ],
        "polygon_source": "OSM_exact_footprint"
      }
    },
    {
      "type": "Feature",
      "id": "duckdb/401",
      "geometry": {
        "type": "Polygon",
        "coordinates": [
          [
            [
              130.5629779,
              33.4097001
            ],
            [
              130.5633607,
              33.4096341
            ],
            [
              130.5633661,
              33.4096576
            ],
            [
              130.56346,
              33.4096391
            ],
            [
              130.563454,
              33.4096145
            ],
            [
              130.5641158,
              33.4094981
            ],
            [
              130.5641245,
              33.4095255
            ],
            [
              130.564217,
              33.4095087
            ],
            [
              130.564211,
              33.4094841
            ],
            [
              130.5644035,
              33.4094483
            ],
            [
              130.5643847,
              33.4093727
            ],
            [
              130.5645671,
              33.4093397
            ],
            [
              130.5646375,
              33.4093492
            ],
            [
              130.5646972,
              33.4093559
            ],
            [
              130.5647441,
              33.4093598
            ],
            [
              130.5648078,
              33.4093626
            ],
            [
              130.5648755,
              33.4093609
            ],
            [
              130.5648762,
              33.409385
            ],
            [
              130.5649339,
              33.4093816
            ],
            [
              130.5649821,
              33.4093766
            ],
            [
              130.5650277,
              33.409371
            ],
            [
              130.565078,
              33.4093598
            ],
            [
              130.5651189,
              33.4093492
            ],
            [
              130.5651605,
              33.4093369
            ],
            [
              130.5651505,
              33.4093145
            ],
            [
              130.5652095,
              33.4092949
            ],
            [
              130.5652591,
              33.4092759
            ],
            [
              130.5653134,
              33.4092512
            ],
            [
              130.565365,
              33.4092238
            ],
            [
              130.5654133,
              33.4091964
            ],
            [
              130.5654522,
              33.4091701
            ],
            [
              130.5654763,
              33.4091398
            ],
            [
              130.5654904,
              33.4091146
            ],
            [
              130.5654965,
              33.4090939
            ],
            [
              130.5658787,
              33.4090273
            ],
            [
              130.5658854,
              33.4090553
            ],
            [
              130.5659799,
              33.4090396
            ],
            [
              130.5659726,
              33.4090133
            ],
            [
              130.5664453,
              33.4089305
            ],
            [
              130.566285,
              33.4082868
            ],
            [
              130.5660007,
              33.4083371
            ],
            [
              130.5659974,
              33.4083176
            ],
            [
              130.5659256,
              33.4083315
            ],
            [
              130.565931,
              33.4083534
            ],
            [
              130.5654375,
              33.4084401
            ],
            [
              130.5654187,
              33.4083601
            ],
            [
              130.5647622,
              33.4084732
            ],
            [
              130.5647555,
              33.4084474
            ],
            [
              130.5646516,
              33.4084653
            ],
            [
              130.5646583,
              33.4084933
            ],
            [
              130.5641828,
              33.408575
            ],
            [
              130.5641755,
              33.4085448
            ],
            [
              130.5638965,
              33.408593
            ],
            [
              130.5638456,
              33.4083853
            ],
            [
              130.5629866,
              33.4085364
            ],
            [
              130.5630087,
              33.4086148
            ],
            [
              130.5627217,
              33.4086674
            ],
            [
              130.5627425,
              33.4087446
            ],
            [
              130.562709,
              33.4087514
            ],
            [
              130.5628075,
              33.4091482
            ],
            [
              130.5628417,
              33.4091415
            ],
            [
              130.5629779,
              33.4097001
            ]
          ]
        ]
      },
      "properties": {
        "id": "duckdb/401",
        "osm_id": "db_401",
        "osm_type": "duckdb",
        "name": "イオン小郡店",
        "name_en": "",
        "lat": 33.409058,
        "lon": 130.564647,
        "brand": "イオン",
        "brand_wikidata": "Q305335",
        "mall_type": "一般イオン",
        "prefecture": "福岡県",
        "city": "市",
        "address": "福岡県小郡市大保字弓場110",
        "website": "",
        "opening_hours": "",
        "phone": "",
        "opening_year": "2013年",
        "area": "25,689㎡",
        "former_building": "新規開発",
        "demand_and_features": "2013年に開業した小郡市北部大保地区の商業施設。甘木鉄道大保駅や大分自動車道筑後小郡ICに近く、周辺地域からの広域アクセスが良好。低平地のため過去に豪雨による大規模な浸水被害を複数回受けた経歴を持ち、敷地周囲に高さ約2mの防水堤や出入口への止水板設置など「要塞」とも呼ばれる強固な防災・浸水対策を施しているのが特徴。食品や日用品を扱う直営店舗と多彩な専門店が集まり、地域の生活インフラとしての役割と、日本国内屈指の水害対策モデル店舗としての特徴を併せ持つ。",
        "source": "aeon_stores.duckdb",
        "priority": 1,
        "building_height_est_m": 12.0,
        "site_area_m2": 86896.0,
        "floor_area_m2": 162929.9,
        "polygon_coordinates": [
          [
            130.5629779,
            33.4097001
          ],
          [
            130.5633607,
            33.4096341
          ],
          [
            130.5633661,
            33.4096576
          ],
          [
            130.56346,
            33.4096391
          ],
          [
            130.563454,
            33.4096145
          ],
          [
            130.5641158,
            33.4094981
          ],
          [
            130.5641245,
            33.4095255
          ],
          [
            130.564217,
            33.4095087
          ],
          [
            130.564211,
            33.4094841
          ],
          [
            130.5644035,
            33.4094483
          ],
          [
            130.5643847,
            33.4093727
          ],
          [
            130.5645671,
            33.4093397
          ],
          [
            130.5646375,
            33.4093492
          ],
          [
            130.5646972,
            33.4093559
          ],
          [
            130.5647441,
            33.4093598
          ],
          [
            130.5648078,
            33.4093626
          ],
          [
            130.5648755,
            33.4093609
          ],
          [
            130.5648762,
            33.409385
          ],
          [
            130.5649339,
            33.4093816
          ],
          [
            130.5649821,
            33.4093766
          ],
          [
            130.5650277,
            33.409371
          ],
          [
            130.565078,
            33.4093598
          ],
          [
            130.5651189,
            33.4093492
          ],
          [
            130.5651605,
            33.4093369
          ],
          [
            130.5651505,
            33.4093145
          ],
          [
            130.5652095,
            33.4092949
          ],
          [
            130.5652591,
            33.4092759
          ],
          [
            130.5653134,
            33.4092512
          ],
          [
            130.565365,
            33.4092238
          ],
          [
            130.5654133,
            33.4091964
          ],
          [
            130.5654522,
            33.4091701
          ],
          [
            130.5654763,
            33.4091398
          ],
          [
            130.5654904,
            33.4091146
          ],
          [
            130.5654965,
            33.4090939
          ],
          [
            130.5658787,
            33.4090273
          ],
          [
            130.5658854,
            33.4090553
          ],
          [
            130.5659799,
            33.4090396
          ],
          [
            130.5659726,
            33.4090133
          ],
          [
            130.5664453,
            33.4089305
          ],
          [
            130.566285,
            33.4082868
          ],
          [
            130.5660007,
            33.4083371
          ],
          [
            130.5659974,
            33.4083176
          ],
          [
            130.5659256,
            33.4083315
          ],
          [
            130.565931,
            33.4083534
          ],
          [
            130.5654375,
            33.4084401
          ],
          [
            130.5654187,
            33.4083601
          ],
          [
            130.5647622,
            33.4084732
          ],
          [
            130.5647555,
            33.4084474
          ],
          [
            130.5646516,
            33.4084653
          ],
          [
            130.5646583,
            33.4084933
          ],
          [
            130.5641828,
            33.408575
          ],
          [
            130.5641755,
            33.4085448
          ],
          [
            130.5638965,
            33.408593
          ],
          [
            130.5638456,
            33.4083853
          ],
          [
            130.5629866,
            33.4085364
          ],
          [
            130.5630087,
            33.4086148
          ],
          [
            130.5627217,
            33.4086674
          ],
          [
            130.5627425,
            33.4087446
          ],
          [
            130.562709,
            33.4087514
          ],
          [
            130.5628075,
            33.4091482
          ],
          [
            130.5628417,
            33.4091415
          ],
          [
            130.5629779,
            33.4097001
          ]
        ],
        "calculated_area_m2": 38528.5,
        "perimeter_m": 955.7,
        "bbox": [
          130.562709,
          33.408287,
          130.566445,
          33.4097
        ],
        "polygon_source": "OSM_exact_footprint"
      }
    },
    {
      "type": "Feature",
      "id": "duckdb/407",
      "geometry": {
        "type": "Polygon",
        "coordinates": [
          [
            [
              130.6312306,
              33.8618469
            ],
            [
              130.6319575,
              33.8629055
            ],
            [
              130.6309379,
              33.8633882
            ],
            [
              130.6300709,
              33.8621255
            ],
            [
              130.6301874,
              33.8620703
            ],
            [
              130.6301744,
              33.8620513
            ],
            [
              130.6302538,
              33.8620137
            ],
            [
              130.6302628,
              33.8620267
            ],
            [
              130.6303107,
              33.862004
            ],
            [
              130.6303016,
              33.8619906
            ],
            [
              130.6303407,
              33.8619721
            ],
            [
              130.630349,
              33.8619842
            ],
            [
              130.6306076,
              33.8618618
            ],
            [
              130.6304629,
              33.861651
            ],
            [
              130.6312797,
              33.8612644
            ],
            [
              130.6318416,
              33.8611439
            ],
            [
              130.631967,
              33.8615376
            ],
            [
              130.6314674,
              33.8616478
            ],
            [
              130.6312609,
              33.8617425
            ],
            [
              130.6312306,
              33.8618469
            ]
          ]
        ]
      },
      "properties": {
        "id": "duckdb/407",
        "osm_id": "db_407",
        "osm_type": "duckdb",
        "name": "イオン岡垣店",
        "name_en": "",
        "lat": 33.861954,
        "lon": 130.630825,
        "brand": "イオン",
        "brand_wikidata": "Q305335",
        "mall_type": "一般イオン",
        "prefecture": "福岡県",
        "city": "岡垣町",
        "address": "福岡県遠賀郡岡垣町大字黒山338-1",
        "website": "",
        "opening_hours": "",
        "phone": "",
        "opening_year": "2007年",
        "area": "約23,000㎡",
        "former_building": "イオンスーパーセンター岡垣店",
        "demand_and_features": "2007年に「イオンスーパーセンター岡垣店」として開業し、2018年の大型改装時に直営売場を縮小して「イオン岡垣店」へと業態転換した店舗。売場跡地には大型ホームセンター「スーパービバホーム」や家電量販店が導入された。国道3号線近くのロードサイドに位置し、約1,500台の駐車場を備えた車社会に対応した仕様。福岡・北九州両都市圏のベッドタウンである岡垣町のファミリー層やシニア層が中心客層。ワンフロアで食料品、日用品、DIY、家電、100円ショップなどの買い物を一度に完結できる高い利便性を提供しており、住みやすさで定評のある町内の生活基盤として極めて安定した日常需要獲得している。",
        "source": "aeon_stores.duckdb",
        "priority": 1,
        "building_height_est_m": 12.0,
        "site_area_m2": 69660.0,
        "floor_area_m2": 130612.6,
        "polygon_coordinates": [
          [
            130.6312306,
            33.8618469
          ],
          [
            130.6319575,
            33.8629055
          ],
          [
            130.6309379,
            33.8633882
          ],
          [
            130.6300709,
            33.8621255
          ],
          [
            130.6301874,
            33.8620703
          ],
          [
            130.6301744,
            33.8620513
          ],
          [
            130.6302538,
            33.8620137
          ],
          [
            130.6302628,
            33.8620267
          ],
          [
            130.6303107,
            33.862004
          ],
          [
            130.6303016,
            33.8619906
          ],
          [
            130.6303407,
            33.8619721
          ],
          [
            130.630349,
            33.8619842
          ],
          [
            130.6306076,
            33.8618618
          ],
          [
            130.6304629,
            33.861651
          ],
          [
            130.6312797,
            33.8612644
          ],
          [
            130.6318416,
            33.8611439
          ],
          [
            130.631967,
            33.8615376
          ],
          [
            130.6314674,
            33.8616478
          ],
          [
            130.6312609,
            33.8617425
          ],
          [
            130.6312306,
            33.8618469
          ]
        ],
        "calculated_area_m2": 34496.2,
        "perimeter_m": 763.2,
        "bbox": [
          130.630071,
          33.861144,
          130.631967,
          33.863388
        ],
        "polygon_source": "OSM_exact_footprint"
      }
    },
    {
      "type": "Feature",
      "id": "duckdb/389",
      "geometry": {
        "type": "Polygon",
        "coordinates": [
          [
            [
              130.818847,
              33.8959978
            ],
            [
              130.8184707,
              33.89584
            ],
            [
              130.8184908,
              33.8958142
            ],
            [
              130.8185935,
              33.8956822
            ],
            [
              130.818542,
              33.8956592
            ],
            [
              130.8193064,
              33.8946138
            ],
            [
              130.8193658,
              33.8946467
            ],
            [
              130.8194687,
              33.8944922
            ],
            [
              130.8197697,
              33.8946467
            ],
            [
              130.8196866,
              33.8948045
            ],
            [
              130.8197856,
              33.8948505
            ],
            [
              130.8189856,
              33.8959189
            ],
            [
              130.8189341,
              33.8958762
            ],
            [
              130.818847,
              33.8959978
            ]
          ]
        ]
      },
      "properties": {
        "id": "duckdb/389",
        "osm_id": "db_389",
        "osm_type": "duckdb",
        "name": "イオン戸畑店",
        "name_en": "",
        "lat": 33.895346,
        "lon": 130.819078,
        "brand": "イオン",
        "brand_wikidata": "Q305335",
        "mall_type": "一般イオン",
        "prefecture": "福岡県",
        "city": "北九州市",
        "address": "福岡県北九州市戸畑区汐井町2-2",
        "website": "",
        "opening_hours": "",
        "phone": "",
        "opening_year": "1999年3月1日",
        "area": "商業施設面積：約53,282㎡",
        "former_building": "戸畑サティ（日立金属戸畑工場跡地）",
        "demand_and_features": "JR戸畑駅前（汐井町）の工場跡地に1999年にマイカルが「戸畑サティ」として開業し、2010年にイオン戸畑ショッピングセンターの核として店名変更。駅チカの利便性に加え、映画館（イオンシネマ）も併設しているため、北九州市戸畑区や八幡東区、若松区周辺のファミリー層や学生たちの集客力が高い。車利用でもアクセスしやすい大型駐車場を備える。食品や普段使いの衣料品が特に安定して支持されており、地域の駅前活性化と日常の生活インフラとして重要な役目を担っている。",
        "source": "aeon_stores.duckdb",
        "priority": 1,
        "building_height_est_m": 20.0,
        "site_area_m2": 32395.3,
        "floor_area_m2": 101235.3,
        "polygon_coordinates": [
          [
            130.818847,
            33.8959978
          ],
          [
            130.8184707,
            33.89584
          ],
          [
            130.8184908,
            33.8958142
          ],
          [
            130.8185935,
            33.8956822
          ],
          [
            130.818542,
            33.8956592
          ],
          [
            130.8193064,
            33.8946138
          ],
          [
            130.8193658,
            33.8946467
          ],
          [
            130.8194687,
            33.8944922
          ],
          [
            130.8197697,
            33.8946467
          ],
          [
            130.8196866,
            33.8948045
          ],
          [
            130.8197856,
            33.8948505
          ],
          [
            130.8189856,
            33.8959189
          ],
          [
            130.8189341,
            33.8958762
          ],
          [
            130.818847,
            33.8959978
          ]
        ],
        "calculated_area_m2": 85241.4,
        "perimeter_m": 451.2,
        "bbox": [
          130.818471,
          33.894492,
          130.819786,
          33.895998
        ],
        "polygon_source": "OSM_exact_footprint"
      }
    },
    {
      "type": "Feature",
      "id": "duckdb/404",
      "geometry": {
        "type": "Polygon",
        "coordinates": [
          [
            [
              130.6569261,
              33.4086721
            ],
            [
              130.6583742,
              33.407988
            ],
            [
              130.6582602,
              33.4077359
            ],
            [
              130.6581,
              33.4077977
            ],
            [
              130.6578658,
              33.4075173
            ],
            [
              130.6565625,
              33.4081526
            ],
            [
              130.6569261,
              33.4086721
            ]
          ]
        ]
      },
      "properties": {
        "id": "duckdb/404",
        "osm_id": "db_404",
        "osm_type": "duckdb",
        "name": "イオン甘木店",
        "name_en": "",
        "lat": 33.408077,
        "lon": 130.657574,
        "brand": "イオン",
        "brand_wikidata": "Q305335",
        "mall_type": "一般イオン",
        "prefecture": "福岡県",
        "city": "朝倉市",
        "address": "福岡県朝倉市甘木380",
        "website": "",
        "opening_hours": "",
        "phone": "",
        "opening_year": "1997年",
        "area": "15,860㎡",
        "former_building": "ジャスコ甘木ショッピングセンター (核店舗はジャスコ甘木店)",
        "demand_and_features": "1997年に「ジャスコ甘木ショッピングセンター」として開業し、2011年に改称された朝倉市唯一のフルライン型総合スーパー（GMS）。大分自動車道甘木ICに近く、広い平面駐車場を完備したロードサイド店舗。直営の食品・日用品や衣料品フロアのほか、ニトリやダイソー、書店など日常生活に密着した専門店が充実している。ターゲットは朝倉市内のニューファミリー層やシニア層のほか、近隣の工場等に勤める就業者、さらには周辺の日田市など広域から車で訪れる客層まで幅広い。日常のワンストップショッピングを支える生活拠点としての需要が非常に高い。",
        "source": "aeon_stores.duckdb",
        "priority": 1,
        "building_height_est_m": 12.0,
        "site_area_m2": 34430.3,
        "floor_area_m2": 64556.8,
        "polygon_coordinates": [
          [
            130.6569261,
            33.4086721
          ],
          [
            130.6583742,
            33.407988
          ],
          [
            130.6582602,
            33.4077359
          ],
          [
            130.6581,
            33.4077977
          ],
          [
            130.6578658,
            33.4075173
          ],
          [
            130.6565625,
            33.4081526
          ],
          [
            130.6569261,
            33.4086721
          ]
        ],
        "calculated_area_m2": 23773.7,
        "perimeter_m": 445.0,
        "bbox": [
          130.656563,
          33.407517,
          130.658374,
          33.408672
        ],
        "polygon_source": "OSM_exact_footprint"
      }
    },
    {
      "type": "Feature",
      "id": "duckdb/406",
      "geometry": {
        "type": "Polygon",
        "coordinates": [
          [
            [
              130.4534297,
              33.6091713
            ],
            [
              130.4520877,
              33.608303
            ],
            [
              130.4530508,
              33.6072704
            ],
            [
              130.4543929,
              33.6081388
            ],
            [
              130.4534297,
              33.6091713
            ]
          ]
        ]
      },
      "properties": {
        "id": "duckdb/406",
        "osm_id": "db_406",
        "osm_type": "duckdb",
        "name": "イオン福岡東店",
        "name_en": "",
        "lat": 33.608411,
        "lon": 130.453278,
        "brand": "イオン",
        "brand_wikidata": "Q305335",
        "mall_type": "一般イオン",
        "prefecture": "福岡県",
        "city": "志免町",
        "address": "福岡県糟屋郡志免町別府北2-14-1",
        "website": "",
        "opening_hours": "",
        "phone": "",
        "opening_year": "2000年",
        "area": "22,770㎡",
        "former_building": "ニチイ粕屋店（のちに福岡東サティ）",
        "demand_and_features": "1978年開業の「ニチイ粕屋店」跡地を再開発し、2000年に「福岡東サティ」として開業した歴史を持つ店舗。2011年に現在の名称に改称。福岡市東区・博多区に隣接する糟屋郡志免町の好立地にあり、約1,500台の大型駐車場を備える。直営の衣食住フロアに加えて、100円ショップや多数の飲食店、カルチャーセンターなど約50の専門店を併設する。志免町や周辺ベッドタウンの子育てファミリー層やシニア層が主な客層で、日常の食料品や生活必需品の調達先としての需要が極めて高い。ネットスーパーや簡便食材の拡充など、共働き世帯の時短・利便性ニーズにも適応している。",
        "source": "aeon_stores.duckdb",
        "priority": 1,
        "building_height_est_m": 12.0,
        "site_area_m2": 71944.2,
        "floor_area_m2": 134895.3,
        "polygon_coordinates": [
          [
            130.4534297,
            33.6091713
          ],
          [
            130.4520877,
            33.608303
          ],
          [
            130.4530508,
            33.6072704
          ],
          [
            130.4543929,
            33.6081388
          ],
          [
            130.4534297,
            33.6091713
          ]
        ],
        "calculated_area_m2": 34141.7,
        "perimeter_m": 604.5,
        "bbox": [
          130.452088,
          33.60727,
          130.454393,
          33.609171
        ],
        "polygon_source": "OSM_exact_footprint"
      }
    },
    {
      "type": "Feature",
      "id": "duckdb/400",
      "geometry": {
        "type": "Polygon",
        "coordinates": [
          [
            [
              130.6734968,
              33.6376619
            ],
            [
              130.6735139,
              33.6376022
            ],
            [
              130.6742648,
              33.6377569
            ],
            [
              130.6742946,
              33.6376523
            ],
            [
              130.6743119,
              33.6375916
            ],
            [
              130.6744899,
              33.6369313
            ],
            [
              130.6746361,
              33.636409
            ],
            [
              130.6742592,
              33.6363266
            ],
            [
              130.674264,
              33.636302
            ],
            [
              130.6740747,
              33.6362627
            ],
            [
              130.6740677,
              33.6362903
            ],
            [
              130.6737634,
              33.636228
            ],
            [
              130.6735833,
              33.6368684
            ],
            [
              130.6735607,
              33.6368445
            ],
            [
              130.6734647,
              33.6368983
            ],
            [
              130.6734857,
              33.6369232
            ],
            [
              130.6728387,
              33.6368004
            ],
            [
              130.672853,
              33.6367524
            ],
            [
              130.6728498,
              33.636734
            ],
            [
              130.6728348,
              33.6367199
            ],
            [
              130.6728194,
              33.6367107
            ],
            [
              130.6728007,
              33.63671
            ],
            [
              130.6727819,
              33.6367131
            ],
            [
              130.6727666,
              33.6367213
            ],
            [
              130.6727559,
              33.6367332
            ],
            [
              130.6727428,
              33.6367822
            ],
            [
              130.6726406,
              33.6367615
            ],
            [
              130.6724889,
              33.6372965
            ],
            [
              130.6724441,
              33.6374546
            ],
            [
              130.6734968,
              33.6376619
            ]
          ]
        ]
      },
      "properties": {
        "id": "duckdb/400",
        "osm_id": "db_400",
        "osm_type": "duckdb",
        "name": "イオン穂波店",
        "name_en": "",
        "lat": 33.636903,
        "lon": 130.673422,
        "brand": "イオン",
        "brand_wikidata": "Q305335",
        "mall_type": "一般イオン",
        "prefecture": "福岡県",
        "city": "飯塚市",
        "address": "福岡県飯塚市枝国長浦666-48",
        "website": "",
        "opening_hours": "",
        "phone": "",
        "opening_year": "1994年10月",
        "area": "総売場面積：約22,146㎡",
        "former_building": "ジャスコ穂波店",
        "demand_and_features": "飯塚市の南部に位置し、1994年に「ジャスコ穂波店」として開業。地元では「穂ジャス（ほじゃす）」の愛称で30年以上にわたり絶大な知名度と親しみやすさを誇っている。2011年にイオン穂波店となり、今なお飯塚・穂波地区の生活の中心として根強い支持を得ている。店舗規模が大きすぎず小さすぎず、駐車場から売場までの動線がスムーズで買い回りしやすいため、シニア層や小さな子供を連れた母親からの支持が非常に高い。食品の安さと地元密着のテナントが特徴。",
        "source": "aeon_stores.duckdb",
        "priority": 1,
        "building_height_est_m": 12.0,
        "site_area_m2": 55004.8,
        "floor_area_m2": 103134.0,
        "polygon_coordinates": [
          [
            130.6734968,
            33.6376619
          ],
          [
            130.6735139,
            33.6376022
          ],
          [
            130.6742648,
            33.6377569
          ],
          [
            130.6742946,
            33.6376523
          ],
          [
            130.6743119,
            33.6375916
          ],
          [
            130.6744899,
            33.6369313
          ],
          [
            130.6746361,
            33.636409
          ],
          [
            130.6742592,
            33.6363266
          ],
          [
            130.674264,
            33.636302
          ],
          [
            130.6740747,
            33.6362627
          ],
          [
            130.6740677,
            33.6362903
          ],
          [
            130.6737634,
            33.636228
          ],
          [
            130.6735833,
            33.6368684
          ],
          [
            130.6735607,
            33.6368445
          ],
          [
            130.6734647,
            33.6368983
          ],
          [
            130.6734857,
            33.6369232
          ],
          [
            130.6728387,
            33.6368004
          ],
          [
            130.672853,
            33.6367524
          ],
          [
            130.6728498,
            33.636734
          ],
          [
            130.6728348,
            33.6367199
          ],
          [
            130.6728194,
            33.6367107
          ],
          [
            130.6728007,
            33.63671
          ],
          [
            130.6727819,
            33.6367131
          ],
          [
            130.6727666,
            33.6367213
          ],
          [
            130.6727559,
            33.6367332
          ],
          [
            130.6727428,
            33.6367822
          ],
          [
            130.6726406,
            33.6367615
          ],
          [
            130.6724889,
            33.6372965
          ],
          [
            130.6724441,
            33.6374546
          ],
          [
            130.6734968,
            33.6376619
          ]
        ],
        "calculated_area_m2": 35455.8,
        "perimeter_m": 685.0,
        "bbox": [
          130.672444,
          33.636228,
          130.674636,
          33.637757
        ],
        "polygon_source": "OSM_exact_footprint"
      }
    },
    {
      "type": "Feature",
      "id": "duckdb/405",
      "geometry": {
        "type": "Polygon",
        "coordinates": [
          [
            [
              130.1866201,
              33.5814371
            ],
            [
              130.1856707,
              33.5811274
            ],
            [
              130.1861177,
              33.5801774
            ],
            [
              130.1862082,
              33.5802025
            ],
            [
              130.1862835,
              33.5800602
            ],
            [
              130.1863388,
              33.5800895
            ],
            [
              130.1865598,
              33.5796124
            ],
            [
              130.1870421,
              33.5794409
            ],
            [
              130.1874439,
              33.579579
            ],
            [
              130.1873836,
              33.5797087
            ],
            [
              130.1873234,
              33.5796878
            ],
            [
              130.187248,
              33.5798803
            ],
            [
              130.1873334,
              33.5799096
            ],
            [
              130.1873836,
              33.5800142
            ],
            [
              130.1871877,
              33.5804034
            ],
            [
              130.1871325,
              33.5803867
            ],
            [
              130.1866201,
              33.5814371
            ]
          ]
        ]
      },
      "properties": {
        "id": "duckdb/405",
        "osm_id": "db_405",
        "osm_type": "duckdb",
        "name": "イオン糸島店",
        "name_en": "",
        "lat": 33.580186,
        "lon": 130.186817,
        "brand": "イオン",
        "brand_wikidata": "Q305335",
        "mall_type": "一般イオン",
        "prefecture": "福岡県",
        "city": "糸島市",
        "address": "福岡県糸島市志摩津和崎29-1",
        "website": "",
        "opening_hours": "",
        "phone": "",
        "opening_year": "2006年",
        "area": "約20,000㎡",
        "former_building": "イオンスーパーセンター志摩店 (旧名称：イオン志摩ショッピングセンター)",
        "demand_and_features": "2006年に「イオン志摩ショッピングセンター」として開業し、2022年に現在の名称に変更された糸島市唯一の総合スーパー。2019年に売場の一部をホームセンター「スーパービバホーム」へ転換する大型リニューアルを実施。さらに2022年には「緑」をテーマにした体験型ガーデニングプレイス「GREEN PICNIC 糸島」を敷地内に新設し話題を集めた。糸島市志摩地区のファミリー層やシニア層の日常的な食料品・日用品需要を満たす重要な生活インフラであり、週末には大型駐車場を活かしたファミリーや糸島半島を訪れる観光・ドライブ客による広域需要も多く、コミュニティ拠点として機能している。",
        "source": "aeon_stores.duckdb",
        "priority": 1,
        "building_height_est_m": 12.0,
        "site_area_m2": 58134.8,
        "floor_area_m2": 109002.8,
        "polygon_coordinates": [
          [
            130.1866201,
            33.5814371
          ],
          [
            130.1856707,
            33.5811274
          ],
          [
            130.1861177,
            33.5801774
          ],
          [
            130.1862082,
            33.5802025
          ],
          [
            130.1862835,
            33.5800602
          ],
          [
            130.1863388,
            33.5800895
          ],
          [
            130.1865598,
            33.5796124
          ],
          [
            130.1870421,
            33.5794409
          ],
          [
            130.1874439,
            33.579579
          ],
          [
            130.1873836,
            33.5797087
          ],
          [
            130.1873234,
            33.5796878
          ],
          [
            130.187248,
            33.5798803
          ],
          [
            130.1873334,
            33.5799096
          ],
          [
            130.1873836,
            33.5800142
          ],
          [
            130.1871877,
            33.5804034
          ],
          [
            130.1871325,
            33.5803867
          ],
          [
            130.1866201,
            33.5814371
          ]
        ],
        "calculated_area_m2": 29997.5,
        "perimeter_m": 628.3,
        "bbox": [
          130.185671,
          33.579441,
          130.187444,
          33.581437
        ],
        "polygon_source": "OSM_exact_footprint"
      }
    },
    {
      "type": "Feature",
      "id": "duckdb/391",
      "geometry": {
        "type": "Polygon",
        "coordinates": [
          [
            [
              130.8084825,
              33.9029741
            ],
            [
              130.8084661,
              33.9030285
            ],
            [
              130.8103539,
              33.9034725
            ],
            [
              130.8104,
              33.9034172
            ],
            [
              130.8084825,
              33.9029741
            ]
          ]
        ]
      },
      "properties": {
        "id": "duckdb/391",
        "osm_id": "db_391",
        "osm_type": "duckdb",
        "name": "イオン若松店",
        "name_en": "",
        "lat": 33.903173,
        "lon": 130.809237,
        "brand": "イオン",
        "brand_wikidata": "Q305335",
        "mall_type": "一般イオン",
        "prefecture": "福岡県",
        "city": "北九州市",
        "address": "福岡県北九州市若松区ニ島1-3-1",
        "website": "",
        "opening_hours": "",
        "phone": "",
        "opening_year": "2002年10月26日",
        "area": "商業施設面積：24,990㎡",
        "former_building": "新規開発（日本板硝子若松工場跡地。開業時の核店舗はジャスコ若松店）",
        "demand_and_features": "北九州市若松区の日本板硝子工場跡地に2002年に開発された「イオン若松ショッピングセンター」の核店舗として「ジャスコ若松店」の名で開業。若松区西部および隣接する遠賀郡（芦屋町、岡垣町など）の車社会の住民にとって主力の買い物スポット。周辺の競合店舗が少ないため、食品 or 日用品のまとめ買い需要が高く、地域住民からの信頼は厚い。平日の主婦層から週末のファミリー層まで安定した集客力を誇り、使い勝手の良い地域密着型モールとして支持されている。",
        "source": "aeon_stores.duckdb",
        "priority": 1,
        "building_height_est_m": 12.0,
        "site_area_m2": 15770.1,
        "floor_area_m2": 29569.0,
        "polygon_coordinates": [
          [
            130.8084825,
            33.9029741
          ],
          [
            130.8084661,
            33.9030285
          ],
          [
            130.8103539,
            33.9034725
          ],
          [
            130.8104,
            33.9034172
          ],
          [
            130.8084825,
            33.9029741
          ]
        ],
        "calculated_area_m2": 39963.0,
        "perimeter_m": 377.8,
        "bbox": [
          130.808466,
          33.902974,
          130.8104,
          33.903472
        ],
        "polygon_source": "OSM_exact_footprint"
      }
    },
    {
      "type": "Feature",
      "id": "duckdb/394",
      "geometry": {
        "type": "Polygon",
        "coordinates": [
          [
            [
              130.3481702,
              33.549879
            ],
            [
              130.3480923,
              33.5497079
            ],
            [
              130.3479343,
              33.5493605
            ],
            [
              130.3479126,
              33.5493674
            ],
            [
              130.3478957,
              33.5493517
            ],
            [
              130.3478808,
              33.5493427
            ],
            [
              130.347864,
              33.5493327
            ],
            [
              130.3478484,
              33.5493283
            ],
            [
              130.3478315,
              33.5493238
            ],
            [
              130.3478073,
              33.5493234
            ],
            [
              130.3477851,
              33.549324
            ],
            [
              130.3477616,
              33.5493309
            ],
            [
              130.3477402,
              33.5493417
            ],
            [
              130.3477253,
              33.5493513
            ],
            [
              130.3477113,
              33.549366
            ],
            [
              130.3477014,
              33.5493796
            ],
            [
              130.3476961,
              33.5493915
            ],
            [
              130.3476921,
              33.5494073
            ],
            [
              130.3476882,
              33.5494226
            ],
            [
              130.3476897,
              33.5494394
            ],
            [
              130.3477259,
              33.5495199
            ],
            [
              130.3476863,
              33.5495325
            ],
            [
              130.3477822,
              33.5497443
            ],
            [
              130.3478851,
              33.5499704
            ],
            [
              130.3479061,
              33.5500158
            ],
            [
              130.3479529,
              33.5500006
            ],
            [
              130.3479645,
              33.5500258
            ],
            [
              130.3480251,
              33.5500062
            ],
            [
              130.3480151,
              33.5499846
            ],
            [
              130.3481266,
              33.5499484
            ],
            [
              130.3481395,
              33.5499742
            ],
            [
              130.348207,
              33.5499499
            ],
            [
              130.3481702,
              33.549879
            ]
          ]
        ]
      },
      "properties": {
        "id": "duckdb/394",
        "osm_id": "db_394",
        "osm_type": "duckdb",
        "name": "イオン野芥店",
        "name_en": "",
        "lat": 33.549595,
        "lon": 130.347879,
        "brand": "イオン",
        "brand_wikidata": "Q305335",
        "mall_type": "一般イオン",
        "prefecture": "福岡県",
        "city": "福岡市",
        "address": "福岡県福岡市早良区野芥2-1-6",
        "website": "",
        "opening_hours": "",
        "phone": "",
        "opening_year": "1978年5月",
        "area": "商業施設面積：3,959㎡",
        "former_building": "ユニード野芥店（のちダイエー野芥店）",
        "demand_and_features": "福岡市早良区の南部、地下鉄七隈線「野芥駅」のすぐ近くに位置する長寿店舗。1978年に地場スーパー「ユニード野芥店」として開業し、ダイエーを経て2015年にイオン野芥店となった。2020年には大規模改装を行い、1階食料品売場が「マックスバリュエクスプレス野芥駅前店」となるなど時代の変化に適応。車いすやベビーカーでも移動しやすいコンパクトな平屋風の売場設計は、周辺に長年住み続ける高齢者から駅チカを重宝する通勤客まで、毎日の生活必需品を揃える安心の生活防衛拠点として愛されている。",
        "source": "aeon_stores.duckdb",
        "priority": 1,
        "building_height_est_m": 12.0,
        "site_area_m2": 6009.0,
        "floor_area_m2": 11266.9,
        "polygon_coordinates": [
          [
            130.3481702,
            33.549879
          ],
          [
            130.3480923,
            33.5497079
          ],
          [
            130.3479343,
            33.5493605
          ],
          [
            130.3479126,
            33.5493674
          ],
          [
            130.3478957,
            33.5493517
          ],
          [
            130.3478808,
            33.5493427
          ],
          [
            130.347864,
            33.5493327
          ],
          [
            130.3478484,
            33.5493283
          ],
          [
            130.3478315,
            33.5493238
          ],
          [
            130.3478073,
            33.5493234
          ],
          [
            130.3477851,
            33.549324
          ],
          [
            130.3477616,
            33.5493309
          ],
          [
            130.3477402,
            33.5493417
          ],
          [
            130.3477253,
            33.5493513
          ],
          [
            130.3477113,
            33.549366
          ],
          [
            130.3477014,
            33.5493796
          ],
          [
            130.3476961,
            33.5493915
          ],
          [
            130.3476921,
            33.5494073
          ],
          [
            130.3476882,
            33.5494226
          ],
          [
            130.3476897,
            33.5494394
          ],
          [
            130.3477259,
            33.5495199
          ],
          [
            130.3476863,
            33.5495325
          ],
          [
            130.3477822,
            33.5497443
          ],
          [
            130.3478851,
            33.5499704
          ],
          [
            130.3479061,
            33.5500158
          ],
          [
            130.3479529,
            33.5500006
          ],
          [
            130.3479645,
            33.5500258
          ],
          [
            130.3480251,
            33.5500062
          ],
          [
            130.3480151,
            33.5499846
          ],
          [
            130.3481266,
            33.5499484
          ],
          [
            130.3481395,
            33.5499742
          ],
          [
            130.348207,
            33.5499499
          ],
          [
            130.3481702,
            33.549879
          ]
        ],
        "calculated_area_m2": 6334.9,
        "perimeter_m": 210.7,
        "bbox": [
          130.347686,
          33.549323,
          130.348207,
          33.550026
        ],
        "polygon_source": "OSM_exact_footprint"
      }
    },
    {
      "type": "Feature",
      "id": "way/272012415",
      "geometry": {
        "type": "Polygon",
        "coordinates": [
          [
            [
              130.429182,
              33.031261
            ],
            [
              130.430321,
              33.031357
            ],
            [
              130.430339,
              33.03121
            ],
            [
              130.430429,
              33.03048
            ],
            [
              130.429269,
              33.030379
            ],
            [
              130.429266,
              33.030421
            ],
            [
              130.429068,
              33.030403
            ],
            [
              130.429086,
              33.030239
            ],
            [
              130.428217,
              33.030156
            ],
            [
              130.428207,
              33.030249
            ],
            [
              130.427623,
              33.030195
            ],
            [
              130.427632,
              33.030122
            ],
            [
              130.427081,
              33.030065
            ],
            [
              130.427097,
              33.029912
            ],
            [
              130.426997,
              33.029899
            ],
            [
              130.427038,
              33.029635
            ],
            [
              130.426447,
              33.029583
            ],
            [
              130.426391,
              33.029936
            ],
            [
              130.426379,
              33.030099
            ],
            [
              130.426274,
              33.030091
            ],
            [
              130.426261,
              33.030164
            ],
            [
              130.426159,
              33.030159
            ],
            [
              130.426054,
              33.030179
            ],
            [
              130.426035,
              33.030281
            ],
            [
              130.425884,
              33.03034
            ],
            [
              130.425627,
              33.030314
            ],
            [
              130.425608,
              33.030436
            ],
            [
              130.42542,
              33.030434
            ],
            [
              130.425361,
              33.030973
            ],
            [
              130.426026,
              33.031036
            ],
            [
              130.426038,
              33.031095
            ],
            [
              130.42615,
              33.031077
            ],
            [
              130.426258,
              33.031077
            ],
            [
              130.426354,
              33.031074
            ],
            [
              130.426431,
              33.031064
            ],
            [
              130.426496,
              33.031022
            ],
            [
              130.426552,
              33.030963
            ],
            [
              130.426574,
              33.030921
            ],
            [
              130.426608,
              33.030774
            ],
            [
              130.42705,
              33.030807
            ],
            [
              130.427035,
              33.030898
            ],
            [
              130.427192,
              33.030908
            ],
            [
              130.427196,
              33.030807
            ],
            [
              130.428978,
              33.030966
            ],
            [
              130.428956,
              33.031129
            ],
            [
              130.429197,
              33.031142
            ],
            [
              130.429182,
              33.031261
            ]
          ]
        ]
      },
      "properties": {
        "id": "way/272012415",
        "osm_id": 272012415,
        "osm_type": "way",
        "name": "イオンモール大牟田",
        "name_en": "",
        "lat": 33.03047,
        "lon": 130.427895,
        "brand": "イオン",
        "brand_wikidata": "Q305335",
        "mall_type": "イオンモール",
        "prefecture": "佐賀県",
        "city": "",
        "address": "佐賀県",
        "website": "",
        "opening_hours": "",
        "phone": "",
        "opening_year": "2011年3月18日",
        "area": "商業施設面積：約61,000㎡（イオンモール全体）",
        "former_building": "新規開発（イオンモール大牟田の核店舗として開業）",
        "demand_and_features": "有明海に面した大牟田市の臨海埋立地に開発された「イオンモール大牟田」の核店舗。2011年、かつての石炭の街大牟田の再生・活性化の象徴としてオープンした。大牟田市内のみならず、隣接するみやま市、柳川市、さらには熊本県荒尾市や玉名市など有明海沿岸地域からの車アクセスが非常に良く、広域の車社会の余暇と買い物の中心地。イオンスタイルに近い感覚でワンフロア構成の買いやすい食品・アパレル売場があり、休日は子供連れのファミリーや若者で賑わう。",
        "source": "OpenStreetMap",
        "priority": 2,
        "building_height_est_m": 22.0,
        "site_area_m2": 97600.0,
        "floor_area_m2": 61000.0,
        "polygon_coordinates": [
          [
            130.429182,
            33.031261
          ],
          [
            130.430321,
            33.031357
          ],
          [
            130.430339,
            33.03121
          ],
          [
            130.430429,
            33.03048
          ],
          [
            130.429269,
            33.030379
          ],
          [
            130.429266,
            33.030421
          ],
          [
            130.429068,
            33.030403
          ],
          [
            130.429086,
            33.030239
          ],
          [
            130.428217,
            33.030156
          ],
          [
            130.428207,
            33.030249
          ],
          [
            130.427623,
            33.030195
          ],
          [
            130.427632,
            33.030122
          ],
          [
            130.427081,
            33.030065
          ],
          [
            130.427097,
            33.029912
          ],
          [
            130.426997,
            33.029899
          ],
          [
            130.427038,
            33.029635
          ],
          [
            130.426447,
            33.029583
          ],
          [
            130.426391,
            33.029936
          ],
          [
            130.426379,
            33.030099
          ],
          [
            130.426274,
            33.030091
          ],
          [
            130.426261,
            33.030164
          ],
          [
            130.426159,
            33.030159
          ],
          [
            130.426054,
            33.030179
          ],
          [
            130.426035,
            33.030281
          ],
          [
            130.425884,
            33.03034
          ],
          [
            130.425627,
            33.030314
          ],
          [
            130.425608,
            33.030436
          ],
          [
            130.42542,
            33.030434
          ],
          [
            130.425361,
            33.030973
          ],
          [
            130.426026,
            33.031036
          ],
          [
            130.426038,
            33.031095
          ],
          [
            130.42615,
            33.031077
          ],
          [
            130.426258,
            33.031077
          ],
          [
            130.426354,
            33.031074
          ],
          [
            130.426431,
            33.031064
          ],
          [
            130.426496,
            33.031022
          ],
          [
            130.426552,
            33.030963
          ],
          [
            130.426574,
            33.030921
          ],
          [
            130.426608,
            33.030774
          ],
          [
            130.42705,
            33.030807
          ],
          [
            130.427035,
            33.030898
          ],
          [
            130.427192,
            33.030908
          ],
          [
            130.427196,
            33.030807
          ],
          [
            130.428978,
            33.030966
          ],
          [
            130.428956,
            33.031129
          ],
          [
            130.429197,
            33.031142
          ],
          [
            130.429182,
            33.031261
          ]
        ],
        "calculated_area_m2": 42985.1,
        "perimeter_m": 1352.0,
        "bbox": [
          130.425361,
          33.029583,
          130.430429,
          33.031357
        ],
        "polygon_source": "OSM_exact_footprint"
      }
    },
    {
      "type": "Feature",
      "id": "way/212379465",
      "geometry": {
        "type": "Polygon",
        "coordinates": [
          [
            [
              131.191901,
              33.559724
            ],
            [
              131.192397,
              33.560081
            ],
            [
              131.194005,
              33.558228
            ],
            [
              131.194093,
              33.558249
            ],
            [
              131.194481,
              33.558099
            ],
            [
              131.194752,
              33.557753
            ],
            [
              131.19397,
              33.557213
            ],
            [
              131.193411,
              33.557798
            ],
            [
              131.193507,
              33.557888
            ],
            [
              131.191901,
              33.559724
            ]
          ]
        ]
      },
      "properties": {
        "id": "way/212379465",
        "osm_id": 212379465,
        "osm_type": "way",
        "name": "イオンモール三光",
        "name_en": "",
        "lat": 33.558647,
        "lon": 131.193327,
        "brand": "イオン",
        "brand_wikidata": "Q305335",
        "mall_type": "イオンモール",
        "prefecture": "大分県",
        "city": "",
        "address": "大分県",
        "website": "",
        "opening_hours": "",
        "phone": "",
        "opening_year": "1996年12月7日",
        "area": "敷地面積：約108,000㎡、延床面積：約50,000㎡、総賃貸面積：約42,500㎡",
        "former_building": "ジャスコ三光店",
        "demand_and_features": "1996年12月に「ジャスコ三光店」を核店舗とする「イオン三光ショッピングセンター」として開業し、現在は「イオンモール三光」の核店舗。敷地面積約108,000㎡、延床面積約50,000㎡の規模を誇り、中津市南部に位置している。国道10号線や中津日田道路に近く、広大な駐車場を完備したロードサイド型の広域集客施設。中津市内だけでなく、隣接する宇佐市や福岡県吉富町, 上毛町などからも多くの買い物客が訪れます。直営の生鮮食品や日用品のほか、多彩な専門店やシネコンも併設されており、地域全体の週末レジャーや日常の買い物需要を一手に担っています。",
        "source": "OpenStreetMap",
        "priority": 2,
        "building_height_est_m": 22.0,
        "site_area_m2": 108000.0,
        "floor_area_m2": 50000.0,
        "polygon_coordinates": [
          [
            131.191901,
            33.559724
          ],
          [
            131.192397,
            33.560081
          ],
          [
            131.194005,
            33.558228
          ],
          [
            131.194093,
            33.558249
          ],
          [
            131.194481,
            33.558099
          ],
          [
            131.194752,
            33.557753
          ],
          [
            131.19397,
            33.557213
          ],
          [
            131.193411,
            33.557798
          ],
          [
            131.193507,
            33.557888
          ],
          [
            131.191901,
            33.559724
          ]
        ],
        "calculated_area_m2": 22973.9,
        "perimeter_m": 850.0,
        "bbox": [
          131.191901,
          33.557213,
          131.194752,
          33.560081
        ],
        "polygon_source": "OSM_exact_footprint"
      }
    },
    {
      "type": "Feature",
      "id": "way/609505942",
      "geometry": {
        "type": "Polygon",
        "coordinates": [
          [
            [
              131.07875,
              31.736027
            ],
            [
              131.078552,
              31.7352
            ],
            [
              131.079293,
              31.735062
            ],
            [
              131.079594,
              31.734906
            ],
            [
              131.079949,
              31.734822
            ],
            [
              131.08032,
              31.734772
            ],
            [
              131.080561,
              31.734772
            ],
            [
              131.080621,
              31.73473
            ],
            [
              131.081218,
              31.734625
            ],
            [
              131.081381,
              31.73533
            ],
            [
              131.08109,
              31.73546
            ],
            [
              131.079747,
              31.735683
            ],
            [
              131.079772,
              31.735842
            ],
            [
              131.07875,
              31.736027
            ]
          ]
        ]
      },
      "properties": {
        "id": "way/609505942",
        "osm_id": 609505942,
        "osm_type": "way",
        "name": "イオンモール 都城駅前",
        "name_en": "AEON MALL",
        "lat": 31.735326,
        "lon": 131.079967,
        "brand": "イオンモール",
        "brand_wikidata": "Q11286068",
        "mall_type": "イオンモール",
        "prefecture": "宮崎県",
        "city": "",
        "address": "宮崎県",
        "website": "",
        "opening_hours": "",
        "phone": "",
        "opening_year": "2008年",
        "area": "28,000㎡",
        "former_building": "都城ショッパーズプラザ",
        "demand_and_features": "宮崎県都城市栄町に位置する「イオンモール都城駅前」の核店舗。老朽化した旧「都城ショッパーズプラザ（ダイエー都城店）」を建て替える形で、2008年に「イオンモールMiELL都城駅前」として開業。商業施設面積は約28,000㎡。JR都城駅から徒歩圏内の中心市街地かつ国道沿いという抜群のアクセス性を活かし、都城市内のみならず鹿児島県境を含む広域から集客している。約100店舗の専門店街と一体となり、日常の買い物からアパレル、サービス、週末のレジャー需要までワンストップで満たせる利便性の高い商業拠点として、地域の生活を支えている。",
        "source": "OpenStreetMap",
        "priority": 2,
        "building_height_est_m": 22.0,
        "site_area_m2": 42000.0,
        "floor_area_m2": 28000.0,
        "polygon_coordinates": [
          [
            131.07875,
            31.736027
          ],
          [
            131.078552,
            31.7352
          ],
          [
            131.079293,
            31.735062
          ],
          [
            131.079594,
            31.734906
          ],
          [
            131.079949,
            31.734822
          ],
          [
            131.08032,
            31.734772
          ],
          [
            131.080561,
            31.734772
          ],
          [
            131.080621,
            31.73473
          ],
          [
            131.081218,
            31.734625
          ],
          [
            131.081381,
            31.73533
          ],
          [
            131.08109,
            31.73546
          ],
          [
            131.079747,
            31.735683
          ],
          [
            131.079772,
            31.735842
          ],
          [
            131.07875,
            31.736027
          ]
        ],
        "calculated_area_m2": 23422.4,
        "perimeter_m": 713.4,
        "bbox": [
          131.078552,
          31.734625,
          131.081381,
          31.736027
        ],
        "polygon_source": "OSM_exact_footprint"
      }
    },
    {
      "type": "Feature",
      "id": "way/197921534",
      "geometry": {
        "type": "Polygon",
        "coordinates": [
          [
            [
              131.454328,
              31.922891
            ],
            [
              131.453738,
              31.923018
            ],
            [
              131.453905,
              31.923577
            ],
            [
              131.453951,
              31.923571
            ],
            [
              131.453981,
              31.923636
            ],
            [
              131.454064,
              31.923619
            ],
            [
              131.454202,
              31.924081
            ],
            [
              131.454246,
              31.9241
            ],
            [
              131.455287,
              31.923864
            ],
            [
              131.455326,
              31.923782
            ],
            [
              131.455207,
              31.923408
            ],
            [
              131.455668,
              31.923321
            ],
            [
              131.455724,
              31.923485
            ],
            [
              131.456168,
              31.923391
            ],
            [
              131.456162,
              31.923366
            ],
            [
              131.45637,
              31.923326
            ],
            [
              131.456365,
              31.923306
            ],
            [
              131.456511,
              31.923276
            ],
            [
              131.456827,
              31.923092
            ],
            [
              131.456914,
              31.923009
            ],
            [
              131.456985,
              31.92295
            ],
            [
              131.457114,
              31.922942
            ],
            [
              131.457198,
              31.922972
            ],
            [
              131.457249,
              31.922978
            ],
            [
              131.457327,
              31.922938
            ],
            [
              131.457882,
              31.922321
            ],
            [
              131.457899,
              31.922251
            ],
            [
              131.458247,
              31.921851
            ],
            [
              131.457323,
              31.921257
            ],
            [
              131.457221,
              31.921193
            ],
            [
              131.457114,
              31.921202
            ],
            [
              131.456962,
              31.921365
            ],
            [
              131.456697,
              31.921162
            ],
            [
              131.456409,
              31.921229
            ],
            [
              131.456191,
              31.921461
            ],
            [
              131.455867,
              31.921624
            ],
            [
              131.455634,
              31.921775
            ],
            [
              131.455592,
              31.921732
            ],
            [
              131.455308,
              31.921894
            ],
            [
              131.455338,
              31.921931
            ],
            [
              131.454689,
              31.922285
            ],
            [
              131.454697,
              31.922336
            ],
            [
              131.454197,
              31.922455
            ],
            [
              131.454263,
              31.922673
            ],
            [
              131.454328,
              31.922891
            ]
          ]
        ]
      },
      "properties": {
        "id": "way/197921534",
        "osm_id": 197921534,
        "osm_type": "way",
        "name": "イオンモール宮崎",
        "name_en": "AEON MALL",
        "lat": 31.922631,
        "lon": 131.455992,
        "brand": "イオンモール",
        "brand_wikidata": "Q11286068",
        "mall_type": "イオンモール",
        "prefecture": "宮崎県",
        "city": "",
        "address": "宮崎県",
        "website": "",
        "opening_hours": "",
        "phone": "",
        "opening_year": "2005年",
        "area": "20,130㎡",
        "former_building": "なし",
        "demand_and_features": "宮崎県宮崎市新別府町に位置する「イオンモール宮崎」の核店舗。2005年に「ジャスコ宮崎店」として新規開業。核店舗の店舗面積は約20,130㎡（モール全体の総賃貸面積は約84,000㎡）で、宮崎県内最大かつ九州屈指の規模を誇る超大型商業施設。2018年には増床リニューアルを実施し、ファミリー層向けテナントやアミューズメント施設を大幅に強化した。宮崎市街地東部の新興商業エリアにおいて、県内全域や隣県からの広域集客力を持ち、アパレルやグルメ、エンターテインメントまで多彩なニーズを満たしており、地域経済の活性化や週末のレジャー需要を一手に見受ける中核的存在。",
        "source": "OpenStreetMap",
        "priority": 2,
        "building_height_est_m": 22.0,
        "site_area_m2": 30195.0,
        "floor_area_m2": 20130.0,
        "polygon_coordinates": [
          [
            131.454328,
            31.922891
          ],
          [
            131.453738,
            31.923018
          ],
          [
            131.453905,
            31.923577
          ],
          [
            131.453951,
            31.923571
          ],
          [
            131.453981,
            31.923636
          ],
          [
            131.454064,
            31.923619
          ],
          [
            131.454202,
            31.924081
          ],
          [
            131.454246,
            31.9241
          ],
          [
            131.455287,
            31.923864
          ],
          [
            131.455326,
            31.923782
          ],
          [
            131.455207,
            31.923408
          ],
          [
            131.455668,
            31.923321
          ],
          [
            131.455724,
            31.923485
          ],
          [
            131.456168,
            31.923391
          ],
          [
            131.456162,
            31.923366
          ],
          [
            131.45637,
            31.923326
          ],
          [
            131.456365,
            31.923306
          ],
          [
            131.456511,
            31.923276
          ],
          [
            131.456827,
            31.923092
          ],
          [
            131.456914,
            31.923009
          ],
          [
            131.456985,
            31.92295
          ],
          [
            131.457114,
            31.922942
          ],
          [
            131.457198,
            31.922972
          ],
          [
            131.457249,
            31.922978
          ],
          [
            131.457327,
            31.922938
          ],
          [
            131.457882,
            31.922321
          ],
          [
            131.457899,
            31.922251
          ],
          [
            131.458247,
            31.921851
          ],
          [
            131.457323,
            31.921257
          ],
          [
            131.457221,
            31.921193
          ],
          [
            131.457114,
            31.921202
          ],
          [
            131.456962,
            31.921365
          ],
          [
            131.456697,
            31.921162
          ],
          [
            131.456409,
            31.921229
          ],
          [
            131.456191,
            31.921461
          ],
          [
            131.455867,
            31.921624
          ],
          [
            131.455634,
            31.921775
          ],
          [
            131.455592,
            31.921732
          ],
          [
            131.455308,
            31.921894
          ],
          [
            131.455338,
            31.921931
          ],
          [
            131.454689,
            31.922285
          ],
          [
            131.454697,
            31.922336
          ],
          [
            131.454197,
            31.922455
          ],
          [
            131.454263,
            31.922673
          ],
          [
            131.454328,
            31.922891
          ]
        ],
        "calculated_area_m2": 68869.3,
        "perimeter_m": 1273.5,
        "bbox": [
          131.453738,
          31.921162,
          131.458247,
          31.9241
        ],
        "polygon_source": "OSM_exact_footprint"
      }
    },
    {
      "type": "Feature",
      "id": "way/396524453",
      "geometry": {
        "type": "Polygon",
        "coordinates": [
          [
            [
              127.79288,
              26.314669
            ],
            [
              127.792855,
              26.314843
            ],
            [
              127.792937,
              26.31494
            ],
            [
              127.793016,
              26.315049
            ],
            [
              127.793166,
              26.315271
            ],
            [
              127.793428,
              26.315534
            ],
            [
              127.793685,
              26.316082
            ],
            [
              127.793928,
              26.31621
            ],
            [
              127.794647,
              26.316107
            ],
            [
              127.795108,
              26.316064
            ],
            [
              127.796099,
              26.316052
            ],
            [
              127.796648,
              26.316066
            ],
            [
              127.796637,
              26.316095
            ],
            [
              127.796684,
              26.316096
            ],
            [
              127.797291,
              26.316106
            ],
            [
              127.797923,
              26.316159
            ],
            [
              127.798766,
              26.316149
            ],
            [
              127.798857,
              26.316034
            ],
            [
              127.798192,
              26.313783
            ],
            [
              127.798015,
              26.313428
            ],
            [
              127.797757,
              26.313081
            ],
            [
              127.796598,
              26.311865
            ],
            [
              127.796475,
              26.311865
            ],
            [
              127.795096,
              26.313134
            ],
            [
              127.794828,
              26.31332
            ],
            [
              127.79288,
              26.314669
            ]
          ]
        ]
      },
      "properties": {
        "id": "way/396524453",
        "osm_id": 396524453,
        "osm_type": "way",
        "name": "イオンモール沖縄ライカム",
        "name_en": "AEON MALL Okinawa RYCOM",
        "lat": 26.314038,
        "lon": 127.795856,
        "brand": "イオン",
        "brand_wikidata": "Q305335",
        "mall_type": "イオンモール",
        "prefecture": "沖縄県",
        "city": "",
        "address": "沖縄県",
        "website": "",
        "opening_hours": "",
        "phone": "",
        "opening_year": "",
        "area": "",
        "former_building": "",
        "demand_and_features": "",
        "source": "OpenStreetMap",
        "priority": 2,
        "building_height_est_m": 22.0,
        "site_area_m2": 176823.2,
        "floor_area_m2": 97252.8,
        "polygon_coordinates": [
          [
            127.79288,
            26.314669
          ],
          [
            127.792855,
            26.314843
          ],
          [
            127.792937,
            26.31494
          ],
          [
            127.793016,
            26.315049
          ],
          [
            127.793166,
            26.315271
          ],
          [
            127.793428,
            26.315534
          ],
          [
            127.793685,
            26.316082
          ],
          [
            127.793928,
            26.31621
          ],
          [
            127.794647,
            26.316107
          ],
          [
            127.795108,
            26.316064
          ],
          [
            127.796099,
            26.316052
          ],
          [
            127.796648,
            26.316066
          ],
          [
            127.796637,
            26.316095
          ],
          [
            127.796684,
            26.316096
          ],
          [
            127.797291,
            26.316106
          ],
          [
            127.797923,
            26.316159
          ],
          [
            127.798766,
            26.316149
          ],
          [
            127.798857,
            26.316034
          ],
          [
            127.798192,
            26.313783
          ],
          [
            127.798015,
            26.313428
          ],
          [
            127.797757,
            26.313081
          ],
          [
            127.796598,
            26.311865
          ],
          [
            127.796475,
            26.311865
          ],
          [
            127.795096,
            26.313134
          ],
          [
            127.794828,
            26.31332
          ],
          [
            127.79288,
            26.314669
          ]
        ],
        "calculated_area_m2": 176823.2,
        "perimeter_m": 1725.1,
        "bbox": [
          127.792855,
          26.311865,
          127.798857,
          26.31621
        ],
        "polygon_source": "OSM_exact_footprint"
      }
    }
  ]
}